[2026-06-25 19:13:28] Committing changes...
[2026-06-25 19:13:50] [main dd7194daa6] Auto-commit: 2026-06-25 19:13:46
[2026-06-25 19:13:50]  240910 files changed, 4552482 deletions(-)
[2026-06-25 19:13:50]  delete mode 100644 .github/CODEOWNERS
[2026-06-25 19:13:50]  delete mode 100644 .github/ISSUE_TEMPLATE/bug_report.md
[2026-06-25 19:13:50]  delete mode 100644 .github/ISSUE_TEMPLATE/feature_request.md
[2026-06-25 19:13:50]  delete mode 100644 .github/PULL_REQUEST_TEMPLATE.md
[2026-06-25 19:13:50]  delete mode 100644 .github/dependabot.yml
[2026-06-25 19:13:50]  delete mode 100644 .github/workflows/ci.yml
[2026-06-25 19:13:50]  delete mode 100644 .obsidian/app.json
[2026-06-25 19:13:50]  delete mode 100644 .obsidian/appearance.json
[2026-06-25 19:13:50]  delete mode 100644 .obsidian/community-plugins.json
[2026-06-25 19:13:50]  delete mode 100644 .obsidian/core-plugins-migration.json
[2026-06-25 19:13:50]  delete mode 100644 .obsidian/core-plugins.json
[2026-06-25 19:13:50]  delete mode 100644 .obsidian/graph.json
[2026-06-25 19:13:50]  delete mode 100644 .obsidian/hotkeys.json
[2026-06-25 19:13:50]  delete mode 100644 .obsidian/plugins/3d-graph/data.json
[2026-06-25 19:13:50]  delete mode 100644 .obsidian/plugins/extended-graph/data.json
[2026-06-25 19:13:50]  delete mode 100644 .obsidian/plugins/obsidian-excalidraw-plugin/data.json
[2026-06-25 19:13:50]  delete mode 100644 .obsidian/plugins/obsidian-git/data.json
[2026-06-25 19:13:50]  delete mode 100644 .obsidian/plugins/obsidian-mirror-graph/esbuild.config.mjs
[2026-06-25 19:13:50]  delete mode 100644 .obsidian/plugins/obsidian-mirror-graph/main.js
[2026-06-25 19:13:50]  delete mode 100644 .obsidian/plugins/obsidian-mirror-graph/manifest.json
[2026-06-25 19:13:50]  delete mode 100644 .obsidian/plugins/obsidian-mirror-graph/package-lock.json
[2026-06-25 19:13:50]  delete mode 100644 .obsidian/plugins/obsidian-mirror-graph/package.json
[2026-06-25 19:13:50]  delete mode 100644 .obsidian/plugins/obsidian-mirror-graph/src/main.ts
[2026-06-25 19:13:50]  delete mode 100644 .obsidian/plugins/obsidian-mirror-graph/src/mirror-service.ts
[2026-06-25 19:13:50]  delete mode 100644 .obsidian/plugins/obsidian-mirror-graph/src/settings.ts
[2026-06-25 19:13:50]  delete mode 100644 .obsidian/plugins/obsidian-mirror-graph/src/types.ts
[2026-06-25 19:13:50]  delete mode 100644 .obsidian/plugins/obsidian-mirror-graph/styles.css
[2026-06-25 19:13:50]  delete mode 100644 .obsidian/plugins/obsidian-mirror-graph/tsconfig.json
[2026-06-25 19:13:50]  delete mode 100644 .obsidian/plugins/obsidian-mirror-graph/version-bump.mjs
[2026-06-25 19:13:50]  delete mode 100644 .obsidian/plugins/obsidian-mirror-graph/versions.json
[2026-06-25 19:13:50]  delete mode 100644 .obsidian/plugins/obsidian42-brat/brat-migrations.json
[2026-06-25 19:13:50]  delete mode 100644 .obsidian/plugins/obsidian42-brat/data.json
[2026-06-25 19:13:50]  delete mode 100644 .obsidian/plugins/zettelflow/data.json
[2026-06-25 19:13:50]  delete mode 100644 .obsidian/templates.json
[2026-06-25 19:13:50]  delete mode 100644 .obsidian/workspace.json
[2026-06-25 19:13:50]  delete mode 100644 Life/Algoritm/.md
[2026-06-25 19:13:50]  delete mode 100644 Life/Algoritm/.obsidian/app.json
[2026-06-25 19:13:50]  delete mode 100644 Life/Algoritm/.obsidian/appearance.json
[2026-06-25 19:13:50]  delete mode 100644 Life/Algoritm/.obsidian/community-plugins.json
[2026-06-25 19:13:50]  delete mode 100644 Life/Algoritm/.obsidian/core-plugins-migration.json
[2026-06-25 19:13:50]  delete mode 100644 Life/Algoritm/.obsidian/core-plugins.json
[2026-06-25 19:13:50]  delete mode 100644 Life/Algoritm/.obsidian/daily-notes.json
[2026-06-25 19:13:50]  delete mode 100644 Life/Algoritm/.obsidian/graph.json
[2026-06-25 19:13:50]  delete mode 100644 Life/Algoritm/.obsidian/hotkeys.json
[2026-06-25 19:13:50]  delete mode 100644 Life/Algoritm/.obsidian/plugins/3d-graph/data.json
[2026-06-25 19:13:50]  delete mode 100644 Life/Algoritm/.obsidian/plugins/3d-graph/main.js
[2026-06-25 19:13:50]  delete mode 100644 Life/Algoritm/.obsidian/plugins/3d-graph/manifest.json
[2026-06-25 19:13:50]  delete mode 100644 Life/Algoritm/.obsidian/plugins/3d-graph/styles.css
[2026-06-25 19:13:50]  delete mode 100644 Life/Algoritm/.obsidian/plugins/cm-chs-patch/main.js
[2026-06-25 19:13:50]  delete mode 100644 Life/Algoritm/.obsidian/plugins/cm-chs-patch/manifest.json
[2026-06-25 19:13:50]  delete mode 100644 Life/Algoritm/.obsidian/plugins/dataview/main.js
[2026-06-25 19:13:50]  delete mode 100644 Life/Algoritm/.obsidian/plugins/dataview/manifest.json
[2026-06-25 19:13:50]  delete mode 100644 Life/Algoritm/.obsidian/plugins/dataview/styles.css
[2026-06-25 19:13:50]  delete mode 100644 Life/Algoritm/.obsidian/plugins/discord-send-active-note/main.js
[2026-06-25 19:13:50]  delete mode 100644 Life/Algoritm/.obsidian/plugins/discord-send-active-note/manifest.json
[2026-06-25 19:13:50]  delete mode 100644 Life/Algoritm/.obsidian/plugins/edit-in-neovim/main.js
[2026-06-25 19:13:50]  delete mode 100644 Life/Algoritm/.obsidian/plugins/edit-in-neovim/manifest.json
[2026-06-25 19:13:50]  delete mode 100644 Life/Algoritm/.obsidian/plugins/excalibrain/main.js
[2026-06-25 19:13:50]  delete mode 100644 Life/Algoritm/.obsidian/plugins/excalibrain/manifest.json
[2026-06-25 19:13:50]  delete mode 100644 Life/Algoritm/.obsidian/plugins/excalibrain/styles.css
[2026-06-25 19:13:50]  delete mode 100644 Life/Algoritm/.obsidian/plugins/extended-graph/data.json
[2026-06-25 19:13:50]  delete mode 100644 Life/Algoritm/.obsidian/plugins/extended-graph/main.js
[2026-06-25 19:13:50]  delete mode 100644 Life/Algoritm/.obsidian/plugins/extended-graph/manifest.json
[2026-06-25 19:13:50]  delete mode 100644 Life/Algoritm/.obsidian/plugins/extended-graph/styles.css
[2026-06-25 19:13:50]  delete mode 100644 Life/Algoritm/.obsidian/plugins/juggl/graph.css
[2026-06-25 19:13:50]  delete mode 100644 Life/Algoritm/.obsidian/plugins/juggl/main.js
[2026-06-25 19:13:50]  delete mode 100644 Life/Algoritm/.obsidian/plugins/juggl/manifest.json
[2026-06-25 19:13:50]  delete mode 100644 Life/Algoritm/.obsidian/plugins/juggl/styles.css
[2026-06-25 19:13:50]  delete mode 100644 Life/Algoritm/.obsidian/plugins/live-graph/core.js
[2026-06-25 19:13:50]  delete mode 100644 Life/Algoritm/.obsidian/plugins/live-graph/main.js
[2026-06-25 19:13:50]  delete mode 100644 Life/Algoritm/.obsidian/plugins/live-graph/manifest.json
[2026-06-25 19:13:50]  delete mode 100644 Life/Algoritm/.obsidian/plugins/live-graph/styles.css
[2026-06-25 19:13:50]  delete mode 100644 Life/Algoritm/.obsidian/plugins/mermaid-tools/main.js
[2026-06-25 19:13:50]  delete mode 100644 Life/Algoritm/.obsidian/plugins/mermaid-tools/manifest.json
[2026-06-25 19:13:50]  delete mode 100644 Life/Algoritm/.obsidian/plugins/mermaid-tools/styles.css
[2026-06-25 19:13:50]  delete mode 100644 Life/Algoritm/.obsidian/plugins/mini-vimrc/main.js
[2026-06-25 19:13:50]  delete mode 100644 Life/Algoritm/.obsidian/plugins/mini-vimrc/manifest.json
[2026-06-25 19:13:50]  delete mode 100644 Life/Algoritm/.obsidian/plugins/obsidian-excalidraw-plugin/data.json
[2026-06-25 19:13:50]  delete mode 100644 Life/Algoritm/.obsidian/plugins/obsidian-excalidraw-plugin/main.js
[2026-06-25 19:13:50]  delete mode 100644 Life/Algoritm/.obsidian/plugins/obsidian-excalidraw-plugin/manifest.json
[2026-06-25 19:13:50]  delete mode 100644 Life/Algoritm/.obsidian/plugins/obsidian-excalidraw-plugin/styles.css
[2026-06-25 19:13:50]  delete mode 100644 Life/Algoritm/.obsidian/plugins/obsidian-git/data.json
[2026-06-25 19:13:50]  delete mode 100644 Life/Algoritm/.obsidian/plugins/obsidian-git/main.js
[2026-06-25 19:13:50]  delete mode 100644 Life/Algoritm/.obsidian/plugins/obsidian-git/manifest.json
[2026-06-25 19:13:50]  delete mode 100644 Life/Algoritm/.obsidian/plugins/obsidian-git/obsidian_askpass.sh
[2026-06-25 19:13:50]  delete mode 100644 Life/Algoritm/.obsidian/plugins/obsidian-git/styles.css
[2026-06-25 19:13:50]  delete mode 100644 Life/Algoritm/.obsidian/plugins/obsidian-state-switcher/main.js
[2026-06-25 19:13:50]  delete mode 100644 Life/Algoritm/.obsidian/plugins/obsidian-state-switcher/manifest.json
[2026-06-25 19:13:50]  delete mode 100644 Life/Algoritm/.obsidian/plugins/obsidian-state-switcher/styles.css
[2026-06-25 19:13:50]  delete mode 100644 Life/Algoritm/.obsidian/plugins/obsidian-view-mode-by-frontmatter/main.js
[2026-06-25 19:13:50]  delete mode 100644 Life/Algoritm/.obsidian/plugins/obsidian-view-mode-by-frontmatter/manifest.json
[2026-06-25 19:13:50]  delete mode 100644 Life/Algoritm/.obsidian/plugins/obsidian42-brat/brat-migrations.json
[2026-06-25 19:13:50]  delete mode 100644 Life/Algoritm/.obsidian/plugins/obsidian42-brat/data.json
[2026-06-25 19:13:50]  delete mode 100644 Life/Algoritm/.obsidian/plugins/obsidian42-brat/main.js
[2026-06-25 19:13:50]  delete mode 100644 Life/Algoritm/.obsidian/plugins/obsidian42-brat/manifest.json
[2026-06-25 19:13:50]  delete mode 100644 Life/Algoritm/.obsidian/plugins/obsidian42-brat/styles.css
[2026-06-25 19:13:50]  delete mode 100644 Life/Algoritm/.obsidian/plugins/vim-im-select/main.js
[2026-06-25 19:13:50]  delete mode 100644 Life/Algoritm/.obsidian/plugins/vim-im-select/manifest.json
[2026-06-25 19:13:50]  delete mode 100644 Life/Algoritm/.obsidian/plugins/zettelflow/data.json
[2026-06-25 19:13:50]  delete mode 100644 Life/Algoritm/.obsidian/plugins/zettelflow/main.js
[2026-06-25 19:13:50]  delete mode 100644 Life/Algoritm/.obsidian/plugins/zettelflow/manifest.json
[2026-06-25 19:13:50]  delete mode 100644 Life/Algoritm/.obsidian/plugins/zettelflow/styles.css
[2026-06-25 19:13:50]  delete mode 100644 Life/Algoritm/.obsidian/templates.json
[2026-06-25 19:13:50]  delete mode 100644 Life/Algoritm/.obsidian/workspace.json
[2026-06-25 19:13:50]  delete mode 100644 "Life/Algoritm/0 Indox/1 \320\241\320\261\320\276\321\200 \321\202\321\200\320\265\320\261\320\276\320\262\320\260\320\275\320\270\320\271.md"
[2026-06-25 19:13:50]  delete mode 100644 "Life/Algoritm/0 Indox/2 \320\234\320\276\320\264\320\265\320\273\320\270 \320\264\320\260\320\275\320\275\321\213\321\205 \320\270 \320\220\320\237\320\230.md"
[2026-06-25 19:13:50]  delete mode 100644 "Life/Algoritm/0 Indox/3 \320\240\320\270\321\201\320\276\320\262\320\260\320\275\320\270\320\265 \320\272\321\203\320\261\320\270\320\272\320\276\320\262.md"
[2026-06-25 19:13:50]  delete mode 100644 "Life/Algoritm/0 Indox/4 \320\222\321\213\320\261\320\276\321\200 \321\202\320\265\321\205\320\275\320\276\320\273\320\276\320\263\320\270\320\271.md"
[2026-06-25 19:13:50]  delete mode 100644 Life/Algoritm/0 Indox/ACID.md
[2026-06-25 19:13:50]  delete mode 100644 Life/Algoritm/0 Indox/Agent Harness.md
[2026-06-25 19:13:50]  delete mode 100644 Life/Algoritm/0 Indox/Arraylet.md
[2026-06-25 19:13:50]  delete mode 100644 Life/Algoritm/0 Indox/Atomity.md
[2026-06-25 19:13:50]  delete mode 100644 Life/Algoritm/0 Indox/Becend.md
[2026-06-25 19:13:50]  delete mode 100644 Life/Algoritm/0 Indox/Bit Manipulation.md
[2026-06-25 19:13:50]  delete mode 100644 Life/Algoritm/0 Indox/Brouzer.md
[2026-06-25 19:13:50]  delete mode 100644 Life/Algoritm/0 Indox/CLI.md
[2026-06-25 19:13:50]  delete mode 100644 Life/Algoritm/0 Indox/Chaining.md
[2026-06-25 19:13:50]  delete mode 100644 Life/Algoritm/0 Indox/Cmd.md
[2026-06-25 19:13:50]  delete mode 100644 "Life/Algoritm/0 Indox/Delta \320\220\320\273\320\270\320\263\320\276\321\200\320\270\321\217.md"
[2026-06-25 19:13:50]  delete mode 100644 Life/Algoritm/0 Indox/Delta.md
[2026-06-25 19:13:50]  delete mode 100644 Life/Algoritm/0 Indox/Dependecy inversion.md
[2026-06-25 19:13:50]  delete mode 100644 Life/Algoritm/0 Indox/DevOps.md
[2026-06-25 19:13:50]  delete mode 100644 Life/Algoritm/0 Indox/Docker Container.md
[2026-06-25 19:13:50]  delete mode 100644 Life/Algoritm/0 Indox/Docker Image.md
[2026-06-25 19:13:50]  delete mode 100644 Life/Algoritm/0 Indox/Drawing 2026-05-18 23.26.42.excalidraw.md
[2026-06-25 19:13:50]  delete mode 100644 Life/Algoritm/0 Indox/Drawing 2026-05-18 23.26.42_2.excalidraw.md
[2026-06-25 19:13:50]  delete mode 100644 Life/Algoritm/0 Indox/Durability.md
[2026-06-25 19:13:50]  delete mode 100644 Life/Algoritm/0 Indox/EX4.md
[2026-06-25 19:13:50]  delete mode 100644 Life/Algoritm/0 Indox/Error.md
[2026-06-25 19:13:50]  delete mode 100644 Life/Algoritm/0 Indox/GUI.md
[2026-06-25 19:13:50]  delete mode 100644 Life/Algoritm/0 Indox/Git.md
[2026-06-25 19:13:50]  delete mode 100644 Life/Algoritm/0 Indox/GolangIDE.md
[2026-06-25 19:13:50]  delete mode 100644 Life/Algoritm/0 Indox/Graph.md
[2026-06-25 19:13:50]  delete mode 100644 Life/Algoritm/0 Indox/HyperSQL.md
[2026-06-25 19:13:50]  delete mode 100644 Life/Algoritm/0 Indox/INODE.md
[2026-06-25 19:13:50]  delete mode 100644 Life/Algoritm/0 Indox/Ilotation.md
[2026-06-25 19:13:50]  delete mode 100644 Life/Algoritm/0 Indox/Interface segrefation.md
[2026-06-25 19:13:50]  delete mode 100644 Life/Algoritm/0 Indox/LVM.md
[2026-06-25 19:13:50]  delete mode 100644 Life/Algoritm/0 Indox/Normal Mode.md
[2026-06-25 19:13:50]  delete mode 100644 Life/Algoritm/0 Indox/Oracle.md
[2026-06-25 19:13:50]  delete mode 100644 Life/Algoritm/0 Indox/RAID 1.md
[2026-06-25 19:13:50]  delete mode 100644 Life/Algoritm/0 Indox/RAID 10.md
[2026-06-25 19:13:50]  delete mode 100644 Life/Algoritm/0 Indox/Raid 0.md
[2026-06-25 19:13:50]  delete mode 100644 Life/Algoritm/0 Indox/Raid 5.md
[2026-06-25 19:13:50]  delete mode 100644 Life/Algoritm/0 Indox/Read Array.md
[2026-06-25 19:13:50]  delete mode 100644 Life/Algoritm/0 Indox/Redis.md
[2026-06-25 19:13:50]  delete mode 100644 Life/Algoritm/0 Indox/SQL Server.md
[2026-06-25 19:13:50]  delete mode 100644 Life/Algoritm/0 Indox/SQLIte.md
[2026-06-25 19:13:50]  delete mode 100644 Life/Algoritm/0 Indox/Seach.md
[2026-06-25 19:13:50]  delete mode 100644 Life/Algoritm/0 Indox/Storag.md
[2026-06-25 19:13:50]  delete mode 100644 Life/Algoritm/0 Indox/TMPFS.md
[2026-06-25 19:13:50]  delete mode 100644 Life/Algoritm/0 Indox/Tarantul.md
[2026-06-25 19:13:50]  delete mode 100644 Life/Algoritm/0 Indox/Tmux.md
[2026-06-25 19:13:50]  delete mode 100644 Life/Algoritm/0 Indox/Ubuntu.md
[2026-06-25 19:13:50]  delete mode 100644 Life/Algoritm/0 Indox/Zettel Castem.md
[2026-06-25 19:13:50]  delete mode 100644 Life/Algoritm/0 Indox/cloudflare.md
[2026-06-25 19:13:50]  delete mode 100644 Life/Algoritm/0 Indox/proc.md
[2026-06-25 19:13:50]  delete mode 100644 Life/Algoritm/0 Indox/rest.md
[2026-06-25 19:13:50]  delete mode 100644 Life/Algoritm/0 Indox/systemd.md
[2026-06-25 19:13:50]  delete mode 100644 Life/Algoritm/0 Indox/usernames.md
[2026-06-25 19:13:50]  delete mode 100644 Life/Algoritm/0 Indox/vim.md
[2026-06-25 19:13:50]  delete mode 100644 "Life/Algoritm/0 Indox/\320\220\320\262\321\202\320\276\321\200 \320\256\321\200\320\270\320\271 \320\233\320\265\320\262\320\270\321\202\320\260\320\275\321\201\320\272\320\270\320\271.md"
[2026-06-25 19:13:50]  delete mode 100644 "Life/Algoritm/0 Indox/\320\220\320\273\320\263\320\276\321\200\320\270\321\202\320\274 \320\275\320\260\320\277\320\270\321\201\320\260\320\275\320\270\321\217 \320\273\321\216\320\264\321\217\320\274.canvas"
[2026-06-25 19:13:50]  delete mode 100644 "Life/Algoritm/0 Indox/\320\220\320\275\320\276\320\275\320\270\320\274\320\275\320\276\321\201\321\202\321\214.md"
[2026-06-25 19:13:50]  delete mode 100644 "Life/Algoritm/0 Indox/\320\220\321\207\320\270\320\262\320\272\320\270.md"
[2026-06-25 19:13:50]  delete mode 100644 "Life/Algoritm/0 Indox/\320\221\320\260\320\267\320\260 \320\264\320\260\320\275\320\275\321\213\321\205.md"
[2026-06-25 19:13:50]  delete mode 100644 "Life/Algoritm/0 Indox/\320\221\320\260\320\267\321\213 \320\264\320\260\320\275\320\275\321\213\321\205.md"
[2026-06-25 19:13:50]  delete mode 100644 "Life/Algoritm/0 Indox/\320\221\320\270\320\277\320\273\320\260\320\275\320\260\321\200\320\275\320\276\321\201\321\202\321\214.md"
[2026-06-25 19:13:50]  delete mode 100644 "Life/Algoritm/0 Indox/\320\222\320\260\320\273\321\216\321\202\320\275\320\260\321\217 \321\203\320\264\320\260\320\273\320\265\320\275\320\272\320\260.md"
[2026-06-25 19:13:50]  delete mode 100644 "Life/Algoritm/0 Indox/\320\222\320\265\321\207\320\275\320\276 \320\267\320\265\320\273\320\265\320\275\321\213\320\265 \320\267\320\260\320\274\320\265\321\202\320\272\320\270.md"
[2026-06-25 19:13:50]  delete mode 100644 "Life/Algoritm/0 Indox/\320\223\320\260\320\271\320\264\321\213 \320\275\320\260 \320\226\320\270\320\267\320\275\321\214.md"
[2026-06-25 19:13:50]  delete mode 100644 "Life/Algoritm/0 Indox/\320\224\321\213\321\205\320\260\321\202\320\265\320\273\321\214\320\275\321\213\320\265 \320\277\321\200\320\260\320\272\321\202\320\270\320\272\320\270.md"
[2026-06-25 19:13:50]  delete mode 100644 "Life/Algoritm/0 Indox/\320\230\320\275\320\264\320\265\320\272\321\201\321\213 \320\270 \321\202\321\200\320\260\320\275\320\267\320\260\320\272\321\206\320\270\320\270.md"
[2026-06-25 19:13:50]  delete mode 100644 "Life/Algoritm/0 Indox/\320\232\320\260\320\272 \320\277\320\273\320\260\320\275\320\270\321\200\320\276\320\262\320\260\321\202\321\214.md"
[2026-06-25 19:13:50]  delete mode 100644 "Life/Algoritm/0 Indox/\320\232\320\273\320\260\321\201\321\202\320\265\321\200\321\213.md"
[2026-06-25 19:13:50]  delete mode 100644 "Life/Algoritm/0 Indox/\320\232\320\275\320\270\320\263\320\260 \320\270 \321\201\321\202\321\200\320\260\320\275\320\270\321\206\321\213.md"
[2026-06-25 19:13:50]  delete mode 100644 "Life/Algoritm/0 Indox/\320\232\320\275\320\270\320\263\320\270.md"
[2026-06-25 19:13:50]  delete mode 100644 "Life/Algoritm/0 Indox/\320\232\321\203\321\200\321\201 \320\274\320\276\320\273\320\276\320\264\320\276\320\263\320\276 \320\261\320\276\320\271\321\206\320\260.md"
[2026-06-25 19:13:50]  delete mode 100644 "Life/Algoritm/0 Indox/\320\234\320\265\320\264\320\270\321\202\320\260\321\206\320\270\320\270.md"
[2026-06-25 19:13:50]  delete mode 100644 "Life/Algoritm/0 Indox/\320\234\320\265\320\266\321\201\320\265\320\262\320\265\321\201\321\202\320\275\320\276\320\265 \320\262\320\267\320\260\320\270\320\274\320\276\320\264\320\265\320\271\321\201\321\202\320\262\320\270\320\265.md"
[2026-06-25 19:13:50]  delete mode 100644 "Life/Algoritm/0 Indox/\320\234\320\275\320\276\320\263\320\276\320\277\320\276\321\202\320\276\321\207\320\272\320\260 Java.md"
[2026-06-25 19:13:50]  delete mode 100644 "Life/Algoritm/0 Indox/\320\234\320\275\320\276\320\263\320\276\320\277\320\276\321\207\320\275\320\276\321\201\321\202\321\214.md"
[2026-06-25 19:13:50]  delete mode 100644 "Life/Algoritm/0 Indox/\320\234\320\276\320\275\320\270\321\202\320\276\321\200\320\270\320\275\320\263 \321\200\320\265\321\201\321\203\321\200\321\201\320\276\320\262.md"
[2026-06-25 19:13:50]  delete mode 100644 "Life/Algoritm/0 Indox/\320\234\321\203\320\273\321\214\321\202\320\270 \320\220\320\263\320\265\320\275\321\202\320\275\320\260\321\217 \321\200\320\260\320\267\321\200\320\260\320\261\320\276\321\202\320\272\320\260.md"
[2026-06-25 19:13:50]  delete mode 100644 "Life/Algoritm/0 Indox/\320\235\320\265\320\271\321\200\320\276\320\275\320\272\320\270.md"
[2026-06-25 19:13:50]  delete mode 100644 "Life/Algoritm/0 Indox/\320\235\320\265\321\200\320\265\320\263\321\203\320\273\321\217\321\200\320\275\320\276\321\201\321\202\321\214 \321\201\320\275\320\260.md"
[2026-06-25 19:13:50]  delete mode 100644 "Life/Algoritm/0 Indox/\320\235\320\270\320\272\320\276\320\263\320\264\320\260 \320\275\320\265 \320\265\321\210 \320\262 \320\276\320\264\320\270\320\275\320\276\321\207\320\272\321\203.md"
[2026-06-25 19:13:50]  delete mode 100644 "Life/Algoritm/0 Indox/\320\236\320\261\321\203\321\207\320\265\320\275\320\270\320\265.md"
[2026-06-25 19:13:50]  delete mode 100644 "Life/Algoritm/0 Indox/\320\236\320\261\321\212\320\265\320\272\321\202\320\275\321\213\320\271.md"
[2026-06-25 19:13:50]  delete mode 100644 "Life/Algoritm/0 Indox/\320\236\320\264\320\270\320\275 \320\272\320\276 \320\274\320\275\320\276\320\263\320\270\320\274.md"
[2026-06-25 19:13:50]  delete mode 100644 "Life/Algoritm/0 Indox/\320\236\320\266\320\270\320\264\320\260\320\275\320\270\321\217 \320\223\320\220.md"
[2026-06-25 19:13:50]  delete mode 100644 "Life/Algoritm/0 Indox/\320\236\320\277\320\265\321\200\320\260\321\202\320\276\321\200\321\213 \320\276\320\261\321\200\320\260\320\261\320\276\321\202\320\272\320\270 \320\270\321\201\320\272\320\273\321\216\321\207\320\265\320\275\320\270\320\271.md"
[2026-06-25 19:13:50]  delete mode 100644 "Life/Algoritm/0 Indox/\320\237\320\260\320\272\320\265\321\202\321\213.md"
[2026-06-25 19:13:50]  delete mode 100644 "Life/Algoritm/0 Indox/\320\237\320\260\320\274\321\217\321\202\321\214 Lunux.md"
[2026-06-25 19:13:50]  delete mode 100644 "Life/Algoritm/0 Indox/\320\237\320\260\320\274\321\217\321\202\321\214.md"
[2026-06-25 19:13:50]  delete mode 100644 "Life/Algoritm/0 Indox/\320\237\320\276\320\264\320\272\320\273\321\216\321\207\320\265\320\275\320\270\320\265 BD.md"
[2026-06-25 19:13:50]  delete mode 100644 "Life/Algoritm/0 Indox/\320\237\321\200\320\276\320\272\321\201\320\270-\320\241\320\265\321\200\320\262\320\265\321\200.md"
[2026-06-25 19:13:50]  delete mode 100644 "Life/Algoritm/0 Indox/\320\237\321\200\320\276\321\201\321\202\321\213\320\265 \320\276\320\261\321\201\321\203\320\266\320\264\320\265\320\275\320\270\321\217.md"
[2026-06-25 19:13:50]  delete mode 100644 "Life/Algoritm/0 Indox/\320\237\321\200\320\276\321\206\320\265\321\201\321\201 \321\201\320\270\321\200\320\276\321\202\320\260.md"
[2026-06-25 19:13:50]  delete mode 100644 "Life/Algoritm/0 Indox/\320\237\321\200\320\276\321\206\320\265\321\201\321\213.md"
[2026-06-25 19:13:50]  delete mode 100644 "Life/Algoritm/0 Indox/\320\240\320\260\320\267\320\276\320\261\321\200\320\260\321\202\321\214/Docker Container.md"
[2026-06-25 19:13:50]  delete mode 100644 "Life/Algoritm/0 Indox/\320\240\320\260\320\267\320\276\320\261\321\200\320\260\321\202\321\214/Docker Image.md"
[2026-06-25 19:13:50]  delete mode 100644 "Life/Algoritm/0 Indox/\320\240\320\260\320\267\320\276\320\261\321\200\320\260\321\202\321\214/Docker.md"
[2026-06-25 19:13:50]  delete mode 100644 "Life/Algoritm/0 Indox/\320\240\320\260\320\267\320\276\320\261\321\200\320\260\321\202\321\214/HyperSQL.md"
[2026-06-25 19:13:50]  delete mode 100644 "Life/Algoritm/0 Indox/\320\240\320\260\320\267\320\276\320\261\321\200\320\260\321\202\321\214/Oracle.md"
[2026-06-25 19:13:50]  delete mode 100644 "Life/Algoritm/0 Indox/\320\240\320\260\320\267\320\276\320\261\321\200\320\260\321\202\321\214/SQL Server.md"
[2026-06-25 19:13:50]  delete mode 100644 "Life/Algoritm/0 Indox/\320\240\320\260\320\267\320\276\320\261\321\200\320\260\321\202\321\214/SQLIte.md"
[2026-06-25 19:13:50]  delete mode 100644 "Life/Algoritm/0 Indox/\320\240\320\260\320\267\320\276\320\261\321\200\320\260\321\202\321\214/Seach.md"
[2026-06-25 19:13:50]  delete mode 100644 "Life/Algoritm/0 Indox/\320\240\320\260\320\267\320\276\320\261\321\200\320\260\321\202\321\214/Storag.md"
[2026-06-25 19:13:50]  delete mode 100644 "Life/Algoritm/0 Indox/\320\240\320\260\320\267\320\276\320\261\321\200\320\260\321\202\321\214/Tarantul.md"
[2026-06-25 19:13:50]  delete mode 100644 "Life/Algoritm/0 Indox/\320\240\320\260\320\267\320\276\320\261\321\200\320\260\321\202\321\214/rest.md"
[2026-06-25 19:13:50]  delete mode 100644 "Life/Algoritm/0 Indox/\320\240\320\260\320\267\320\276\320\261\321\200\320\260\321\202\321\214/\320\221\320\260\320\267\321\213 \320\264\320\260\320\275\320\275\321\213\321\205.md"
[2026-06-25 19:13:50]  delete mode 100644 "Life/Algoritm/0 Indox/\320\240\320\265\321\210\320\265\320\275\320\270\321\217.md"
[2026-06-25 19:13:50]  delete mode 100644 "Life/Algoritm/0 Indox/\320\241.md"
[2026-06-25 19:13:50]  delete mode 100644 "Life/Algoritm/0 Indox/\320\241\320\265\321\202\320\270.md"
[2026-06-25 19:13:50]  delete mode 100644 "Life/Algoritm/0 Indox/\320\241\320\270\320\275\321\205\321\200\320\276\320\275\320\275\320\276\320\265.md"
[2026-06-25 19:13:50]  delete mode 100644 "Life/Algoritm/0 Indox/\320\241\320\276\320\275.md"
[2026-06-25 19:13:50]  delete mode 100644 "Life/Algoritm/0 Indox/\320\241\321\202\321\200\320\265\321\201\321\201.md"
[2026-06-25 19:13:50]  delete mode 100644 "Life/Algoritm/0 Indox/\320\242\320\270\320\277\321\213 \321\201\320\262\321\217\320\267\320\265\320\271.md"
[2026-06-25 19:13:50]  delete mode 100644 "Life/Algoritm/0 Indox/\320\243\320\274\320\275\321\213\320\265 \321\201\320\273\320\276\320\262\320\260.md"
[2026-06-25 19:13:50]  delete mode 100644 "Life/Algoritm/0 Indox/\320\243\320\277\321\200\320\260\320\262\320\273\320\265\320\275\320\270\320\265 \320\267\320\260\320\262\320\270\321\201\320\270\320\274\320\276\321\201\321\202\321\217\320\274\320\270.md"
[2026-06-25 19:13:50]  delete mode 100644 "Life/Algoritm/0 Indox/\320\244\320\260\320\271\320\273\321\213.md"
[2026-06-25 19:13:50]  delete mode 100644 "Life/Algoritm/0 Indox/\320\244\320\270\320\275\320\260\320\275\321\201\321\213.md"
[2026-06-25 19:13:50]  delete mode 100644 "Life/Algoritm/0 Indox/\320\244\320\276\321\202\320\276 \320\260\320\277\320\277\320\260\321\200\320\260\321\202 \320\270 \321\200\320\260\320\272\321\203\321\200\321\201.md"
[2026-06-25 19:13:50]  delete mode 100644 "Life/Algoritm/0 Indox/\320\244\321\200\320\265\320\271\320\274 \320\263\321\200\321\203\320\277\320\277\321\213.md"
[2026-06-25 19:13:50]  delete mode 100644 "Life/Algoritm/0 Indox/\320\247\321\202\320\276 \321\202\320\260\320\272\320\276\320\265 \320\264\320\270\321\201\321\206\320\270\320\277\320\273\320\270\320\275\320\260.md"
[2026-06-25 19:13:50]  delete mode 100644 "Life/Algoritm/0 Indox/\320\250\320\260\321\200\320\264\320\270\321\200\320\276\320\262\320\260\320\275\320\270\320\265.md"
[2026-06-25 19:13:50]  delete mode 100644 "Life/Algoritm/0 Indox/\320\255\320\272\321\200\320\260\320\275\320\270\321\200\320\276\320\262\320\260\320\275\320\270\320\265.md"
[2026-06-25 19:13:50]  delete mode 100644 "Life/Algoritm/0 Indox/\320\257\320\267\321\213\320\272\320\270.md"
[2026-06-25 19:13:50]  delete mode 100644 "Life/Algoritm/0 Indox/\320\264\321\203\320\274\320\260\320\275\320\270\320\265 \320\262 \320\277\321\200\320\276\321\206\320\265\321\201\321\201\320\265.md"
[2026-06-25 19:13:50]  delete mode 100644 "Life/Algoritm/0 Indox/\320\272\321\200\321\203\321\202\321\213\320\265 \320\272\320\276\320\274\320\277\320\260\320\275\320\270\320\265.md"
[2026-06-25 19:13:50]  delete mode 100644 "Life/Algoritm/0 Indox/\320\276\320\277\320\265\321\200\320\260\321\202\320\270\320\262\320\275\320\260\321\217 \320\277\320\260\320\274\321\217\321\202\321\214.md"
[2026-06-25 19:13:50]  delete mode 100644 "Life/Algoritm/0 Indox/\321\201\320\276\320\261\321\213\321\202\320\270\320\265 \320\272\320\260\320\272\320\276\320\265-\321\202\320\276.md"
[2026-06-25 19:13:50]  delete mode 100644 "Life/Algoritm/0 Indox/\321\203\320\274\320\275\320\276\320\265.md"
[2026-06-25 19:13:50]  delete mode 100644 "Life/Algoritm/1 Remember/3 \320\263\320\260\320\271\320\264.md"
[2026-06-25 19:13:50]  delete mode 100644 "Life/Algoritm/1 Remember/7 \320\275\320\260\320\262\321\213\320\272\320\276\320\262 \320\262\321\213\321\201\320\276\320\272\320\276 \321\215\321\204\321\204\320\265\320\272\321\202\320\270\320\262\320\275\321\213\321\205 \320\273\321\216\320\264\320\265\320\271.md"
[2026-06-25 19:13:50]  delete mode 100644 Life/Algoritm/1 Remember/Array.md
[2026-06-25 19:13:50]  delete mode 100644 Life/Algoritm/1 Remember/Auth And IAM.md
[2026-06-25 19:13:50]  delete mode 100644 Life/Algoritm/1 Remember/C.md
[2026-06-25 19:13:50]  delete mode 100644 Life/Algoritm/1 Remember/CPU.md
[2026-06-25 19:13:50]  delete mode 100644 Life/Algoritm/1 Remember/Can.md
[2026-06-25 19:13:50]  delete mode 100644 Life/Algoritm/1 Remember/Chan.md
[2026-06-25 19:13:50]  delete mode 100644 Life/Algoritm/1 Remember/Class.md
[2026-06-25 19:13:50]  delete mode 100644 Life/Algoritm/1 Remember/Clean Code.md
[2026-06-25 19:13:50]  delete mode 100644 Life/Algoritm/1 Remember/Cloud.md
[2026-06-25 19:13:50]  delete mode 100644 Life/Algoritm/1 Remember/Cold.md
[2026-06-25 19:13:50]  delete mode 100644 Life/Algoritm/1 Remember/Complex.md
[2026-06-25 19:13:50]  delete mode 100644 Life/Algoritm/1 Remember/Composite.md
[2026-06-25 19:13:50]  delete mode 100644 Life/Algoritm/1 Remember/Computer Sience.md
[2026-06-25 19:13:50]  delete mode 100644 Life/Algoritm/1 Remember/CronJob.md
[2026-06-25 19:13:50]  delete mode 100644 Life/Algoritm/1 Remember/DNS.md
[2026-06-25 19:13:50]  delete mode 100644 Life/Algoritm/1 Remember/Default.md
[2026-06-25 19:13:50]  delete mode 100644 Life/Algoritm/1 Remember/Defer.md
[2026-06-25 19:13:50]  delete mode 100644 "Life/Algoritm/1 Remember/Docer \320\232\320\276\320\275\321\202\320\265\320\271\320\275\320\265\321\200.md"
[2026-06-25 19:13:50]  delete mode 100644 Life/Algoritm/1 Remember/Dock.md
[2026-06-25 19:13:50]  delete mode 100644 Life/Algoritm/1 Remember/Docker.md
[2026-06-25 19:13:50]  delete mode 100644 Life/Algoritm/1 Remember/Document.md
[2026-06-25 19:13:50]  delete mode 100644 Life/Algoritm/1 Remember/Fair.md
[2026-06-25 19:13:50]  delete mode 100644 Life/Algoritm/1 Remember/Float.md
[2026-06-25 19:13:50]  delete mode 100644 Life/Algoritm/1 Remember/GUI java.md
[2026-06-25 19:13:50]  delete mode 100644 Life/Algoritm/1 Remember/GeatWay.md
[2026-06-25 19:13:50]  delete mode 100644 Life/Algoritm/1 Remember/Grafan.md
[2026-06-25 19:13:50]  delete mode 100644 Life/Algoritm/1 Remember/Http 1.md
[2026-06-25 19:13:50]  delete mode 100644 Life/Algoritm/1 Remember/Http 2.md
[2026-06-25 19:13:50]  delete mode 100644 Life/Algoritm/1 Remember/Http 3.md
[2026-06-25 19:13:50]  delete mode 100644 Life/Algoritm/1 Remember/If.md
[2026-06-25 19:13:50]  delete mode 100644 Life/Algoritm/1 Remember/In.md
[2026-06-25 19:13:50]  delete mode 100644 Life/Algoritm/1 Remember/InFerence.md
[2026-06-25 19:13:50]  delete mode 100644 Life/Algoritm/1 Remember/Into.md
[2026-06-25 19:13:50]  delete mode 100644 "Life/Algoritm/1 Remember/Kanal \320\222\320\267\320\260\320\270\320\274\320\276\320\264\320\265\320\271\321\201\321\202\320\262\320\270\320\265.md"
[2026-06-25 19:13:50]  delete mode 100644 Life/Algoritm/1 Remember/Key Valur.md
[2026-06-25 19:13:50]  delete mode 100644 Life/Algoritm/1 Remember/Kyber.md
[2026-06-25 19:13:50]  delete mode 100644 Life/Algoritm/1 Remember/Linded List.md
[2026-06-25 19:13:50]  delete mode 100644 Life/Algoritm/1 Remember/Linux.md
[2026-06-25 19:13:50]  delete mode 100644 Life/Algoritm/1 Remember/Liscov substitution.md
[2026-06-25 19:13:50]  delete mode 100644 Life/Algoritm/1 Remember/List Java.md
[2026-06-25 19:13:50]  delete mode 100644 Life/Algoritm/1 Remember/List.md
[2026-06-25 19:13:50]  delete mode 100644 Life/Algoritm/1 Remember/Load Balans.md
[2026-06-25 19:13:50]  delete mode 100644 Life/Algoritm/1 Remember/Make.md
[2026-06-25 19:13:50]  delete mode 100644 Life/Algoritm/1 Remember/Mapa.md
[2026-06-25 19:13:50]  delete mode 100644 Life/Algoritm/1 Remember/MariaDB.md
[2026-06-25 19:13:50]  delete mode 100644 Life/Algoritm/1 Remember/Math.md
[2026-06-25 19:13:50]  delete mode 100644 Life/Algoritm/1 Remember/Mitex.md
[2026-06-25 19:13:50]  delete mode 100644 Life/Algoritm/1 Remember/Nexus.md
[2026-06-25 19:13:50]  delete mode 100644 Life/Algoritm/1 Remember/Numbers.md
[2026-06-25 19:13:50]  delete mode 100644 Life/Algoritm/1 Remember/OVERLAY.md
[2026-06-25 19:13:50]  delete mode 100644 Life/Algoritm/1 Remember/Object Storag.md
[2026-06-25 19:13:50]  delete mode 100644 Life/Algoritm/1 Remember/Open closed.md
[2026-06-25 19:13:50]  delete mode 100644 Life/Algoritm/1 Remember/Other.md
[2026-06-25 19:13:50]  delete mode 100644 Life/Algoritm/1 Remember/PHP.md
[2026-06-25 19:13:50]  delete mode 100644 Life/Algoritm/1 Remember/Payment.md
[2026-06-25 19:13:50]  delete mode 100644 Life/Algoritm/1 Remember/Point.md
[2026-06-25 19:13:50]  delete mode 100644 Life/Algoritm/1 Remember/Postgress 1.md
[2026-06-25 19:13:50]  delete mode 100644 Life/Algoritm/1 Remember/Postgress.md
[2026-06-25 19:13:50]  delete mode 100644 Life/Algoritm/1 Remember/Present Simple.md
[2026-06-25 19:13:50]  delete mode 100644 Life/Algoritm/1 Remember/Private.md
[2026-06-25 19:13:50]  delete mode 100644 Life/Algoritm/1 Remember/Protected.md
[2026-06-25 19:13:50]  delete mode 100644 Life/Algoritm/1 Remember/Public.md
[2026-06-25 19:13:50]  delete mode 100644 Life/Algoritm/1 Remember/Python.md
[2026-06-25 19:13:50]  delete mode 100644 Life/Algoritm/1 Remember/Race condition.md
[2026-06-25 19:13:50]  delete mode 100644 Life/Algoritm/1 Remember/Relevant.md
[2026-06-25 19:13:50]  delete mode 100644 Life/Algoritm/1 Remember/Retrie.md
[2026-06-25 19:13:50]  delete mode 100644 Life/Algoritm/1 Remember/SOLID.md
[2026-06-25 19:13:50]  delete mode 100644 Life/Algoritm/1 Remember/SQL.md
[2026-06-25 19:13:50]  delete mode 100644 Life/Algoritm/1 Remember/SSR Server.md
[2026-06-25 19:13:50]  delete mode 100644 Life/Algoritm/1 Remember/Select.md
[2026-06-25 19:13:50]  delete mode 100644 Life/Algoritm/1 Remember/Server static.md
[2026-06-25 19:13:50]  delete mode 100644 Life/Algoritm/1 Remember/Shell.md
[2026-06-25 19:13:50]  delete mode 100644 Life/Algoritm/1 Remember/Simple.md
[2026-06-25 19:13:50]  delete mode 100644 Life/Algoritm/1 Remember/Single respondility.md
[2026-06-25 19:13:50]  delete mode 100644 Life/Algoritm/1 Remember/Sqll.md
[2026-06-25 19:13:50]  delete mode 100644 Life/Algoritm/1 Remember/Switch.md
[2026-06-25 19:13:50]  delete mode 100644 "Life/Algoritm/1 Remember/System Designn \320\270\320\275\321\202\320\265\321\200\320\262\321\214\321\216.md"
[2026-06-25 19:13:50]  delete mode 100644 Life/Algoritm/1 Remember/TCP IP.md
[2026-06-25 19:13:50]  delete mode 100644 Life/Algoritm/1 Remember/Terminal.md
[2026-06-25 19:13:50]  delete mode 100644 Life/Algoritm/1 Remember/Tty catch.md
[2026-06-25 19:13:50]  delete mode 100644 Life/Algoritm/1 Remember/WG.md
[2026-06-25 19:13:50]  delete mode 100644 Life/Algoritm/1 Remember/WebSocet.md
[2026-06-25 19:13:50]  delete mode 100644 Life/Algoritm/1 Remember/Write.md
[2026-06-25 19:13:50]  delete mode 100644 Life/Algoritm/1 Remember/XFS.md
[2026-06-25 19:13:50]  delete mode 100644 Life/Algoritm/1 Remember/XOR.md
[2026-06-25 19:13:50]  delete mode 100644 Life/Algoritm/1 Remember/abstract.md
[2026-06-25 19:13:50]  delete mode 100644 Life/Algoritm/1 Remember/buckets.md
[2026-06-25 19:13:50]  delete mode 100644 Life/Algoritm/1 Remember/edgoNode.md
[2026-06-25 19:13:50]  delete mode 100644 Life/Algoritm/1 Remember/etcd.md
[2026-06-25 19:13:50]  delete mode 100644 Life/Algoritm/1 Remember/final.md
[2026-06-25 19:13:50]  delete mode 100644 Life/Algoritm/1 Remember/for each.md
[2026-06-25 19:13:50]  delete mode 100644 Life/Algoritm/1 Remember/int.md
[2026-06-25 19:13:50]  delete mode 100644 Life/Algoritm/1 Remember/interfase.md
[2026-06-25 19:13:50]  delete mode 100644 Life/Algoritm/1 Remember/oom Kiler.md
[2026-06-25 19:13:50]  delete mode 100644 Life/Algoritm/1 Remember/panic.md
[2026-06-25 19:13:50]  delete mode 100644 Life/Algoritm/1 Remember/recaver.md
[2026-06-25 19:13:50]  delete mode 100644 Life/Algoritm/1 Remember/regex.md
[2026-06-25 19:13:50]  delete mode 100644 Life/Algoritm/1 Remember/static.md
[2026-06-25 19:13:50]  delete mode 100644 Life/Algoritm/1 Remember/uint.md
[2026-06-25 19:13:50]  delete mode 100644 Life/Algoritm/1 Remember/window.md
[2026-06-25 19:13:50]  delete mode 100644 "Life/Algoritm/1 Remember/\320\220\320\262\321\202\320\276 \321\201\320\272\320\260\320\271\320\273\320\270\320\275\320\263.md"
[2026-06-25 19:13:50]  delete mode 100644 "Life/Algoritm/1 Remember/\320\220\320\273\320\263\320\276\321\201\321\213.md"
[2026-06-25 19:13:50]  delete mode 100644 "Life/Algoritm/1 Remember/\320\220\321\200\321\205\320\270\321\202\320\270\320\272\321\202\321\203\321\200\320\260 \320\262\320\265\320\261-\320\277\321\200\320\270\320\273\320\276\320\266\320\265\320\275\320\270\320\271.md"
[2026-06-25 19:13:50]  delete mode 100644 "Life/Algoritm/1 Remember/\320\220\321\201\320\270\320\275\321\205\321\200\320\276\320\275\320\276\320\265.md"
[2026-06-25 19:13:50]  delete mode 100644 "Life/Algoritm/1 Remember/\320\220\321\202\320\276\320\274\320\275\321\213\320\271 \321\200\320\265\320\272\320\260\321\202\320\276\321\200.md"
[2026-06-25 19:13:50]  delete mode 100644 "Life/Algoritm/1 Remember/\320\221\320\265\320\267 static.md"
[2026-06-25 19:13:50]  delete mode 100644 "Life/Algoritm/1 Remember/\320\221\320\273\321\216 \320\277\321\200\320\270\320\275\321\202.md"
[2026-06-25 19:13:50]  delete mode 100644 "Life/Algoritm/1 Remember/\320\221\321\213\321\201\321\202\321\200\321\213\320\271 \321\204\321\200\320\265\320\271\320\274\320\262\320\276\321\200\320\272.md"
[2026-06-25 19:13:50]  delete mode 100644 "Life/Algoritm/1 Remember/\320\222\320\265\320\275\321\207\321\203\321\200\320\275\321\213\320\271 \321\204\320\276\320\275\320\264.md"
[2026-06-25 19:13:50]  delete mode 100644 "Life/Algoritm/1 Remember/\320\222\320\267\320\260\320\270\320\274\320\276\320\264\320\265\320\271\321\201\321\202\320\262\320\270\320\265 \321\201 \320\272\320\260\320\275\320\260\320\273\320\276\320\274.md"
[2026-06-25 19:13:50]  delete mode 100644 "Life/Algoritm/1 Remember/\320\222\320\275\321\203\321\202\321\200\321\217\320\275\320\272\320\260 Go.md"
[2026-06-25 19:13:50]  delete mode 100644 "Life/Algoritm/1 Remember/\320\222\321\200\320\265\320\274\320\265\320\275\320\275\320\260.md"
[2026-06-25 19:13:50]  delete mode 100644 "Life/Algoritm/1 Remember/\320\223\321\200\320\260\320\274\320\274\320\260\321\202\320\270\320\272\320\260.md"
[2026-06-25 19:13:50]  delete mode 100644 "Life/Algoritm/1 Remember/\320\224\320\227.md"
[2026-06-25 19:13:50]  delete mode 100644 "Life/Algoritm/1 Remember/\320\224\320\265\320\272\320\273\320\260\321\200\320\276\321\202\320\270\320\262\320\275\320\276\321\201\321\202\321\214.md"
[2026-06-25 19:13:50]  delete mode 100644 "Life/Algoritm/1 Remember/\320\224\320\270\321\201\320\272\320\270.md"
[2026-06-25 19:13:50]  delete mode 100644 "Life/Algoritm/1 Remember/\320\224\320\270\321\201\321\206\320\270\320\277\320\273\320\270\320\275\320\260.md"
[2026-06-25 19:13:50]  delete mode 100644 "Life/Algoritm/1 Remember/\320\224\320\275\320\265\320\262\320\275\320\270\320\272\320\270.md"
[2026-06-25 19:13:50]  delete mode 100644 "Life/Algoritm/1 Remember/\320\224\320\275\320\270 \320\275\320\265\320\264\320\265\320\273\320\270.md"
[2026-06-25 19:13:50]  delete mode 100644 "Life/Algoritm/1 Remember/\320\226\320\265\320\273\320\260\320\275\320\270\320\265 \320\261\321\213\321\202\321\214 \320\262 \320\263\321\200\321\203\320\277\320\277\320\265.md"
[2026-06-25 19:13:50]  delete mode 100644 "Life/Algoritm/1 Remember/\320\227\320\236\320\226.md"
[2026-06-25 19:13:50]  delete mode 100644 "Life/Algoritm/1 Remember/\320\227\320\260\321\207\320\265\320\274 \320\270\321\201\320\272\320\260\321\202\321\214 \320\273\321\216\320\264\320\265\320\271.md"
[2026-06-25 19:13:50]  delete mode 100644 "Life/Algoritm/1 Remember/\320\227\320\264\320\276\321\200\320\276\320\262\321\214\320\265\320\260.md"
[2026-06-25 19:13:50]  delete mode 100644 "Life/Algoritm/1 Remember/\320\227\320\276\320\274\320\261\320\270 \320\277\321\200\320\276\321\206\320\265\321\201\321\201.md"
[2026-06-25 19:13:50]  delete mode 100644 "Life/Algoritm/1 Remember/\320\230\320\230.md"
[2026-06-25 19:13:50]  delete mode 100644 "Life/Algoritm/1 Remember/\320\230\320\262\320\265\320\275\321\202\321\213.md"
[2026-06-25 19:13:50]  delete mode 100644 "Life/Algoritm/1 Remember/\320\230\320\264\320\265\320\260\320\273\320\276\320\263\320\270\321\217.md"
[2026-06-25 19:13:50]  delete mode 100644 "Life/Algoritm/1 Remember/\320\230\320\264\320\265\320\270.md"
[2026-06-25 19:13:50]  delete mode 100644 "Life/Algoritm/1 Remember/\320\230\320\267\320\276\320\273\321\217\321\206\320\270\320\270 \321\202\321\200\320\260\320\275\320\267\320\260\320\272\320\270\320\271.md"
[2026-06-25 19:13:50]  delete mode 100644 "Life/Algoritm/1 Remember/\320\230\320\274\320\265\320\275\320\270\321\202\320\265\320\273\321\214\320\275\321\213\320\271.md"
[2026-06-25 19:13:50]  delete mode 100644 "Life/Algoritm/1 Remember/\320\230\320\274\320\277\320\265\321\200\320\260\321\202\320\270\320\262\320\275\320\276\321\201\321\202\321\214.md"
[2026-06-25 19:13:50]  delete mode 100644 "Life/Algoritm/1 Remember/\320\230\320\275\320\272\320\260\320\277\321\201\321\203\320\273\321\217\321\206\320\270.md"
[2026-06-25 19:13:50]  delete mode 100644 "Life/Algoritm/1 Remember/\320\230\320\275\320\272\320\260\320\277\321\201\321\203\320\273\321\217\321\206\320\270\321\217 Java.md"
[2026-06-25 19:13:50]  delete mode 100644 "Life/Algoritm/1 Remember/\320\230\320\275\321\202\320\265\320\273\320\265\320\272\321\202\321\203\320\260\320\273\321\214\320\275\320\260\321\217 \320\275\320\260\320\263\321\200\321\203\320\267\320\272\320\260.md"
[2026-06-25 19:13:50]  delete mode 100644 "Life/Algoritm/1 Remember/\320\230\320\275\321\202\320\265\321\200\321\204\320\265\320\271\321\201\321\213 IDE.md"
[2026-06-25 19:13:50]  delete mode 100644 "Life/Algoritm/1 Remember/\320\230\320\275\321\202\320\265\321\200\321\204\320\265\320\271\321\201\321\213.md"
[2026-06-25 19:13:50]  delete mode 100644 "Life/Algoritm/1 Remember/\320\230\321\201\320\272\320\260\321\202\321\214 \320\273\321\216\320\264\320\265\320\271.md"
[2026-06-25 19:13:50]  delete mode 100644 "Life/Algoritm/1 Remember/\320\232\320\260fka.md"
[2026-06-25 19:13:50]  delete mode 100644 "Life/Algoritm/1 Remember/\320\232\320\260\320\272 \320\241\321\202\320\260\321\202\321\214 \320\264\321\203\321\210\320\276\320\271 \320\232\320\276\320\274\320\277\320\260\320\275\320\270\320\270.md"
[2026-06-25 19:13:50]  delete mode 100644 "Life/Algoritm/1 Remember/\320\232\320\260\320\272 \320\262\320\262\320\265\321\201\321\202\320\270 \320\267\320\260\320\274\320\265\321\202\320\272\320\270.md"
[2026-06-25 19:13:50]  delete mode 100644 "Life/Algoritm/1 Remember/\320\232\320\260\320\272 \320\270\321\201\320\272\320\260\321\202\321\214 \320\273\321\216\320\264\320\265\320\271.md"
[2026-06-25 19:13:50]  delete mode 100644 "Life/Algoritm/1 Remember/\320\232\320\260\320\272 \320\277\321\200\320\276\321\205\320\276\320\264\320\270\321\202\321\214 \320\270\320\275\321\202\320\265\321\200\320\262\321\214\321\216.md"
[2026-06-25 19:13:50]  delete mode 100644 "Life/Algoritm/1 Remember/\320\232\320\260\320\272 \321\203\321\207\320\270\321\202\321\214\321\201\321\217.md"
[2026-06-25 19:13:50]  delete mode 100644 "Life/Algoritm/1 Remember/\320\232\320\260\320\277\320\270\321\202\320\260\320\273.md"
[2026-06-25 19:13:50]  delete mode 100644 "Life/Algoritm/1 Remember/\320\232\320\260\321\201\321\202\320\276\320\274\320\275\320\275\321\213\320\265.md"
[2026-06-25 19:13:50]  delete mode 100644 "Life/Algoritm/1 Remember/\320\232\320\265\320\274\320\277\320\270\320\275\320\263.md"
[2026-06-25 19:13:50]  delete mode 100644 "Life/Algoritm/1 Remember/\320\232\320\273\320\260\321\201\321\201\321\213 \320\270 \320\236\320\261\321\212\320\272\321\202\321\213.md"
[2026-06-25 19:13:50]  delete mode 100644 "Life/Algoritm/1 Remember/\320\232\320\273\320\260\321\201\321\201\321\213.md"
[2026-06-25 19:13:50]  delete mode 100644 "Life/Algoritm/1 Remember/\320\232\320\276\320\275\321\201\321\202\321\200\321\203\320\272\321\202\320\276\321\200.md"
[2026-06-25 19:13:50]  delete mode 100644 "Life/Algoritm/1 Remember/\320\232\321\200\320\265\321\201\321\202\321\213.md"
[2026-06-25 19:13:50]  delete mode 100644 "Life/Algoritm/1 Remember/\320\232\321\200\320\270\320\277\321\202\320\260.md"
[2026-06-25 19:13:50]  delete mode 100644 "Life/Algoritm/1 Remember/\320\233\320\276\320\272\320\260\320\273\321\214\320\275\321\213\320\265 \320\221\320\224.md"
[2026-06-25 19:13:50]  delete mode 100644 "Life/Algoritm/1 Remember/\320\234\320\260\320\274\320\276\320\275\321\202\321\213.md"
[2026-06-25 19:13:50]  delete mode 100644 "Life/Algoritm/1 Remember/\320\234\320\260\320\277\320\260.md"
[2026-06-25 19:13:50]  delete mode 100644 "Life/Algoritm/1 Remember/\320\234\320\265\320\266 \321\201\320\265\321\200\320\262\320\265\321\201\321\202\320\275\320\275\320\276\320\265 \320\222\320\267\320\260\320\270\320\274\320\276\320\264\320\265\320\271\321\201\321\202\320\262\320\270\320\265.md"
[2026-06-25 19:13:50]  delete mode 100644 "Life/Algoritm/1 Remember/\320\234\320\265\321\201\321\217\321\206\320\260.md"
[2026-06-25 19:13:50]  delete mode 100644 "Life/Algoritm/1 Remember/\320\234\320\265\321\202\320\260.md"
[2026-06-25 19:13:50]  delete mode 100644 "Life/Algoritm/1 Remember/\320\234\320\265\321\202\320\276\320\264\321\213.md"
[2026-06-25 19:13:50]  delete mode 100644 "Life/Algoritm/1 Remember/\320\234\320\275\320\276\320\263\320\270\320\265-\320\272\320\276-\320\274\320\275\320\276\320\263\320\270\320\274.md"
[2026-06-25 19:13:50]  delete mode 100644 "Life/Algoritm/1 Remember/\320\234\320\276\320\264\320\260\320\273\321\214\320\275\321\213\320\265 \320\223\320\273\320\260\320\263\320\276\320\273\321\213.md"
[2026-06-25 19:13:50]  delete mode 100644 "Life/Algoritm/1 Remember/\320\234\320\276\320\264\320\270\321\204\320\270\320\272\320\260\321\202\320\276\321\200\321\213 \320\264\320\276\321\201\321\202\321\203\320\277\320\260.md"
[2026-06-25 19:13:50]  delete mode 100644 "Life/Algoritm/1 Remember/\320\234\320\276\320\264\320\270\321\204\320\270\320\272\320\260\321\202\320\276\321\200\321\213 \320\272\320\276\320\275\321\202\320\265\320\272\321\201\321\202\320\260.md"
[2026-06-25 19:13:50]  delete mode 100644 "Life/Algoritm/1 Remember/\320\234\320\276\320\264\320\270\321\204\320\270\320\272\320\260\321\202\320\276\321\200\321\213 \320\275\320\260\321\201\320\273\320\265\320\264\320\276\320\262\320\260\320\275\320\270\321\217.md"
[2026-06-25 19:13:50]  delete mode 100644 "Life/Algoritm/1 Remember/\320\234\320\276\320\264\320\270\321\204\320\270\320\272\320\260\321\202\320\276\321\200\321\213.md"
[2026-06-25 19:13:50]  delete mode 100644 "Life/Algoritm/1 Remember/\320\235\320\260\320\267\320\262\320\260\320\275\320\270\321\217 \320\277\320\265\321\200\320\265\320\274\320\265\320\275\320\275\321\213\321\205.md"
[2026-06-25 19:13:50]  delete mode 100644 "Life/Algoritm/1 Remember/\320\235\320\260\320\267\320\262\320\260\320\275\320\270\321\217 \321\201\321\202\321\200\320\260\320\275.md"
[2026-06-25 19:13:50]  delete mode 100644 "Life/Algoritm/1 Remember/\320\235\320\260\320\271\321\202\320\270 \320\277\321\200\320\265\320\264\320\275\320\276\320\267\320\275\320\260\321\207\320\265\320\275\320\270\320\265.md"
[2026-06-25 19:13:50]  delete mode 100644 "Life/Algoritm/1 Remember/\320\235\320\260\321\201\320\273\320\265\320\264\320\276\320\262\320\260\320\275\320\270\320\265.md"
[2026-06-25 19:13:50]  delete mode 100644 "Life/Algoritm/1 Remember/\320\235\320\265\320\267\321\200\320\270\320\274\320\276\320\265 \320\241\321\203\321\211\320\265\321\201\321\202\320\262\320\276.md"
[2026-06-25 19:13:50]  delete mode 100644 "Life/Algoritm/1 Remember/\320\236\320\236\320\237.md"
[2026-06-25 19:13:50]  delete mode 100644 "Life/Algoritm/1 Remember/\320\236\320\261\321\200\320\260\321\202\320\275\320\260\321\217 \321\201\320\262\321\217\320\267\321\214.md"
[2026-06-25 19:13:50]  delete mode 100644 "Life/Algoritm/1 Remember/\320\236\320\261\321\211\320\270\320\265 \320\227\320\275\320\260\320\275\320\270\321\217.md"
[2026-06-25 19:13:50]  delete mode 100644 "Life/Algoritm/1 Remember/\320\236\320\261\321\213\321\207\320\275\321\213\320\271 \321\204\321\200\320\265\320\271\320\274\320\262\320\276\321\200\320\272.md"
[2026-06-25 19:13:50]  delete mode 100644 "Life/Algoritm/1 Remember/\320\236\320\261\321\214\320\265\320\272\321\202.md"
[2026-06-25 19:13:50]  delete mode 100644 "Life/Algoritm/1 Remember/\320\236\320\277\320\265\321\200\320\260\321\202\320\276\321\200\321\213 \320\262\321\213\320\261\320\276\321\200\320\260.md"
[2026-06-25 19:13:50]  delete mode 100644 "Life/Algoritm/1 Remember/\320\236\320\277\320\265\321\200\320\260\321\202\320\276\321\200\321\213 \321\203\320\277\321\200\320\260\320\262\320\273\320\265\320\275\320\270\321\217 \320\277\320\276\321\202\320\276\320\272\320\260\320\274\320\270.md"
[2026-06-25 19:13:50]  delete mode 100644 "Life/Algoritm/1 Remember/\320\236\321\201\320\276\320\261\320\265\320\275\320\276\321\201\321\202\320\270.md"
[2026-06-25 19:13:50]  delete mode 100644 "Life/Algoritm/1 Remember/\320\236\321\207\320\265\321\200\320\265\320\264\320\270.md"
[2026-06-25 19:13:50]  delete mode 100644 "Life/Algoritm/1 Remember/\320\237\320\260\320\264\320\265\320\266\320\270.md"
[2026-06-25 19:13:50]  delete mode 100644 "Life/Algoritm/1 Remember/\320\237\320\265\321\200\320\262\320\270\321\207\320\275\321\213\320\265 \320\270 \320\262\320\275\320\265\321\210\320\275\320\270\320\265 \320\272\320\273\321\216\321\207\320\270.md"
[2026-06-25 19:13:50]  delete mode 100644 "Life/Algoritm/1 Remember/\320\237\320\273\320\260\321\202\321\204\320\276\321\200\320\274\320\260 Go.md"
[2026-06-25 19:13:50]  delete mode 100644 "Life/Algoritm/1 Remember/\320\237\320\273\320\260\321\202\321\204\320\276\321\200\320\274\320\260 Sql.md"
[2026-06-25 19:13:50]  delete mode 100644 "Life/Algoritm/1 Remember/\320\237\320\276\320\264 \320\272\321\200\321\213\320\273\320\276 \320\272 \320\261\320\276\320\263\320\260\321\202\320\276\320\274\321\203 \321\207\320\265\320\273\321\203.md"
[2026-06-25 19:13:50]  delete mode 100644 "Life/Algoritm/1 Remember/\320\237\320\276\320\264\320\272\320\273\321\216\321\207\320\265\320\275\320\270\320\265 Golang.md"
[2026-06-25 19:13:50]  delete mode 100644 "Life/Algoritm/1 Remember/\320\237\320\276\320\273\320\270\320\274\320\276\321\200\321\204\320\270\320\267\320\274.md"
[2026-06-25 19:13:50]  delete mode 100644 "Life/Algoritm/1 Remember/\320\237\320\276\320\273\321\203\320\267\320\275\321\213\320\265 \320\272\320\276\320\274\320\260\320\275\320\264\321\213.md"
[2026-06-25 19:13:50]  delete mode 100644 "Life/Algoritm/1 Remember/\320\237\320\276\320\273\321\217.md"
[2026-06-25 19:13:50]  delete mode 100644 "Life/Algoritm/1 Remember/\320\237\321\200\320\260\320\262\320\270\320\273\320\276 \320\261\320\276\320\271\321\201\320\272\320\260\321\203\321\202\320\276\320\262.md"
[2026-06-25 19:13:50]  delete mode 100644 "Life/Algoritm/1 Remember/\320\237\321\200\320\265\320\264\320\273\320\276\320\263\320\270.md"
[2026-06-25 19:13:50]  delete mode 100644 "Life/Algoritm/1 Remember/\320\237\321\200\320\270\320\272\320\276\320\273\321\214\320\275\321\213\320\265 \321\204\320\270\321\207\320\270.md"
[2026-06-25 19:13:50]  delete mode 100644 "Life/Algoritm/1 Remember/\320\237\321\200\320\270\320\274\320\270\321\202\320\270\320\262\321\213 \321\201\320\270\320\275\321\205\321\200\320\276\320\275\320\270\320\267\320\260\321\206\320\270\320\270.md"
[2026-06-25 19:13:50]  delete mode 100644 "Life/Algoritm/1 Remember/\320\237\321\200\320\276\320\263\321\200\320\260\320\274\320\274\320\270\321\200\320\276\320\262\320\260\320\275\320\270\320\265.md"
[2026-06-25 19:13:50]  delete mode 100644 "Life/Algoritm/1 Remember/\320\237\321\200\320\276\320\265\320\272\321\202\320\270\321\200\320\276\320\262\320\260\320\275\320\270\320\265 \320\261\320\260\320\267\321\213 \320\264\320\260\320\275\320\275\321\213\321\205.md"
[2026-06-25 19:13:50]  delete mode 100644 "Life/Algoritm/1 Remember/\320\237\321\203\321\202\321\214.md"
[2026-06-25 19:13:50]  delete mode 100644 "Life/Algoritm/1 Remember/\320\240\320\260\320\261\320\276\321\202\320\260 \321\201 \320\261\320\260\320\267\320\260\320\274\320\270 \320\264\320\260\320\275\320\275\321\213\321\205 \320\262 Go.md"
[2026-06-25 19:13:50]  delete mode 100644 "Life/Algoritm/1 Remember/\320\240\320\260\320\261\320\276\321\202\320\260 \321\201 \320\277\320\260\320\274\321\217\321\202\321\214\321\216.md"
[2026-06-25 19:13:50]  delete mode 100644 "Life/Algoritm/1 Remember/\320\240\320\265\320\266\320\270\320\274\321\213.md"
[2026-06-25 19:13:50]  delete mode 100644 "Life/Algoritm/1 Remember/\320\240\320\265\320\272\321\203\321\200\321\201\320\270\321\217.md"
[2026-06-25 19:13:50]  delete mode 100644 "Life/Algoritm/1 Remember/\320\241\320\243\320\221\320\224.md"
[2026-06-25 19:13:50]  delete mode 100644 "Life/Algoritm/1 Remember/\320\241\320\260\320\274\320\276\320\277\321\200\320\265\320\267\320\265\320\275\321\202\320\260\321\206\320\270\321\217.md"
[2026-06-25 19:13:50]  delete mode 100644 "Life/Algoritm/1 Remember/\320\241\320\261\320\276\321\200 \320\270\320\275\321\204\320\276\321\200\320\274\320\260\321\206\320\270\320\270.md"
[2026-06-25 19:13:50]  delete mode 100644 "Life/Algoritm/1 Remember/\320\241\320\262\321\217\320\267\320\270 \321\200\320\265\321\210\320\260\321\216\321\202 \320\262\321\201\320\265.md"
[2026-06-25 19:13:50]  delete mode 100644 "Life/Algoritm/1 Remember/\320\241\320\265\320\272\321\202\320\260.md"
[2026-06-25 19:13:50]  delete mode 100644 "Life/Algoritm/1 Remember/\320\241\320\270\321\201\321\202\320\265\320\274\321\213 \321\201\321\207\320\270\321\201\320\273\320\265\320\275\320\270\321\217.md"
[2026-06-25 19:13:50]  delete mode 100644 "Life/Algoritm/1 Remember/\320\241\320\273\320\276\320\262\320\260.md"
[2026-06-25 19:13:50]  delete mode 100644 "Life/Algoritm/1 Remember/\320\241\320\273\320\276\320\266\320\275\321\213\320\265 \321\201\320\273\320\276\320\262\320\260.md"
[2026-06-25 19:13:50]  delete mode 100644 "Life/Algoritm/1 Remember/\320\241\320\273\320\276\320\266\320\275\321\213\320\271 \321\204\321\200\320\265\320\271\320\274\320\262\320\276\321\200\320\272.md"
[2026-06-25 19:13:50]  delete mode 100644 "Life/Algoritm/1 Remember/\320\241\321\202\320\260\321\200\321\202\320\260\320\277\321\213.md"
[2026-06-25 19:13:50]  delete mode 100644 "Life/Algoritm/1 Remember/\320\241\321\202\320\270\321\205\320\270.md"
[2026-06-25 19:13:50]  delete mode 100644 "Life/Algoritm/1 Remember/\320\241\321\202\321\200\321\203\320\272\321\202\321\203\321\200\321\213 \320\264\320\260\320\275\320\275\321\213\321\205.md"
[2026-06-25 19:13:50]  delete mode 100644 "Life/Algoritm/1 Remember/\320\242\320\265\321\200\320\274\320\270\320\275\321\213.md"
[2026-06-25 19:13:50]  delete mode 100644 "Life/Algoritm/1 Remember/\320\242\321\200\320\265\320\275\320\270\321\200\320\276\320\262\320\272\320\270.md"
[2026-06-25 19:13:50]  delete mode 100644 "Life/Algoritm/1 Remember/\320\243\320\274\320\275\321\213\320\265 \321\202\320\265\321\200\320\274\320\265\320\275\321\213.md"
[2026-06-25 19:13:50]  delete mode 100644 "Life/Algoritm/1 Remember/\320\243\321\202\320\262\320\265\321\200\320\264\320\270\321\202\320\265\320\273\321\214\320\275\320\260\321\217 \321\204\320\276\321\200\320\274\320\260.md"
[2026-06-25 19:13:50]  delete mode 100644 "Life/Algoritm/1 Remember/\320\244\321\200\320\265\320\271\320\274\320\262\320\276\321\200\320\272\320\270.md"
[2026-06-25 19:13:50]  delete mode 100644 "Life/Algoritm/1 Remember/\320\244\321\203\320\275\320\272\320\272\321\206\320\270\320\276\320\275\320\260\320\273\321\214\320\275\320\275\321\213\320\271 \321\201\321\202\320\270\320\273\321\214.md"
[2026-06-25 19:13:50]  delete mode 100644 "Life/Algoritm/1 Remember/\320\246\320\270\320\272\320\273\321\213 Java.md"
[2026-06-25 19:13:50]  delete mode 100644 "Life/Algoritm/1 Remember/\320\247\321\202\320\276-\321\202\320\276 \320\262\320\260\320\266\320\275\320\276\320\265.md"
[2026-06-25 19:13:50]  delete mode 100644 "Life/Algoritm/1 Remember/\320\260\320\273\320\263\320\276\321\200\320\270\321\202\320\274 \320\224\320\265\320\271\320\272\321\201\321\202\321\200\321\213.md"
[2026-06-25 19:13:50]  delete mode 100644 "Life/Algoritm/1 Remember/\320\264\320\265\320\262\320\276\321\207\320\272\320\270 \320\264\320\273\321\217 Nexus.md"
[2026-06-25 19:13:50]  delete mode 100644 "Life/Algoritm/1 Remember/\320\273\320\276\320\263\320\260\321\200\320\270\321\204\320\274\320\270\321\207\320\265\321\201\320\272\320\260\321\217.md"
[2026-06-25 19:13:50]  delete mode 100644 "Life/Algoritm/1 Remember/\320\276\320\264\320\270\320\275 \320\272 \320\276\320\264\320\275\320\276\320\274\321\203.md"
[2026-06-25 19:13:50]  delete mode 100644 "Life/Algoritm/1 Remember/\320\277\320\260\321\200\320\260\320\264\320\270\320\263\320\274\320\260\320\274\320\270 \320\277\321\200\320\276\320\263\321\200\320\260\320\274\320\274\320\270\321\200\320\276\320\262\320\260\320\275\320\270\321\217.md"
[2026-06-25 19:13:50]  delete mode 100644 "Life/Algoritm/1 Remember/\320\277\320\276\321\202\320\276\320\272.md"
[2026-06-25 19:13:50]  delete mode 100644 "Life/Algoritm/1 Remember/\321\202\320\270\320\277\321\213 \320\264\320\260\320\275\320\275\321\213\321\205.md"
[2026-06-25 19:13:50]  delete mode 100644 "Life/Algoritm/2 Understand/Big \320\236.md"
[2026-06-25 19:13:50]  delete mode 100644 Life/Algoritm/2 Understand/Binary Searc.md
[2026-06-25 19:13:50]  delete mode 100644 Life/Algoritm/2 Understand/Can.md
[2026-06-25 19:13:50]  delete mode 100644 Life/Algoritm/2 Understand/Codex.md
[2026-06-25 19:13:50]  delete mode 100644 Life/Algoritm/2 Understand/For.md
[2026-06-25 19:13:50]  delete mode 100644 Life/Algoritm/2 Understand/Golang.md
[2026-06-25 19:13:50]  delete mode 100644 Life/Algoritm/2 Understand/Gorutina.md
[2026-06-25 19:13:50]  delete mode 100644 "Life/Algoritm/2 Understand/Hold (\321\201\321\202\321\200\320\260\321\210\320\270\320\273\320\272\320\270).md"
[2026-06-25 19:13:50]  delete mode 100644 Life/Algoritm/2 Understand/Java.md
[2026-06-25 19:13:50]  delete mode 100644 Life/Algoritm/2 Understand/Leetcode.md
[2026-06-25 19:13:50]  delete mode 100644 Life/Algoritm/2 Understand/Long polling.md
[2026-06-25 19:13:50]  delete mode 100644 Life/Algoritm/2 Understand/Server.md
[2026-06-25 19:13:50]  delete mode 100644 Life/Algoritm/2 Understand/Slice.md
[2026-06-25 19:13:50]  delete mode 100644 "Life/Algoritm/2 Understand/\320\220\320\273\320\263\320\276\321\200\320\270\321\202\320\274 \321\204\321\200\320\265\320\271\320\274\320\262\320\276\321\200\320\272.md"
[2026-06-25 19:13:50]  delete mode 100644 "Life/Algoritm/2 Understand/\320\220\320\275\320\263\320\273\320\270\320\271\321\201\320\272\320\270\320\271.md"
[2026-06-25 19:13:50]  delete mode 100644 "Life/Algoritm/2 Understand/\320\223\320\265\321\202\320\265\321\200\321\213.md"
[2026-06-25 19:13:50]  delete mode 100644 "Life/Algoritm/2 Understand/\320\227\320\260\321\200\321\217\320\264\320\272\320\260.md"
[2026-06-25 19:13:50]  delete mode 100644 "Life/Algoritm/2 Understand/\320\230\320\275\321\202\320\265\320\273\320\273\320\265\320\272\321\202.md"
[2026-06-25 19:13:50]  delete mode 100644 "Life/Algoritm/2 Understand/\320\230\320\275\321\204\321\200\320\260\321\201\321\202\321\200\321\203\320\272\321\202\321\203\321\200\320\260.md"
[2026-06-25 19:13:50]  delete mode 100644 "Life/Algoritm/2 Understand/\320\235\320\260\320\267\320\262\320\260\320\275\320\270\321\217 \320\277\320\265\321\200\320\265\320\274\320\265\320\275\320\275\321\213\321\205.md"
[2026-06-25 19:13:50]  delete mode 100644 "Life/Algoritm/2 Understand/\320\236\320\236\320\237 Java.md"
[2026-06-25 19:13:50]  delete mode 100644 "Life/Algoritm/2 Understand/\320\236\320\277\320\265\321\200\320\260\321\202\320\276\321\200\321\213 \320\277\320\265\321\200\320\265\321\205\320\276\320\264\320\260.md"
[2026-06-25 19:13:50]  delete mode 100644 "Life/Algoritm/2 Understand/\320\236\321\207\320\265\321\200\320\265\320\264\320\270 Java.md"
[2026-06-25 19:13:50]  delete mode 100644 "Life/Algoritm/2 Understand/\320\237\320\273\320\260\321\202\321\204\320\276\321\200\320\274\320\260 Java.md"
[2026-06-25 19:13:50]  delete mode 100644 "Life/Algoritm/2 Understand/\320\237\320\273\320\260\321\202\321\204\320\276\321\200\320\274\320\260 \320\241.md"
[2026-06-25 19:13:50]  delete mode 100644 "Life/Algoritm/2 Understand/\320\237\320\276\320\264\320\273\320\265\320\266\320\260\321\211\320\270\320\265.md"
[2026-06-25 19:13:50]  delete mode 100644 "Life/Algoritm/2 Understand/\320\237\321\200\320\276\320\274\321\202\321\213.md"
[2026-06-25 19:13:50]  delete mode 100644 "Life/Algoritm/2 Understand/\320\237\321\200\320\276\321\202\320\276\320\272\320\276\320\273\321\213.md"
[2026-06-25 19:13:50]  delete mode 100644 "Life/Algoritm/2 Understand/\320\241\320\272\321\200\321\213\320\262\320\260\321\202\321\214 \320\270\320\274\320\277\320\273\320\265\320\274\320\270\321\202\320\260\321\206\320\270\320\270.md"
[2026-06-25 19:13:50]  delete mode 100644 "Life/Algoritm/2 Understand/\320\241\321\202\321\200\321\203\320\272\321\202\321\203\321\200\321\213 \320\264\320\260\320\275\320\275\321\213\321\205 Java.md"
[2026-06-25 19:13:50]  delete mode 100644 "Life/Algoritm/2 Understand/\320\244\320\270\320\273\321\214\321\202\321\200\321\213.md"
[2026-06-25 19:13:50]  delete mode 100644 Life/Algoritm/4 Apply/Obsudian.md
[2026-06-25 19:13:50]  delete mode 100644 "Life/Algoritm/4 Apply/\320\232\320\260\320\272 \320\277\320\270\321\201\320\260\321\202\321\214 \320\267\320\260\320\274\320\265\321\202\320\272\320\270.md"
[2026-06-25 19:13:50]  delete mode 100644 "Life/Algoritm/4 Apply/\320\257.md"
[2026-06-25 19:13:50]  delete mode 100644 "Life/Algoritm/Excalidraw/Delta\320\260\320\262.md"
[2026-06-25 19:13:50]  delete mode 100644 Life/Algoritm/Excalidraw/Drawing 2026-05-18 23.26.42.excalidraw.md
[2026-06-25 19:13:50]  delete mode 100644 Life/Algoritm/Excalidraw/Drawing 2026-06-23 20.54.28.excalidraw.md
[2026-06-25 19:13:50]  delete mode 100644 Life/Algoritm/Excalidraw/Scripts/Downloaded/Excalidraw Collaboration Frame.md
[2026-06-25 19:13:50]  delete mode 100644 Life/Algoritm/Excalidraw/Scripts/Downloaded/Excalidraw Collaboration Frame.svg
[2026-06-25 19:13:50]  delete mode 100644 Life/Algoritm/Excalidraw/Scripts/Downloaded/Repeat Elements.md
[2026-06-25 19:13:50]  delete mode 100644 Life/Algoritm/Excalidraw/Scripts/Downloaded/Repeat Elements.svg
[2026-06-25 19:13:50]  delete mode 100644 Life/Algoritm/Excalidraw/Stack.md
[2026-06-25 19:13:50]  delete mode 100644 Life/Algoritm/Excalidraw/pichers/Pasted Image 20260204161840_984.png
[2026-06-25 19:13:50]  delete mode 100644 Life/Algoritm/Excalidraw/pichers/Pasted Image 20260204161853_610.png
[2026-06-25 19:13:50]  delete mode 100644 Life/Algoritm/Excalidraw/pichers/Pasted Image 20260204161918_678.png
[2026-06-25 19:13:50]  delete mode 100644 Life/Algoritm/Excalidraw/pichers/Pasted Image 20260204162544_802.png
[2026-06-25 19:13:50]  delete mode 100644 Life/Algoritm/Excalidraw/pichers/Pasted Image 20260205131031_944.png
[2026-06-25 19:13:50]  delete mode 100644 Life/Algoritm/Excalidraw/pichers/Pasted Image 20260205131057_740.png
[2026-06-25 19:13:50]  delete mode 100644 Life/Algoritm/Excalidraw/pichers/Pasted Image 20260205144614_077.png
[2026-06-25 19:13:50]  delete mode 100644 Life/Algoritm/Excalidraw/pichers/Pasted Image 20260205144643_128.png
[2026-06-25 19:13:50]  delete mode 100644 Life/Algoritm/Excalidraw/pichers/Pasted Image 20260205151058_424.png
[2026-06-25 19:13:50]  delete mode 100644 Life/Algoritm/Excalidraw/pichers/Pasted Image 20260205184449_504.png
[2026-06-25 19:13:50]  delete mode 100644 Life/Algoritm/Excalidraw/pichers/Pasted Image 20260210011526_595.png
[2026-06-25 19:13:50]  delete mode 100644 Life/Algoritm/Excalidraw/pichers/Pasted Image 20260210011526_602.png
[2026-06-25 19:13:50]  delete mode 100644 Life/Algoritm/Excalidraw/pichers/Pasted Image 20260210123216_246.png
[2026-06-25 19:13:50]  delete mode 100644 Life/Algoritm/Excalidraw/pichers/Pasted Image 20260210150704_489.png
[2026-06-25 19:13:50]  delete mode 100644 Life/Algoritm/Excalidraw/pichers/Pasted Image 20260210151640_784.png
[2026-06-25 19:13:50]  delete mode 100644 Life/Algoritm/Excalidraw/pichers/Pasted Image 20260210152115_600.png
[2026-06-25 19:13:50]  delete mode 100644 Life/Algoritm/Excalidraw/pichers/Pasted Image 20260210204220_382.png
[2026-06-25 19:13:50]  delete mode 100644 Life/Algoritm/Excalidraw/pichers/Pasted Image 20260210204220_434.png
[2026-06-25 19:13:50]  delete mode 100644 Life/Algoritm/Excalidraw/pichers/Pasted Image 20260210204220_440.png
[2026-06-25 19:13:50]  delete mode 100644 Life/Algoritm/Excalidraw/pichers/Pasted Image 20260210204220_444.png
[2026-06-25 19:13:50]  delete mode 100644 Life/Algoritm/Excalidraw/pichers/Pasted Image 20260211223744_464.png
[2026-06-25 19:13:50]  delete mode 100644 Life/Algoritm/Excalidraw/pichers/Pasted Image 20260211223805_550.png
[2026-06-25 19:13:50]  delete mode 100644 Life/Algoritm/Excalidraw/pichers/Pasted Image 20260212004315_501.png
[2026-06-25 19:13:50]  delete mode 100644 Life/Algoritm/Excalidraw/pichers/Pasted Image 20260212150109_411.png
[2026-06-25 19:13:50]  delete mode 100644 Life/Algoritm/Excalidraw/pichers/Pasted Image 20260212151024_260.png
[2026-06-25 19:13:50]  delete mode 100644 Life/Algoritm/Excalidraw/pichers/Pasted Image 20260212221253_426.png
[2026-06-25 19:13:50]  delete mode 100644 Life/Algoritm/Excalidraw/pichers/Pasted Image 20260213221958_135.png
[2026-06-25 19:13:50]  delete mode 100644 Life/Algoritm/Excalidraw/pichers/Pasted Image 20260213222726_451.png
[2026-06-25 19:13:50]  delete mode 100644 Life/Algoritm/Excalidraw/pichers/Pasted Image 20260213223652_357.png
[2026-06-25 19:13:50]  delete mode 100644 Life/Algoritm/Excalidraw/pichers/Pasted Image 20260213224130_255.png
[2026-06-25 19:13:50]  delete mode 100644 Life/Algoritm/Excalidraw/pichers/Pasted Image 20260213225039_847.png
[2026-06-25 19:13:50]  delete mode 100644 Life/Algoritm/Excalidraw/pichers/Pasted Image 20260213225047_928.png
[2026-06-25 19:13:50]  delete mode 100644 Life/Algoritm/Excalidraw/pichers/Pasted Image 20260217131555_394.png
[2026-06-25 19:13:50]  delete mode 100644 Life/Algoritm/Excalidraw/pichers/Pasted Image 20260217131604_331.png
[2026-06-25 19:13:50]  delete mode 100644 Life/Algoritm/Excalidraw/pichers/Pasted Image 20260217131615_262.png
[2026-06-25 19:13:50]  delete mode 100644 Life/Algoritm/Excalidraw/pichers/Pasted Image 20260217131626_381.png
[2026-06-25 19:13:50]  delete mode 100644 Life/Algoritm/Excalidraw/pichers/Pasted Image 20260217145758_457.png
[2026-06-25 19:13:50]  delete mode 100644 Life/Algoritm/Excalidraw/pichers/Pasted Image 20260219115708_643.png
[2026-06-25 19:13:50]  delete mode 100644 Life/Algoritm/Excalidraw/pichers/Pasted Image 20260219115740_373.png
[2026-06-25 19:13:50]  delete mode 100644 Life/Algoritm/Excalidraw/pichers/Pasted Image 20260219120855_457.png
[2026-06-25 19:13:50]  delete mode 100644 Life/Algoritm/Excalidraw/pichers/Pasted Image 20260219121050_225.png
[2026-06-25 19:13:50]  delete mode 100644 Life/Algoritm/Excalidraw/pichers/Pasted Image 20260219121245_421.png
[2026-06-25 19:13:50]  delete mode 100644 Life/Algoritm/Excalidraw/pichers/Pasted Image 20260219210634_892.png
[2026-06-25 19:13:50]  delete mode 100644 Life/Algoritm/Excalidraw/pichers/Pasted Image 20260219210901_141.png
[2026-06-25 19:13:50]  delete mode 100644 Life/Algoritm/Excalidraw/pichers/Pasted Image 20260219210957_827.png
[2026-06-25 19:13:50]  delete mode 100644 Life/Algoritm/Excalidraw/pichers/Pasted Image 20260219211021_175.png
[2026-06-25 19:13:50]  delete mode 100644 Life/Algoritm/Excalidraw/pichers/Pasted Image 20260219211031_022.png
[2026-06-25 19:13:50]  delete mode 100644 Life/Algoritm/Excalidraw/pichers/Pasted Image 20260219211118_521.png
[2026-06-25 19:13:50]  delete mode 100644 Life/Algoritm/Excalidraw/pichers/Pasted Image 20260219211132_597.png
[2026-06-25 19:13:50]  delete mode 100644 Life/Algoritm/Excalidraw/pichers/Pasted Image 20260219211332_187.png
[2026-06-25 19:13:50]  delete mode 100644 Life/Algoritm/Excalidraw/pichers/Pasted Image 20260219235537_389.png
[2026-06-25 19:13:50]  delete mode 100644 Life/Algoritm/Excalidraw/pichers/Pasted Image 20260219235848_827.png
[2026-06-25 19:13:50]  delete mode 100644 Life/Algoritm/Excalidraw/pichers/Pasted Image 20260220004514_653.png
[2026-06-25 19:13:50]  delete mode 100644 Life/Algoritm/Excalidraw/pichers/Pasted Image 20260220004629_417.png
[2026-06-25 19:13:50]  delete mode 100644 Life/Algoritm/Excalidraw/pichers/Pasted Image 20260220004851_481.png
[2026-06-25 19:13:50]  delete mode 100644 Life/Algoritm/Excalidraw/pichers/Pasted Image 20260220004953_681.png
[2026-06-25 19:13:50]  delete mode 100644 Life/Algoritm/Excalidraw/pichers/Pasted Image 20260220005319_864.png
[2026-06-25 19:13:50]  delete mode 100644 Life/Algoritm/Excalidraw/pichers/Pasted Image 20260220005409_810.png
[2026-06-25 19:13:50]  delete mode 100644 Life/Algoritm/Excalidraw/pichers/Pasted Image 20260220005440_808.png
[2026-06-25 19:13:50]  delete mode 100644 Life/Algoritm/Excalidraw/pichers/Pasted Image 20260220005528_658.png
[2026-06-25 19:13:50]  delete mode 100644 Life/Algoritm/Excalidraw/pichers/Pasted Image 20260220005640_812.png
[2026-06-25 19:13:50]  delete mode 100644 Life/Algoritm/Excalidraw/pichers/Pasted Image 20260220005744_040.png
[2026-06-25 19:13:50]  delete mode 100644 Life/Algoritm/Excalidraw/pichers/Pasted Image 20260220005915_655.png
[2026-06-25 19:13:50]  delete mode 100644 Life/Algoritm/Excalidraw/pichers/Pasted Image 20260220005941_820.png
[2026-06-25 19:13:50]  delete mode 100644 Life/Algoritm/Excalidraw/pichers/Pasted Image 20260220010042_371.png
[2026-06-25 19:13:50]  delete mode 100644 Life/Algoritm/Excalidraw/pichers/Pasted Image 20260220010217_486.png
[2026-06-25 19:13:50]  delete mode 100644 Life/Algoritm/Excalidraw/pichers/Pasted Image 20260220010353_618.png
[2026-06-25 19:13:50]  delete mode 100644 Life/Algoritm/Excalidraw/pichers/Pasted Image 20260220010629_718.png
[2026-06-25 19:13:50]  delete mode 100644 Life/Algoritm/Excalidraw/pichers/Pasted Image 20260220012308_369.png
[2026-06-25 19:13:50]  delete mode 100644 Life/Algoritm/Excalidraw/pichers/Pasted Image 20260220140605_739.png
[2026-06-25 19:13:50]  delete mode 100644 Life/Algoritm/Excalidraw/pichers/Pasted Image 20260220140754_003.png
[2026-06-25 19:13:50]  delete mode 100644 Life/Algoritm/Excalidraw/pichers/Pasted Image 20260220141026_767.png
[2026-06-25 19:13:50]  delete mode 100644 Life/Algoritm/Excalidraw/pichers/Pasted Image 20260220141300_800.png
[2026-06-25 19:13:50]  delete mode 100644 Life/Algoritm/Excalidraw/pichers/Pasted Image 20260220141454_780.png
[2026-06-25 19:13:50]  delete mode 100644 Life/Algoritm/Excalidraw/pichers/Pasted Image 20260220141703_754.png
[2026-06-25 19:13:50]  delete mode 100644 Life/Algoritm/Excalidraw/pichers/Pasted Image 20260220141848_892.png
[2026-06-25 19:13:50]  delete mode 100644 Life/Algoritm/Excalidraw/pichers/Pasted Image 20260220142809_875.png
[2026-06-25 19:13:50]  delete mode 100644 Life/Algoritm/Excalidraw/pichers/Pasted Image 20260224215132_951.png
[2026-06-25 19:13:50]  delete mode 100644 Life/Algoritm/Excalidraw/pichers/Pasted Image 20260224215200_931.png
[2026-06-25 19:13:50]  delete mode 100644 Life/Algoritm/Excalidraw/pichers/Pasted Image 20260303150800_939.png
[2026-06-25 19:13:50]  delete mode 100644 Life/Algoritm/Excalidraw/pichers/Pasted Image 20260307005347_419.png
[2026-06-25 19:13:50]  delete mode 100644 Life/Algoritm/Excalidraw/pichers/Pasted Image 20260307005358_065.png
[2026-06-25 19:13:50]  delete mode 100644 Life/Algoritm/Excalidraw/pichers/Pasted Image 20260309115517_716.png
[2026-06-25 19:13:50]  delete mode 100644 Life/Algoritm/Excalidraw/pichers/Pasted Image 20260309145122_357.png
[2026-06-25 19:13:50]  delete mode 100644 Life/Algoritm/Excalidraw/pichers/Pasted Image 20260325212109_304.png
[2026-06-25 19:13:50]  delete mode 100644 Life/Algoritm/Excalidraw/pichers/Pasted Image 20260326204341_122.png
[2026-06-25 19:13:50]  delete mode 100644 Life/Algoritm/Excalidraw/pichers/Pasted Image 20260327224344_160.png
[2026-06-25 19:13:50]  delete mode 100644 Life/Algoritm/Excalidraw/pichers/Pasted Image 20260327224559_382.png
[2026-06-25 19:13:50]  delete mode 100644 Life/Algoritm/Excalidraw/pichers/Pasted Image 20260327232305_090.png
[2026-06-25 19:13:50]  delete mode 100644 Life/Algoritm/Excalidraw/pichers/Pasted Image 20260327232521_715.png
[2026-06-25 19:13:50]  delete mode 100644 Life/Algoritm/Excalidraw/pichers/Pasted Image 20260327234150_066.png
[2026-06-25 19:13:50]  delete mode 100644 Life/Algoritm/Excalidraw/pichers/Pasted Image 20260327234541_646.png
[2026-06-25 19:13:50]  delete mode 100644 Life/Algoritm/Excalidraw/pichers/Pasted Image 20260327234551_662.png
[2026-06-25 19:13:50]  delete mode 100644 Life/Algoritm/Excalidraw/pichers/Pasted Image 20260327234834_776.png
[2026-06-25 19:13:50]  delete mode 100644 Life/Algoritm/Excalidraw/pichers/Pasted Image 20260327234917_842.png
[2026-06-25 19:13:50]  delete mode 100644 Life/Algoritm/Excalidraw/pichers/Pasted Image 20260327235112_408.png
[2026-06-25 19:13:50]  delete mode 100644 Life/Algoritm/Excalidraw/pichers/Pasted Image 20260327235129_690.png
[2026-06-25 19:13:50]  delete mode 100644 Life/Algoritm/Excalidraw/pichers/Pasted Image 20260327235212_789.png
[2026-06-25 19:13:50]  delete mode 100644 Life/Algoritm/Excalidraw/pichers/Pasted Image 20260327235501_054.png
[2026-06-25 19:13:50]  delete mode 100644 Life/Algoritm/Excalidraw/pichers/Pasted Image 20260328000929_377.png
[2026-06-25 19:13:50]  delete mode 100644 Life/Algoritm/Excalidraw/pichers/Pasted Image 20260328001233_956.png
[2026-06-25 19:13:50]  delete mode 100644 Life/Algoritm/Excalidraw/pichers/Pasted Image 20260328001608_173.png
[2026-06-25 19:13:50]  delete mode 100644 Life/Algoritm/Excalidraw/pichers/Pasted Image 20260410224211_573.png
[2026-06-25 19:13:50]  delete mode 100644 Life/Algoritm/Excalidraw/pichers/Pasted Image 20260414182021_436.png
[2026-06-25 19:13:50]  delete mode 100644 Life/Algoritm/Excalidraw/pichers/Pasted Image 20260419122024_326.png
[2026-06-25 19:13:50]  delete mode 100644 Life/Algoritm/Excalidraw/pichers/Pasted Image 20260419122408_535.png
[2026-06-25 19:13:50]  delete mode 100644 Life/Algoritm/Excalidraw/pichers/Pasted Image 20260419150327_673.png
[2026-06-25 19:13:50]  delete mode 100644 Life/Algoritm/Excalidraw/pichers/Pasted Image 20260425153842_953.png
[2026-06-25 19:13:50]  delete mode 100644 Life/Algoritm/Excalidraw/pichers/Pasted Image 20260425162259_011.png
[2026-06-25 19:13:50]  delete mode 100644 Life/Algoritm/Excalidraw/pichers/Pasted Image 20260428215951_077.png
[2026-06-25 19:13:50]  delete mode 100644 Life/Algoritm/Excalidraw/pichers/Pasted Image 20260511134900_382.png
[2026-06-25 19:13:50]  delete mode 100644 Life/Algoritm/Excalidraw/pichers/Pasted Image 20260511135711_746.png
[2026-06-25 19:13:50]  delete mode 100644 Life/Algoritm/Excalidraw/pichers/Pasted Image 20260512220101_946.png
[2026-06-25 19:13:50]  delete mode 100644 Life/Algoritm/Excalidraw/pichers/Pasted Image 20260519220556_483.png
[2026-06-25 19:13:50]  delete mode 100644 Life/Algoritm/Excalidraw/pichers/Pasted Image 20260519220703_098.png
[2026-06-25 19:13:50]  delete mode 100644 Life/Algoritm/Excalidraw/pichers/Pasted Image 20260519235227_886.png
[2026-06-25 19:13:50]  delete mode 100644 Life/Algoritm/Excalidraw/pichers/Pasted Image 20260522151237_188.png
[2026-06-25 19:13:50]  delete mode 100644 Life/Algoritm/Excalidraw/pichers/Pasted Image 20260522151237_243.png
[2026-06-25 19:13:50]  delete mode 100644 Life/Algoritm/Excalidraw/pichers/Pasted Image 20260522151237_258.png
[2026-06-25 19:13:50]  delete mode 100644 Life/Algoritm/Excalidraw/pichers/Pasted Image 20260522151237_291.png
[2026-06-25 19:13:50]  delete mode 100644 Life/Algoritm/Excalidraw/pichers/Pasted Image 20260522151237_308.png
[2026-06-25 19:13:50]  delete mode 100644 Life/Algoritm/Excalidraw/pichers/Pasted Image 20260522151237_334.png
[2026-06-25 19:13:50]  delete mode 100644 Life/Algoritm/Excalidraw/pichers/Pasted Image 20260522151237_352.png
[2026-06-25 19:13:50]  delete mode 100644 Life/Algoritm/Excalidraw/pichers/Pasted Image 20260522151237_389.png
[2026-06-25 19:13:50]  delete mode 100644 Life/Algoritm/Excalidraw/pichers/Pasted Image 20260522212641_284.png
[2026-06-25 19:13:50]  delete mode 100644 Life/Algoritm/Excalidraw/pichers/Pasted Image 20260522212641_323.png
[2026-06-25 19:13:50]  delete mode 100644 Life/Algoritm/Excalidraw/pichers/Pasted Image 20260522212641_333.png
[2026-06-25 19:13:50]  delete mode 100644 Life/Algoritm/Excalidraw/pichers/Pasted Image 20260522225004_339.png
[2026-06-25 19:13:50]  delete mode 100644 Life/Algoritm/Excalidraw/pichers/Pasted Image 20260522225004_380.png
[2026-06-25 19:13:50]  delete mode 100644 Life/Algoritm/Excalidraw/pichers/Pasted Image 20260522225004_395.png
[2026-06-25 19:13:50]  delete mode 100644 Life/Algoritm/Excalidraw/pichers/Pasted Image 20260524163053_109.png
[2026-06-25 19:13:50]  delete mode 100644 Life/Algoritm/Excalidraw/pichers/Pasted Image 20260524163118_139.png
[2026-06-25 19:13:50]  delete mode 100644 Life/Algoritm/Excalidraw/pichers/Pasted Image 20260529021426_423.png
[2026-06-25 19:13:50]  delete mode 100644 Life/Algoritm/Excalidraw/pichers/Pasted Image 20260606154953_573.png
[2026-06-25 19:13:50]  delete mode 100644 Life/Algoritm/Excalidraw/pichers/Pasted Image 20260606154953_614.png
[2026-06-25 19:13:50]  delete mode 100644 Life/Algoritm/Excalidraw/pichers/Pasted Image 20260609230527_198.png
[2026-06-25 19:13:50]  delete mode 100644 Life/Algoritm/Excalidraw/pichers/Pasted Image 20260609231013_778.png
[2026-06-25 19:13:50]  delete mode 100644 Life/Algoritm/Excalidraw/pichers/Pasted Image 20260609231156_502.png
[2026-06-25 19:13:50]  delete mode 100644 Life/Algoritm/Excalidraw/pichers/Pasted Image 20260609231219_906.png
[2026-06-25 19:13:50]  delete mode 100644 Life/Algoritm/Excalidraw/pichers/Pasted Image 20260609231556_859.png
[2026-06-25 19:13:50]  delete mode 100644 Life/Algoritm/Excalidraw/pichers/Pasted Image 20260613151843_926.png
[2026-06-25 19:13:50]  delete mode 100644 Life/Algoritm/Excalidraw/pichers/Pasted Image 20260613151843_983.png
[2026-06-25 19:13:50]  delete mode 100644 Life/Algoritm/Excalidraw/pichers/Pasted Image 20260617103553_177.png
[2026-06-25 19:13:50]  delete mode 100644 Life/Algoritm/Excalidraw/pichers/Pasted Image 20260617104003_519.png
[2026-06-25 19:13:50]  delete mode 100644 Life/Algoritm/Excalidraw/pichers/Pasted image 20260301151204.png
[2026-06-25 19:13:50]  delete mode 100644 Life/Algoritm/Excalidraw/pichers/Pasted image 20260301151238.png
[2026-06-25 19:13:50]  delete mode 100644 Life/Algoritm/Excalidraw/pichers/Pasted image 20260301151302.png
[2026-06-25 19:13:50]  delete mode 100644 Life/Algoritm/Excalidraw/pichers/Pasted image 20260302122753.png
[2026-06-25 19:13:50]  delete mode 100644 Life/Algoritm/Excalidraw/pichers/Pasted image 20260302150930.png
[2026-06-25 19:13:50]  delete mode 100644 Life/Algoritm/Excalidraw/pichers/Pasted image 20260303165134.png
[2026-06-25 19:13:50]  delete mode 100644 Life/Algoritm/Excalidraw/pichers/Pasted image 20260303165223.png
[2026-06-25 19:13:50]  delete mode 100644 Life/Algoritm/Excalidraw/pichers/Pasted image 20260303165400.png
[2026-06-25 19:13:50]  delete mode 100644 Life/Algoritm/Excalidraw/pichers/Pasted image 20260303165617.png
[2026-06-25 19:13:50]  delete mode 100644 Life/Algoritm/Excalidraw/pichers/Pasted image 20260305181457.png
[2026-06-25 19:13:50]  delete mode 100644 Life/Algoritm/Excalidraw/pichers/Pasted image 20260307000108.png
[2026-06-25 19:13:50]  delete mode 100644 Life/Algoritm/Excalidraw/pichers/Pasted image 20260307000220.png
[2026-06-25 19:13:50]  delete mode 100644 Life/Algoritm/Excalidraw/pichers/Pasted image 20260307001031.png
[2026-06-25 19:13:50]  delete mode 100644 Life/Algoritm/Excalidraw/pichers/Pasted image 20260307001119.png
[2026-06-25 19:13:50]  delete mode 100644 Life/Algoritm/Excalidraw/pichers/Pasted image 20260307001146.png
[2026-06-25 19:13:50]  delete mode 100644 Life/Algoritm/Excalidraw/pichers/Pasted image 20260307001227.png
[2026-06-25 19:13:50]  delete mode 100644 Life/Algoritm/Excalidraw/pichers/Pasted image 20260307001259.png
[2026-06-25 19:13:50]  delete mode 100644 Life/Algoritm/Excalidraw/pichers/Pasted image 20260307001402.png
[2026-06-25 19:13:50]  delete mode 100644 Life/Algoritm/Excalidraw/pichers/Pasted image 20260307002214.png
[2026-06-25 19:13:50]  delete mode 100644 Life/Algoritm/Excalidraw/pichers/Pasted image 20260307002255.png
[2026-06-25 19:13:50]  delete mode 100644 Life/Algoritm/Excalidraw/pichers/Pasted image 20260307002518.png
[2026-06-25 19:13:50]  delete mode 100644 Life/Algoritm/Excalidraw/pichers/Pasted image 20260307002557.png
[2026-06-25 19:13:50]  delete mode 100644 Life/Algoritm/Excalidraw/pichers/Pasted image 20260311170213.png
[2026-06-25 19:13:50]  delete mode 100644 Life/Algoritm/Excalidraw/pichers/Pasted image 20260311172534.png
[2026-06-25 19:13:50]  delete mode 100644 Life/Algoritm/Excalidraw/pichers/Pasted image 20260312164138.png
[2026-06-25 19:13:50]  delete mode 100644 Life/Algoritm/Excalidraw/pichers/Pasted image 20260317180326.png
[2026-06-25 19:13:50]  delete mode 100644 Life/Algoritm/Excalidraw/pichers/Pasted image 20260321000503.png
[2026-06-25 19:13:50]  delete mode 100644 Life/Algoritm/Excalidraw/pichers/Pasted image 20260321001432.png
[2026-06-25 19:13:50]  delete mode 100644 Life/Algoritm/Excalidraw/pichers/Pasted image 20260321001558.png
[2026-06-25 19:13:50]  delete mode 100644 Life/Algoritm/Excalidraw/pichers/Pasted image 20260321001637.png
[2026-06-25 19:13:50]  delete mode 100644 Life/Algoritm/Excalidraw/pichers/Pasted image 20260321001711.png
[2026-06-25 19:13:50]  delete mode 100644 Life/Algoritm/Excalidraw/pichers/Pasted image 20260321001840.png
[2026-06-25 19:13:50]  delete mode 100644 Life/Algoritm/Excalidraw/pichers/Pasted image 20260403000839.png
[2026-06-25 19:13:50]  delete mode 100644 Life/Algoritm/Excalidraw/pichers/Pasted image 20260403004407.png
[2026-06-25 19:13:50]  delete mode 100644 Life/Algoritm/Excalidraw/pichers/Pasted image 20260403004541.png
[2026-06-25 19:13:50]  delete mode 100644 Life/Algoritm/Excalidraw/pichers/Pasted image 20260403005553.png
[2026-06-25 19:13:50]  delete mode 100644 Life/Algoritm/Excalidraw/pichers/Pasted image 20260403005912.png
[2026-06-25 19:13:50]  delete mode 100644 Life/Algoritm/Excalidraw/pichers/Pasted image 20260404012155.png
[2026-06-25 19:13:50]  delete mode 100644 Life/Algoritm/Excalidraw/pichers/Pasted image 20260418115959.png
[2026-06-25 19:13:50]  delete mode 100644 Life/Algoritm/Excalidraw/pichers/Pasted image 20260611033205.png
[2026-06-25 19:13:50]  delete mode 100644 Life/Algoritm/Excalidraw/pichers/chad_21faf557974d4a7d96b055372799deb1.png
[2026-06-25 19:13:50]  delete mode 100644 Life/Algoritm/Excalidraw/pichers/chad_cf037d522c1d4eab8336aaf5cdefef64.png
[2026-06-25 19:13:50]  delete mode 100644 Life/Algoritm/Excalidraw/pichers/photo_2026-04-22_02-11-22.jpg
[2026-06-25 19:13:50]  delete mode 100644 Life/Algoritm/Excalidraw/pichers/photo_2026-05-06_20-16-01.jpg
[2026-06-25 19:13:50]  delete mode 100644 "Life/Algoritm/Excalidraw/pichers/\320\224\320\227.md"
[2026-06-25 19:13:50]  delete mode 100644 "Life/Algoritm/Excalidraw/\320\220\320\273\320\263\320\276\321\200\320\270\321\202\320\274\321\213.md"
[2026-06-25 19:13:50]  delete mode 100644 "Life/Algoritm/Excalidraw/\320\220\320\275\320\263\320\273\320\270\321\201\320\272\320\270\320\271.md"
[2026-06-25 19:13:50]  delete mode 100644 "Life/Algoritm/Excalidraw/\320\220\321\200\321\205\320\270\320\262 Excalidraw/Array.md"
[2026-06-25 19:13:50]  delete mode 100644 "Life/Algoritm/Excalidraw/\320\220\321\200\321\205\320\270\320\262 Excalidraw/GC.md"
[2026-06-25 19:13:50]  delete mode 100644 "Life/Algoritm/Excalidraw/\320\220\321\200\321\205\320\270\320\262 Excalidraw/Pasted Image 20260617103441_793.png"
[2026-06-25 19:13:50]  delete mode 100644 "Life/Algoritm/Excalidraw/\320\220\321\200\321\205\320\270\320\262 Excalidraw/Slading Window.md"
[2026-06-25 19:13:50]  delete mode 100644 "Life/Algoritm/Excalidraw/\320\220\321\200\321\205\320\270\320\262 Excalidraw/System design.md"
[2026-06-25 19:13:50]  delete mode 100644 "Life/Algoritm/Excalidraw/\320\220\321\200\321\205\320\270\320\262 Excalidraw/Two Pointer.md"
[2026-06-25 19:13:50]  delete mode 100644 "Life/Algoritm/Excalidraw/\320\220\321\200\321\205\320\270\320\262 Excalidraw/\320\223\320\260\320\271\320\264 \320\275\320\260 \320\266\320\270\320\267\320\275\321\214.md"
[2026-06-25 19:13:50]  delete mode 100644 "Life/Algoritm/Excalidraw/\320\220\321\200\321\205\320\270\320\262 Excalidraw/\320\227\320\275\320\260\320\275\320\270\321\217.md"
[2026-06-25 19:13:50]  delete mode 100644 "Life/Algoritm/Excalidraw/\320\220\321\200\321\205\320\270\320\262 Excalidraw/\320\232\320\260\320\272 \320\264\321\203\320\274\320\260\321\202\321\214 LeetCode.md"
[2026-06-25 19:13:50]  delete mode 100644 "Life/Algoritm/Excalidraw/\320\220\321\200\321\205\320\270\320\262 Excalidraw/\320\232\320\260\320\272 \320\264\321\203\320\274\320\260\321\202\321\214 \320\220\320\273\320\263\320\276\321\200\320\270\321\202\320\274\320\270\321\207\320\265\321\201\320\270.md"
[2026-06-25 19:13:50]  delete mode 100644 "Life/Algoritm/Excalidraw/\320\220\321\200\321\205\320\270\320\262 Excalidraw/\320\232\320\260\320\272 \320\277\320\270\321\201\320\260\321\202\321\214 \320\267\320\260\320\274\320\265\321\202\320\272\320\270.md"
[2026-06-25 19:13:50]  delete mode 100644 "Life/Algoritm/Excalidraw/\320\220\321\200\321\205\320\270\320\262 Excalidraw/\320\234\320\275\320\276\320\263\320\276\320\277\320\276\321\202\320\276\321\207\320\272\320\260.md"
[2026-06-25 19:13:50]  delete mode 100644 "Life/Algoritm/Excalidraw/\320\220\321\200\321\205\320\270\320\262 Excalidraw/\320\237\320\273\320\260\320\275\320\270\321\200\320\276\320\262\320\260\320\275\320\270\320\265.md"
[2026-06-25 19:13:50]  delete mode 100644 "Life/Algoritm/Excalidraw/\320\220\321\200\321\205\320\270\320\262 Excalidraw/\320\237\320\273\320\260\320\275\320\270\321\200\320\276\320\262\321\211\320\270\320\272\320\270.md"
[2026-06-25 19:13:50]  delete mode 100644 "Life/Algoritm/Excalidraw/\320\220\321\200\321\205\320\270\320\262 Excalidraw/\320\237\321\200\320\265\320\267\320\260 Big O.md"
[2026-06-25 19:13:50]  delete mode 100644 "Life/Algoritm/Excalidraw/\320\220\321\200\321\205\320\270\320\262 Excalidraw/\320\237\321\200\320\265\320\267\321\213.md"
[2026-06-25 19:13:50]  delete mode 100644 "Life/Algoritm/Excalidraw/\320\220\321\200\321\205\320\270\320\262 Excalidraw/\320\242\320\265\321\205 \320\240\320\260\320\264\320\260\321\200.md"
[2026-06-25 19:13:50]  delete mode 100644 "Life/Algoritm/Excalidraw/\320\224\320\276\321\201\320\272\320\260.md"
[2026-06-25 19:13:50]  delete mode 100644 "Life/Algoritm/Excalidraw/\320\233\321\216\320\264\320\270.md"
[2026-06-25 19:13:50]  delete mode 100644 "Life/Algoritm/Excalidraw/\320\236\320\261\321\211\320\260\321\202\321\214\321\201\321\217 \321\201 \320\273\321\216\320\264\321\214\320\274\320\270.md"
[2026-06-25 19:13:50]  delete mode 100644 "Life/Algoritm/Excalidraw/\320\237\320\273\320\260\320\275.md"
[2026-06-25 19:13:50]  delete mode 100644 "Life/Algoritm/Excalidraw/\320\237\320\276\320\270\321\201\320\272 \320\273\321\216\320\264\320\265\320\271 \320\270 \320\241\320\270\320\275\320\272.md"
[2026-06-25 19:13:50]  delete mode 100644 "Life/Algoritm/Progect Notes/\320\232\320\275\320\270\320\263\320\270/\320\223\321\200\320\276\320\272\320\260\320\265\320\274 \320\220\320\273\320\263\320\276\321\200\320\270\321\202\320\274\321\213.md"
[2026-06-25 19:13:50]  delete mode 100644 "Life/Algoritm/Progect Notes/\320\232\320\275\320\270\320\263\320\270/\320\237\321\200\320\260\320\272\321\202\320\270\321\207\320\265\321\201\320\272\320\276\320\265 \320\274\321\213\321\210\320\273\320\265\320\275\320\270\320\265.md"
[2026-06-25 19:13:50]  delete mode 100644 "Life/Algoritm/Progect Notes/\320\232\320\275\320\270\320\263\320\270/\320\247\321\202\320\276 \320\276\320\266\320\270\320\264\320\260\321\216 \320\237\320\234.md"
[2026-06-25 19:13:50]  delete mode 100644 "Life/Algoritm/Progect Notes/\320\235\320\260\320\277\320\270\321\201\320\260\321\202\321\214/members_\320\247\320\260\321\202_\320\237\321\200\320\276\321\201\321\202\321\213\321\205_\320\234\321\213\321\201\320\273\320\265\320\271_2026_05_02_16_34_42_username_column 1.txt"
[2026-06-25 19:13:50]  delete mode 100644 "Life/Algoritm/Progect Notes/\320\235\320\260\320\277\320\270\321\201\320\260\321\202\321\214/members_\320\247\320\260\321\202_\320\237\321\200\320\276\321\201\321\202\321\213\321\205_\320\234\321\213\321\201\320\273\320\265\320\271_2026_05_02_16_34_42_username_column.txt"
[2026-06-25 19:13:50]  delete mode 100644 "Life/Algoritm/Progect Notes/\320\235\320\260\320\277\320\270\321\201\320\260\321\202\321\214/\320\237\321\200\320\276\320\274\321\202 2.md"
[2026-06-25 19:13:50]  delete mode 100644 "Life/Algoritm/Progect Notes/\320\235\320\260\320\277\320\270\321\201\320\260\321\202\321\214/\320\237\321\200\320\276\321\201\321\202\321\213\320\265 \320\274\321\213\321\201\320\273\320\270.md"
[2026-06-25 19:13:50]  delete mode 100644 Life/Algoritm/Setings/Excalidraw/Drawing 2026-04-08 19.30.05.excalidraw.md
[2026-06-25 19:13:50]  delete mode 100644 Life/Algoritm/Setings/Excalidraw/Drawing 2026-04-08 19.30.06.excalidraw.md
[2026-06-25 19:13:50]  delete mode 100644 Life/Algoritm/Setings/Excalidraw/Drawing 2026-04-08 19.30.07.excalidraw.md
[2026-06-25 19:13:50]  delete mode 100644 Life/Algoritm/Setings/Excalidraw/Drawing 2026-04-08 19.30.08.excalidraw.md
[2026-06-25 19:13:50]  delete mode 100644 Life/Algoritm/Setings/Pasted Image 20260524162947_768.png
[2026-06-25 19:13:50]  delete mode 100644 Life/Algoritm/Setings/pichers/Pasted Image 20260204161840_984.png
[2026-06-25 19:13:50]  delete mode 100644 Life/Algoritm/Setings/pichers/Pasted Image 20260204161853_610.png
[2026-06-25 19:13:50]  delete mode 100644 Life/Algoritm/Setings/pichers/Pasted Image 20260204161918_678.png
[2026-06-25 19:13:50]  delete mode 100644 Life/Algoritm/Setings/pichers/Pasted Image 20260204162544_802.png
[2026-06-25 19:13:50]  delete mode 100644 Life/Algoritm/Setings/pichers/Pasted Image 20260205131031_944.png
[2026-06-25 19:13:50]  delete mode 100644 Life/Algoritm/Setings/pichers/Pasted Image 20260205131057_740.png
[2026-06-25 19:13:50]  delete mode 100644 Life/Algoritm/Setings/pichers/Pasted Image 20260205144614_077.png
[2026-06-25 19:13:50]  delete mode 100644 Life/Algoritm/Setings/pichers/Pasted Image 20260205144643_128.png
[2026-06-25 19:13:50]  delete mode 100644 Life/Algoritm/Setings/pichers/Pasted Image 20260205151058_424.png
[2026-06-25 19:13:50]  delete mode 100644 Life/Algoritm/Setings/pichers/Pasted Image 20260205184449_504.png
[2026-06-25 19:13:50]  delete mode 100644 Life/Algoritm/Setings/pichers/Pasted Image 20260210011526_595.png
[2026-06-25 19:13:50]  delete mode 100644 Life/Algoritm/Setings/pichers/Pasted Image 20260210011526_602.png
[2026-06-25 19:13:50]  delete mode 100644 Life/Algoritm/Setings/pichers/Pasted Image 20260210123216_246.png
[2026-06-25 19:13:50]  delete mode 100644 Life/Algoritm/Setings/pichers/Pasted Image 20260210150704_489.png
[2026-06-25 19:13:50]  delete mode 100644 Life/Algoritm/Setings/pichers/Pasted Image 20260210151640_784.png
[2026-06-25 19:13:50]  delete mode 100644 Life/Algoritm/Setings/pichers/Pasted Image 20260210152115_600.png
[2026-06-25 19:13:50]  delete mode 100644 Life/Algoritm/Setings/pichers/Pasted Image 20260210204220_382.png
[2026-06-25 19:13:50]  delete mode 100644 Life/Algoritm/Setings/pichers/Pasted Image 20260210204220_434.png
[2026-06-25 19:13:50]  delete mode 100644 Life/Algoritm/Setings/pichers/Pasted Image 20260210204220_440.png
[2026-06-25 19:13:50]  delete mode 100644 Life/Algoritm/Setings/pichers/Pasted Image 20260210204220_444.png
[2026-06-25 19:13:50]  delete mode 100644 Life/Algoritm/Setings/pichers/Pasted Image 20260211223744_464.png
[2026-06-25 19:13:50]  delete mode 100644 Life/Algoritm/Setings/pichers/Pasted Image 20260211223805_550.png
[2026-06-25 19:13:50]  delete mode 100644 Life/Algoritm/Setings/pichers/Pasted Image 20260212004315_501.png
[2026-06-25 19:13:50]  delete mode 100644 Life/Algoritm/Setings/pichers/Pasted Image 20260212150109_411.png
[2026-06-25 19:13:50]  delete mode 100644 Life/Algoritm/Setings/pichers/Pasted Image 20260212151024_260.png
[2026-06-25 19:13:50]  delete mode 100644 Life/Algoritm/Setings/pichers/Pasted Image 20260212221253_426.png
[2026-06-25 19:13:50]  delete mode 100644 Life/Algoritm/Setings/pichers/Pasted Image 20260213221958_135.png
[2026-06-25 19:13:50]  delete mode 100644 Life/Algoritm/Setings/pichers/Pasted Image 20260213222726_451.png
[2026-06-25 19:13:50]  delete mode 100644 Life/Algoritm/Setings/pichers/Pasted Image 20260213223652_357.png
[2026-06-25 19:13:50]  delete mode 100644 Life/Algoritm/Setings/pichers/Pasted Image 20260213224130_255.png
[2026-06-25 19:13:50]  delete mode 100644 Life/Algoritm/Setings/pichers/Pasted Image 20260213225039_847.png
[2026-06-25 19:13:50]  delete mode 100644 Life/Algoritm/Setings/pichers/Pasted Image 20260213225047_928.png
[2026-06-25 19:13:50]  delete mode 100644 Life/Algoritm/Setings/pichers/Pasted Image 20260217131555_394.png
[2026-06-25 19:13:50]  delete mode 100644 Life/Algoritm/Setings/pichers/Pasted Image 20260217131604_331.png
[2026-06-25 19:13:50]  delete mode 100644 Life/Algoritm/Setings/pichers/Pasted Image 20260217131615_262.png
[2026-06-25 19:13:50]  delete mode 100644 Life/Algoritm/Setings/pichers/Pasted Image 20260217131626_381.png
[2026-06-25 19:13:50]  delete mode 100644 Life/Algoritm/Setings/pichers/Pasted Image 20260217145758_457.png
[2026-06-25 19:13:50]  delete mode 100644 Life/Algoritm/Setings/pichers/Pasted Image 20260219115708_643.png
[2026-06-25 19:13:50]  delete mode 100644 Life/Algoritm/Setings/pichers/Pasted Image 20260219115740_373.png
[2026-06-25 19:13:50]  delete mode 100644 Life/Algoritm/Setings/pichers/Pasted Image 20260219120855_457.png
[2026-06-25 19:13:50]  delete mode 100644 Life/Algoritm/Setings/pichers/Pasted Image 20260219121050_225.png
[2026-06-25 19:13:50]  delete mode 100644 Life/Algoritm/Setings/pichers/Pasted Image 20260219121245_421.png
[2026-06-25 19:13:50]  delete mode 100644 Life/Algoritm/Setings/pichers/Pasted Image 20260219210634_892.png
[2026-06-25 19:13:50]  delete mode 100644 Life/Algoritm/Setings/pichers/Pasted Image 20260219210901_141.png
[2026-06-25 19:13:50]  delete mode 100644 Life/Algoritm/Setings/pichers/Pasted Image 20260219210957_827.png
[2026-06-25 19:13:50]  delete mode 100644 Life/Algoritm/Setings/pichers/Pasted Image 20260219211021_175.png
[2026-06-25 19:13:50]  delete mode 100644 Life/Algoritm/Setings/pichers/Pasted Image 20260219211031_022.png
[2026-06-25 19:13:50]  delete mode 100644 Life/Algoritm/Setings/pichers/Pasted Image 20260219211118_521.png
[2026-06-25 19:13:50]  delete mode 100644 Life/Algoritm/Setings/pichers/Pasted Image 20260219211132_597.png
[2026-06-25 19:13:50]  delete mode 100644 Life/Algoritm/Setings/pichers/Pasted Image 20260219211332_187.png
[2026-06-25 19:13:50]  delete mode 100644 Life/Algoritm/Setings/pichers/Pasted Image 20260219235537_389.png
[2026-06-25 19:13:50]  delete mode 100644 Life/Algoritm/Setings/pichers/Pasted Image 20260219235848_827.png
[2026-06-25 19:13:50]  delete mode 100644 Life/Algoritm/Setings/pichers/Pasted Image 20260220004514_653.png
[2026-06-25 19:13:50]  delete mode 100644 Life/Algoritm/Setings/pichers/Pasted Image 20260220004629_417.png
[2026-06-25 19:13:50]  delete mode 100644 Life/Algoritm/Setings/pichers/Pasted Image 20260220004851_481.png
[2026-06-25 19:13:50]  delete mode 100644 Life/Algoritm/Setings/pichers/Pasted Image 20260220004953_681.png
[2026-06-25 19:13:50]  delete mode 100644 Life/Algoritm/Setings/pichers/Pasted Image 20260220005319_864.png
[2026-06-25 19:13:50]  delete mode 100644 Life/Algoritm/Setings/pichers/Pasted Image 20260220005409_810.png
[2026-06-25 19:13:50]  delete mode 100644 Life/Algoritm/Setings/pichers/Pasted Image 20260220005440_808.png
[2026-06-25 19:13:50]  delete mode 100644 Life/Algoritm/Setings/pichers/Pasted Image 20260220005528_658.png
[2026-06-25 19:13:50]  delete mode 100644 Life/Algoritm/Setings/pichers/Pasted Image 20260220005640_812.png
[2026-06-25 19:13:50]  delete mode 100644 Life/Algoritm/Setings/pichers/Pasted Image 20260220005744_040.png
[2026-06-25 19:13:50]  delete mode 100644 Life/Algoritm/Setings/pichers/Pasted Image 20260220005915_655.png
[2026-06-25 19:13:50]  delete mode 100644 Life/Algoritm/Setings/pichers/Pasted Image 20260220005941_820.png
[2026-06-25 19:13:50]  delete mode 100644 Life/Algoritm/Setings/pichers/Pasted Image 20260220010042_371.png
[2026-06-25 19:13:50]  delete mode 100644 Life/Algoritm/Setings/pichers/Pasted Image 20260220010217_486.png
[2026-06-25 19:13:50]  delete mode 100644 Life/Algoritm/Setings/pichers/Pasted Image 20260220010353_618.png
[2026-06-25 19:13:50]  delete mode 100644 Life/Algoritm/Setings/pichers/Pasted Image 20260220010629_718.png
[2026-06-25 19:13:50]  delete mode 100644 Life/Algoritm/Setings/pichers/Pasted Image 20260220012308_369.png
[2026-06-25 19:13:50]  delete mode 100644 Life/Algoritm/Setings/pichers/Pasted Image 20260220140605_739.png
[2026-06-25 19:13:50]  delete mode 100644 Life/Algoritm/Setings/pichers/Pasted Image 20260220140754_003.png
[2026-06-25 19:13:50]  delete mode 100644 Life/Algoritm/Setings/pichers/Pasted Image 20260220141026_767.png
[2026-06-25 19:13:50]  delete mode 100644 Life/Algoritm/Setings/pichers/Pasted Image 20260220141300_800.png
[2026-06-25 19:13:50]  delete mode 100644 Life/Algoritm/Setings/pichers/Pasted Image 20260220141454_780.png
[2026-06-25 19:13:50]  delete mode 100644 Life/Algoritm/Setings/pichers/Pasted Image 20260220141703_754.png
[2026-06-25 19:13:50]  delete mode 100644 Life/Algoritm/Setings/pichers/Pasted Image 20260220141848_892.png
[2026-06-25 19:13:50]  delete mode 100644 Life/Algoritm/Setings/pichers/Pasted Image 20260220142809_875.png
[2026-06-25 19:13:50]  delete mode 100644 Life/Algoritm/Setings/pichers/Pasted Image 20260224215132_951.png
[2026-06-25 19:13:50]  delete mode 100644 Life/Algoritm/Setings/pichers/Pasted Image 20260224215200_931.png
[2026-06-25 19:13:50]  delete mode 100644 Life/Algoritm/Setings/pichers/Pasted Image 20260303150800_939.png
[2026-06-25 19:13:50]  delete mode 100644 Life/Algoritm/Setings/pichers/Pasted Image 20260307005347_419.png
[2026-06-25 19:13:50]  delete mode 100644 Life/Algoritm/Setings/pichers/Pasted Image 20260307005358_065.png
[2026-06-25 19:13:50]  delete mode 100644 Life/Algoritm/Setings/pichers/Pasted Image 20260309115517_716.png
[2026-06-25 19:13:50]  delete mode 100644 Life/Algoritm/Setings/pichers/Pasted Image 20260309145122_357.png
[2026-06-25 19:13:50]  delete mode 100644 Life/Algoritm/Setings/pichers/Pasted Image 20260325212109_304.png
[2026-06-25 19:13:50]  delete mode 100644 Life/Algoritm/Setings/pichers/Pasted Image 20260326204341_122.png
[2026-06-25 19:13:50]  delete mode 100644 Life/Algoritm/Setings/pichers/Pasted Image 20260327224344_160.png
[2026-06-25 19:13:50]  delete mode 100644 Life/Algoritm/Setings/pichers/Pasted Image 20260327224559_382.png
[2026-06-25 19:13:50]  delete mode 100644 Life/Algoritm/Setings/pichers/Pasted Image 20260327232305_090.png
[2026-06-25 19:13:50]  delete mode 100644 Life/Algoritm/Setings/pichers/Pasted Image 20260327232521_715.png
[2026-06-25 19:13:50]  delete mode 100644 Life/Algoritm/Setings/pichers/Pasted Image 20260327234150_066.png
[2026-06-25 19:13:50]  delete mode 100644 Life/Algoritm/Setings/pichers/Pasted Image 20260327234541_646.png
[2026-06-25 19:13:50]  delete mode 100644 Life/Algoritm/Setings/pichers/Pasted Image 20260327234551_662.png
[2026-06-25 19:13:50]  delete mode 100644 Life/Algoritm/Setings/pichers/Pasted Image 20260327234834_776.png
[2026-06-25 19:13:50]  delete mode 100644 Life/Algoritm/Setings/pichers/Pasted Image 20260327234917_842.png
[2026-06-25 19:13:50]  delete mode 100644 Life/Algoritm/Setings/pichers/Pasted Image 20260327235112_408.png
[2026-06-25 19:13:50]  delete mode 100644 Life/Algoritm/Setings/pichers/Pasted Image 20260327235129_690.png
[2026-06-25 19:13:50]  delete mode 100644 Life/Algoritm/Setings/pichers/Pasted Image 20260327235212_789.png
[2026-06-25 19:13:50]  delete mode 100644 Life/Algoritm/Setings/pichers/Pasted Image 20260327235501_054.png
[2026-06-25 19:13:50]  delete mode 100644 Life/Algoritm/Setings/pichers/Pasted Image 20260328000929_377.png
[2026-06-25 19:13:50]  delete mode 100644 Life/Algoritm/Setings/pichers/Pasted Image 20260328001233_956.png
[2026-06-25 19:13:50]  delete mode 100644 Life/Algoritm/Setings/pichers/Pasted Image 20260328001608_173.png
[2026-06-25 19:13:50]  delete mode 100644 Life/Algoritm/Setings/pichers/Pasted Image 20260410224211_573.png
[2026-06-25 19:13:50]  delete mode 100644 Life/Algoritm/Setings/pichers/Pasted Image 20260414182021_436.png
[2026-06-25 19:13:50]  delete mode 100644 Life/Algoritm/Setings/pichers/Pasted Image 20260419122024_326.png
[2026-06-25 19:13:50]  delete mode 100644 Life/Algoritm/Setings/pichers/Pasted Image 20260419122408_535.png
[2026-06-25 19:13:50]  delete mode 100644 Life/Algoritm/Setings/pichers/Pasted Image 20260419150327_673.png
[2026-06-25 19:13:50]  delete mode 100644 Life/Algoritm/Setings/pichers/Pasted Image 20260425153842_953.png
[2026-06-25 19:13:50]  delete mode 100644 Life/Algoritm/Setings/pichers/Pasted Image 20260425162259_011.png
[2026-06-25 19:13:50]  delete mode 100644 Life/Algoritm/Setings/pichers/Pasted Image 20260428215951_077.png
[2026-06-25 19:13:50]  delete mode 100644 Life/Algoritm/Setings/pichers/Pasted Image 20260511134900_382.png
[2026-06-25 19:13:50]  delete mode 100644 Life/Algoritm/Setings/pichers/Pasted Image 20260511135711_746.png
[2026-06-25 19:13:50]  delete mode 100644 Life/Algoritm/Setings/pichers/Pasted Image 20260512220101_946.png
[2026-06-25 19:13:50]  delete mode 100644 Life/Algoritm/Setings/pichers/Pasted Image 20260519220556_483.png
[2026-06-25 19:13:50]  delete mode 100644 Life/Algoritm/Setings/pichers/Pasted Image 20260519220703_098.png
[2026-06-25 19:13:50]  delete mode 100644 Life/Algoritm/Setings/pichers/Pasted Image 20260519235227_886.png
[2026-06-25 19:13:50]  delete mode 100644 Life/Algoritm/Setings/pichers/Pasted Image 20260522151237_188.png
[2026-06-25 19:13:50]  delete mode 100644 Life/Algoritm/Setings/pichers/Pasted Image 20260522151237_243.png
[2026-06-25 19:13:50]  delete mode 100644 Life/Algoritm/Setings/pichers/Pasted Image 20260522151237_258.png
[2026-06-25 19:13:50]  delete mode 100644 Life/Algoritm/Setings/pichers/Pasted Image 20260522151237_291.png
[2026-06-25 19:13:50]  delete mode 100644 Life/Algoritm/Setings/pichers/Pasted Image 20260522151237_308.png
[2026-06-25 19:13:50]  delete mode 100644 Life/Algoritm/Setings/pichers/Pasted Image 20260522151237_334.png
[2026-06-25 19:13:50]  delete mode 100644 Life/Algoritm/Setings/pichers/Pasted Image 20260522151237_352.png
[2026-06-25 19:13:50]  delete mode 100644 Life/Algoritm/Setings/pichers/Pasted Image 20260522151237_389.png
[2026-06-25 19:13:50]  delete mode 100644 Life/Algoritm/Setings/pichers/Pasted Image 20260522212641_284.png
[2026-06-25 19:13:50]  delete mode 100644 Life/Algoritm/Setings/pichers/Pasted Image 20260522212641_323.png
[2026-06-25 19:13:50]  delete mode 100644 Life/Algoritm/Setings/pichers/Pasted Image 20260522212641_333.png
[2026-06-25 19:13:50]  delete mode 100644 Life/Algoritm/Setings/pichers/Pasted Image 20260522225004_339.png
[2026-06-25 19:13:50]  delete mode 100644 Life/Algoritm/Setings/pichers/Pasted Image 20260522225004_380.png
[2026-06-25 19:13:50]  delete mode 100644 Life/Algoritm/Setings/pichers/Pasted Image 20260522225004_395.png
[2026-06-25 19:13:50]  delete mode 100644 Life/Algoritm/Setings/pichers/Pasted Image 20260524163053_109.png
[2026-06-25 19:13:50]  delete mode 100644 Life/Algoritm/Setings/pichers/Pasted Image 20260524163118_139.png
[2026-06-25 19:13:50]  delete mode 100644 Life/Algoritm/Setings/pichers/Pasted Image 20260529021426_423.png
[2026-06-25 19:13:50]  delete mode 100644 Life/Algoritm/Setings/pichers/Pasted image 20260301151204.png
[2026-06-25 19:13:50]  delete mode 100644 Life/Algoritm/Setings/pichers/Pasted image 20260301151238.png
[2026-06-25 19:13:51]  delete mode 100644 Life/Algoritm/Setings/pichers/Pasted image 20260301151302.png
[2026-06-25 19:13:51]  delete mode 100644 Life/Algoritm/Setings/pichers/Pasted image 20260302122753.png
[2026-06-25 19:13:51]  delete mode 100644 Life/Algoritm/Setings/pichers/Pasted image 20260302150930.png
[2026-06-25 19:13:51]  delete mode 100644 Life/Algoritm/Setings/pichers/Pasted image 20260303165134.png
[2026-06-25 19:13:51]  delete mode 100644 Life/Algoritm/Setings/pichers/Pasted image 20260303165223.png
[2026-06-25 19:13:51]  delete mode 100644 Life/Algoritm/Setings/pichers/Pasted image 20260303165400.png
[2026-06-25 19:13:51]  delete mode 100644 Life/Algoritm/Setings/pichers/Pasted image 20260303165617.png
[2026-06-25 19:13:51]  delete mode 100644 Life/Algoritm/Setings/pichers/Pasted image 20260305181457.png
[2026-06-25 19:13:51]  delete mode 100644 Life/Algoritm/Setings/pichers/Pasted image 20260307000108.png
[2026-06-25 19:13:51]  delete mode 100644 Life/Algoritm/Setings/pichers/Pasted image 20260307000220.png
[2026-06-25 19:13:51]  delete mode 100644 Life/Algoritm/Setings/pichers/Pasted image 20260307001031.png
[2026-06-25 19:13:51]  delete mode 100644 Life/Algoritm/Setings/pichers/Pasted image 20260307001119.png
[2026-06-25 19:13:51]  delete mode 100644 Life/Algoritm/Setings/pichers/Pasted image 20260307001146.png
[2026-06-25 19:13:51]  delete mode 100644 Life/Algoritm/Setings/pichers/Pasted image 20260307001227.png
[2026-06-25 19:13:51]  delete mode 100644 Life/Algoritm/Setings/pichers/Pasted image 20260307001259.png
[2026-06-25 19:13:51]  delete mode 100644 Life/Algoritm/Setings/pichers/Pasted image 20260307001402.png
[2026-06-25 19:13:51]  delete mode 100644 Life/Algoritm/Setings/pichers/Pasted image 20260307002214.png
[2026-06-25 19:13:51]  delete mode 100644 Life/Algoritm/Setings/pichers/Pasted image 20260307002255.png
[2026-06-25 19:13:51]  delete mode 100644 Life/Algoritm/Setings/pichers/Pasted image 20260307002518.png
[2026-06-25 19:13:51]  delete mode 100644 Life/Algoritm/Setings/pichers/Pasted image 20260307002557.png
[2026-06-25 19:13:51]  delete mode 100644 Life/Algoritm/Setings/pichers/Pasted image 20260311170213.png
[2026-06-25 19:13:51]  delete mode 100644 Life/Algoritm/Setings/pichers/Pasted image 20260311172534.png
[2026-06-25 19:13:51]  delete mode 100644 Life/Algoritm/Setings/pichers/Pasted image 20260312164138.png
[2026-06-25 19:13:51]  delete mode 100644 Life/Algoritm/Setings/pichers/Pasted image 20260317180326.png
[2026-06-25 19:13:51]  delete mode 100644 Life/Algoritm/Setings/pichers/Pasted image 20260321000503.png
[2026-06-25 19:13:51]  delete mode 100644 Life/Algoritm/Setings/pichers/Pasted image 20260321001432.png
[2026-06-25 19:13:51]  delete mode 100644 Life/Algoritm/Setings/pichers/Pasted image 20260321001558.png
[2026-06-25 19:13:51]  delete mode 100644 Life/Algoritm/Setings/pichers/Pasted image 20260321001637.png
[2026-06-25 19:13:51]  delete mode 100644 Life/Algoritm/Setings/pichers/Pasted image 20260321001711.png
[2026-06-25 19:13:51]  delete mode 100644 Life/Algoritm/Setings/pichers/Pasted image 20260321001840.png
[2026-06-25 19:13:51]  delete mode 100644 Life/Algoritm/Setings/pichers/Pasted image 20260403000839.png
[2026-06-25 19:13:51]  delete mode 100644 Life/Algoritm/Setings/pichers/Pasted image 20260403004407.png
[2026-06-25 19:13:51]  delete mode 100644 Life/Algoritm/Setings/pichers/Pasted image 20260403004541.png
[2026-06-25 19:13:51]  delete mode 100644 Life/Algoritm/Setings/pichers/Pasted image 20260403005553.png
[2026-06-25 19:13:51]  delete mode 100644 Life/Algoritm/Setings/pichers/Pasted image 20260403005912.png
[2026-06-25 19:13:51]  delete mode 100644 Life/Algoritm/Setings/pichers/Pasted image 20260404012155.png
[2026-06-25 19:13:51]  delete mode 100644 Life/Algoritm/Setings/pichers/Pasted image 20260418115959.png
[2026-06-25 19:13:51]  delete mode 100644 Life/Algoritm/Setings/pichers/chad_21faf557974d4a7d96b055372799deb1.png
[2026-06-25 19:13:51]  delete mode 100644 Life/Algoritm/Setings/pichers/chad_cf037d522c1d4eab8336aaf5cdefef64.png
[2026-06-25 19:13:51]  delete mode 100644 Life/Algoritm/Setings/pichers/photo_2026-04-22_02-11-22.jpg
[2026-06-25 19:13:51]  delete mode 100644 Life/Algoritm/Setings/pichers/photo_2026-05-06_20-16-01.jpg
[2026-06-25 19:13:51]  delete mode 100644 "Life/Algoritm/Setings/pichers/\320\224\320\227.md"
[2026-06-25 19:13:51]  delete mode 100644 "Life/Algoritm/Setings/\320\230\320\264\320\265\320\270.md"
[2026-06-25 19:13:51]  delete mode 100644 "Life/Algoritm/Setings/\320\232\320\265\320\274\320\277\320\270\320\275\320\263.md"
[2026-06-25 19:13:51]  delete mode 100644 "Life/Algoritm/Setings/\320\234\321\213\321\210\320\272\320\260.md"
[2026-06-25 19:13:51]  delete mode 100644 "Life/Algoritm/Setings/\320\236\320\275\320\261\320\276\321\200\320\264\320\270\320\275\320\263.md"
[2026-06-25 19:13:51]  delete mode 100644 Life/Algoritm/nick-s-system-design.excalidrawlib
[2026-06-25 19:13:51]  delete mode 100644 Life/Algoritm/nick-s-system-design_0.excalidrawlib
[2026-06-25 19:13:51]  delete mode 100644 Life/Algoritm/vanilla-ayuGram-lite-universal-20260329.apk
[2026-06-25 19:13:51]  delete mode 100644 "Life/Algoritm/\320\222\320\276\320\277\321\200\320\276\321\201\320\270\320\272\320\270.md"
[2026-06-25 19:13:51]  delete mode 100644 "Life/Algoritm/\320\222\320\276\320\277\321\200\320\276\321\201\321\213 2.md"
[2026-06-25 19:13:51]  delete mode 100644 "Life/Algoritm/\320\222\320\276\320\277\321\200\320\276\321\201\321\213 3.md"
[2026-06-25 19:13:51]  delete mode 100644 "Life/Algoritm/\320\224\321\200\321\203\320\266\320\265\320\273\321\216\320\261\320\275\321\213\320\271 \320\277\321\200\320\276\320\274\321\202.md"
[2026-06-25 19:13:51]  delete mode 100644 "Life/Algoritm/\320\226\320\265\321\201\320\272\320\270\320\271 \320\237\321\200\320\276\320\274\320\277\321\202.md"
[2026-06-25 19:13:51]  delete mode 100644 "Life/Algoritm/\320\232\320\260\321\210\320\260 \320\270\320\267 \320\262\321\201\320\265\320\263\320\276.md"
[2026-06-25 19:13:51]  delete mode 100644 "Life/Algoritm/\320\234\320\265\320\263\320\260 \321\203\320\274\320\275\321\213\320\265 \320\267\320\260\320\274\320\265\321\202\320\272\320\270.md"
[2026-06-25 19:13:51]  delete mode 100644 "Life/Algoritm/\320\235\320\265 \320\264\321\203\320\274\320\260\320\271 \320\276 \320\261\320\265\320\273\321\213\321\205 \320\276\320\261\320\265\320\267\321\212\321\217\320\275\320\260\321\205.md"
[2026-06-25 19:13:51]  delete mode 100644 "Life/Algoritm/\320\244\320\270\320\264\320\261\320\265\320\272.md"
[2026-06-25 19:13:51]  delete mode 100644 Life/Angl/.obsidian/app.json
[2026-06-25 19:13:51]  delete mode 100644 Life/Angl/.obsidian/appearance.json
[2026-06-25 19:13:51]  delete mode 100644 Life/Angl/.obsidian/community-plugins.json
[2026-06-25 19:13:51]  delete mode 100644 Life/Angl/.obsidian/core-plugins.json
[2026-06-25 19:13:51]  delete mode 100644 Life/Angl/.obsidian/graph.json
[2026-06-25 19:13:51]  delete mode 100644 Life/Angl/.obsidian/plugins/live-graph/data.json
[2026-06-25 19:13:51]  delete mode 100644 Life/Angl/.obsidian/workspace.json
[2026-06-25 19:13:51]  delete mode 100644 "Life/Angl/\320\220\321\201\320\276\321\206\320\270\320\260\321\206\320\270\320\270/Action.md"
[2026-06-25 19:13:51]  delete mode 100644 "Life/Angl/\320\220\321\201\320\276\321\206\320\270\320\260\321\206\320\270\320\270/Animal.md"
[2026-06-25 19:13:51]  delete mode 100644 "Life/Angl/\320\220\321\201\320\276\321\206\320\270\320\260\321\206\320\270\320\270/Apple.md"
[2026-06-25 19:13:51]  delete mode 100644 "Life/Angl/\320\220\321\201\320\276\321\206\320\270\320\260\321\206\320\270\320\270/Ash.md"
[2026-06-25 19:13:51]  delete mode 100644 "Life/Angl/\320\220\321\201\320\276\321\206\320\270\320\260\321\206\320\270\320\270/Away.md"
[2026-06-25 19:13:51]  delete mode 100644 "Life/Angl/\320\220\321\201\320\276\321\206\320\270\320\260\321\206\320\270\320\270/Back.md"
[2026-06-25 19:13:51]  delete mode 100644 "Life/Angl/\320\220\321\201\320\276\321\206\320\270\320\260\321\206\320\270\320\270/Before.md"
[2026-06-25 19:13:51]  delete mode 100644 "Life/Angl/\320\220\321\201\320\276\321\206\320\270\320\260\321\206\320\270\320\270/Bite.md"
[2026-06-25 19:13:51]  delete mode 100644 "Life/Angl/\320\220\321\201\320\276\321\206\320\270\320\260\321\206\320\270\320\270/Brick.md"
[2026-06-25 19:13:51]  delete mode 100644 "Life/Angl/\320\220\321\201\320\276\321\206\320\270\320\260\321\206\320\270\320\270/Cloud.md"
[2026-06-25 19:13:51]  delete mode 100644 "Life/Angl/\320\220\321\201\320\276\321\206\320\270\320\260\321\206\320\270\320\270/Color.md"
[2026-06-25 19:13:51]  delete mode 100644 "Life/Angl/\320\220\321\201\320\276\321\206\320\270\320\260\321\206\320\270\320\270/Control.md"
[2026-06-25 19:13:51]  delete mode 100644 "Life/Angl/\320\220\321\201\320\276\321\206\320\270\320\260\321\206\320\270\320\270/Curve.md"
[2026-06-25 19:13:51]  delete mode 100644 "Life/Angl/\320\220\321\201\320\276\321\206\320\270\320\260\321\206\320\270\320\270/Decline.md"
[2026-06-25 19:13:51]  delete mode 100644 "Life/Angl/\320\220\321\201\320\276\321\206\320\270\320\260\321\206\320\270\320\270/Development.md"
[2026-06-25 19:13:51]  delete mode 100644 "Life/Angl/\320\220\321\201\320\276\321\206\320\270\320\260\321\206\320\270\320\270/Die.md"
[2026-06-25 19:13:51]  delete mode 100644 "Life/Angl/\320\220\321\201\320\276\321\206\320\270\320\260\321\206\320\270\320\270/Drive.md"
[2026-06-25 19:13:51]  delete mode 100644 "Life/Angl/\320\220\321\201\320\276\321\206\320\270\320\260\321\206\320\270\320\270/Dust.md"
[2026-06-25 19:13:51]  delete mode 100644 "Life/Angl/\320\220\321\201\320\276\321\206\320\270\320\260\321\206\320\270\320\270/Earth.md"
[2026-06-25 19:13:51]  delete mode 100644 "Life/Angl/\320\220\321\201\320\276\321\206\320\270\320\260\321\206\320\270\320\270/Energy.md"
[2026-06-25 19:13:51]  delete mode 100644 "Life/Angl/\320\220\321\201\320\276\321\206\320\270\320\260\321\206\320\270\320\270/Event.md"
[2026-06-25 19:13:51]  delete mode 100644 "Life/Angl/\320\220\321\201\320\276\321\206\320\270\320\260\321\206\320\270\320\270/Existence.md"
[2026-06-25 19:13:51]  delete mode 100644 "Life/Angl/\320\220\321\201\320\276\321\206\320\270\320\260\321\206\320\270\320\270/Explore.md"
[2026-06-25 19:13:51]  delete mode 100644 "Life/Angl/\320\220\321\201\320\276\321\206\320\270\320\260\321\206\320\270\320\270/Family.md"
[2026-06-25 19:13:51]  delete mode 100644 "Life/Angl/\320\220\321\201\320\276\321\206\320\270\320\260\321\206\320\270\320\270/Feather.md"
[2026-06-25 19:13:51]  delete mode 100644 "Life/Angl/\320\220\321\201\320\276\321\206\320\270\320\260\321\206\320\270\320\270/Finished.md"
[2026-06-25 19:13:51]  delete mode 100644 "Life/Angl/\320\220\321\201\320\276\321\206\320\270\320\260\321\206\320\270\320\270/Forward.md"
[2026-06-25 19:13:51]  delete mode 100644 "Life/Angl/\320\220\321\201\320\276\321\206\320\270\320\260\321\206\320\270\320\270/Friend.md"
[2026-06-25 19:13:51]  delete mode 100644 "Life/Angl/\320\220\321\201\320\276\321\206\320\270\320\260\321\206\320\270\320\270/Gallop.md"
[2026-06-25 19:13:51]  delete mode 100644 "Life/Angl/\320\220\321\201\320\276\321\206\320\270\320\260\321\206\320\270\320\270/Glass.md"
[2026-06-25 19:13:51]  delete mode 100644 "Life/Angl/\320\220\321\201\320\276\321\206\320\270\320\260\321\206\320\270\320\270/Green.md"
[2026-06-25 19:13:51]  delete mode 100644 "Life/Angl/\320\220\321\201\320\276\321\206\320\270\320\260\321\206\320\270\320\270/Group.md"
[2026-06-25 19:13:51]  delete mode 100644 "Life/Angl/\320\220\321\201\320\276\321\206\320\270\320\260\321\206\320\270\320\270/Gun.md"
[2026-06-25 19:13:51]  delete mode 100644 "Life/Angl/\320\220\321\201\320\276\321\206\320\270\320\260\321\206\320\270\320\270/Hill.md"
[2026-06-25 19:13:51]  delete mode 100644 "Life/Angl/\320\220\321\201\320\276\321\206\320\270\320\260\321\206\320\270\320\270/Hit.md"
[2026-06-25 19:13:51]  delete mode 100644 "Life/Angl/\320\220\321\201\320\276\321\206\320\270\320\260\321\206\320\270\320\270/Journey 1.md"
[2026-06-25 19:13:51]  delete mode 100644 "Life/Angl/\320\220\321\201\320\276\321\206\320\270\320\260\321\206\320\270\320\270/Journey.md"
[2026-06-25 19:13:51]  delete mode 100644 "Life/Angl/\320\220\321\201\320\276\321\206\320\270\320\260\321\206\320\270\320\270/King.md"
[2026-06-25 19:13:51]  delete mode 100644 "Life/Angl/\320\220\321\201\320\276\321\206\320\270\320\260\321\206\320\270\320\270/Knife.md"
[2026-06-25 19:13:51]  delete mode 100644 "Life/Angl/\320\220\321\201\320\276\321\206\320\270\320\260\321\206\320\270\320\270/Leaf.md"
[2026-06-25 19:13:51]  delete mode 100644 "Life/Angl/\320\220\321\201\320\276\321\206\320\270\320\260\321\206\320\270\320\270/Love.md"
[2026-06-25 19:13:51]  delete mode 100644 "Life/Angl/\320\220\321\201\320\276\321\206\320\270\320\260\321\206\320\270\320\270/Mind.md"
[2026-06-25 19:13:51]  delete mode 100644 "Life/Angl/\320\220\321\201\320\276\321\206\320\270\320\260\321\206\320\270\320\270/Mirror.md"
[2026-06-25 19:13:51]  delete mode 100644 "Life/Angl/\320\220\321\201\320\276\321\206\320\270\320\260\321\206\320\270\320\270/Morning.md"
[2026-06-25 19:13:51]  delete mode 100644 "Life/Angl/\320\220\321\201\320\276\321\206\320\270\320\260\321\206\320\270\320\270/Moss.md"
[2026-06-25 19:13:51]  delete mode 100644 "Life/Angl/\320\220\321\201\320\276\321\206\320\270\320\260\321\206\320\270\320\270/Mountain.md"
[2026-06-25 19:13:51]  delete mode 100644 "Life/Angl/\320\220\321\201\320\276\321\206\320\270\320\260\321\206\320\270\320\270/Night.md"
[2026-06-25 19:13:51]  delete mode 100644 "Life/Angl/\320\220\321\201\320\276\321\206\320\270\320\260\321\206\320\270\320\270/Number.md"
[2026-06-25 19:13:51]  delete mode 100644 "Life/Angl/\320\220\321\201\320\276\321\206\320\270\320\260\321\206\320\270\320\270/Past.md"
[2026-06-25 19:13:51]  delete mode 100644 "Life/Angl/\320\220\321\201\320\276\321\206\320\270\320\260\321\206\320\270\320\270/Perception.md"
[2026-06-25 19:13:51]  delete mode 100644 "Life/Angl/\320\220\321\201\320\276\321\206\320\270\320\260\321\206\320\270\320\270/Plant.md"
[2026-06-25 19:13:51]  delete mode 100644 "Life/Angl/\320\220\321\201\320\276\321\206\320\270\320\260\321\206\320\270\320\270/Power.md"
[2026-06-25 19:13:51]  delete mode 100644 "Life/Angl/\320\220\321\201\320\276\321\206\320\270\320\260\321\206\320\270\320\270/Process.md"
[2026-06-25 19:13:51]  delete mode 100644 "Life/Angl/\320\220\321\201\320\276\321\206\320\270\320\260\321\206\320\270\320\270/Pulse.md"
[2026-06-25 19:13:51]  delete mode 100644 "Life/Angl/\320\220\321\201\320\276\321\206\320\270\320\260\321\206\320\270\320\270/Rain.md"
[2026-06-25 19:13:51]  delete mode 100644 "Life/Angl/\320\220\321\201\320\276\321\206\320\270\320\260\321\206\320\270\320\270/Ride.md"
[2026-06-25 19:13:51]  delete mode 100644 "Life/Angl/\320\220\321\201\320\276\321\206\320\270\320\260\321\206\320\270\320\270/Road.md"
[2026-06-25 19:13:51]  delete mode 100644 "Life/Angl/\320\220\321\201\320\276\321\206\320\270\320\260\321\206\320\270\320\270/Science.md"
[2026-06-25 19:13:51]  delete mode 100644 "Life/Angl/\320\220\321\201\320\276\321\206\320\270\320\260\321\206\320\270\320\270/Signal.md"
[2026-06-25 19:13:51]  delete mode 100644 "Life/Angl/\320\220\321\201\320\276\321\206\320\270\320\260\321\206\320\270\320\270/Size.md"
[2026-06-25 19:13:51]  delete mode 100644 "Life/Angl/\320\220\321\201\320\276\321\206\320\270\320\260\321\206\320\270\320\270/Smoke.md"
[2026-06-25 19:13:51]  delete mode 100644 "Life/Angl/\320\220\321\201\320\276\321\206\320\270\320\260\321\206\320\270\320\270/Sound.md"
[2026-06-25 19:13:51]  delete mode 100644 "Life/Angl/\320\220\321\201\320\276\321\206\320\270\320\260\321\206\320\270\320\270/Stone.md"
[2026-06-25 19:13:51]  delete mode 100644 "Life/Angl/\320\220\321\201\320\276\321\206\320\270\320\260\321\206\320\270\320\270/Story.md"
[2026-06-25 19:13:51]  delete mode 100644 "Life/Angl/\320\220\321\201\320\276\321\206\320\270\320\260\321\206\320\270\320\270/String.md"
[2026-06-25 19:13:51]  delete mode 100644 "Life/Angl/\320\220\321\201\320\276\321\206\320\270\320\260\321\206\320\270\320\270/Sun.md"
[2026-06-25 19:13:51]  delete mode 100644 "Life/Angl/\320\220\321\201\320\276\321\206\320\270\320\260\321\206\320\270\320\270/Task.md"
[2026-06-25 19:13:51]  delete mode 100644 "Life/Angl/\320\220\321\201\320\276\321\206\320\270\320\260\321\206\320\270\320\270/Thing.md"
[2026-06-25 19:13:51]  delete mode 100644 "Life/Angl/\320\220\321\201\320\276\321\206\320\270\320\260\321\206\320\270\320\270/Thread.md"
[2026-06-25 19:13:51]  delete mode 100644 "Life/Angl/\320\220\321\201\320\276\321\206\320\270\320\260\321\206\320\270\320\270/Trail.md"
[2026-06-25 19:13:51]  delete mode 100644 "Life/Angl/\320\220\321\201\320\276\321\206\320\270\320\260\321\206\320\270\320\270/Transport.md"
[2026-06-25 19:13:51]  delete mode 100644 "Life/Angl/\320\220\321\201\320\276\321\206\320\270\320\260\321\206\320\270\320\270/Tree.md"
[2026-06-25 19:13:51]  delete mode 100644 "Life/Angl/\320\220\321\201\320\276\321\206\320\270\320\260\321\206\320\270\320\270/Trip.md"
[2026-06-25 19:13:51]  delete mode 100644 "Life/Angl/\320\220\321\201\320\276\321\206\320\270\320\260\321\206\320\270\320\270/Use.md"
[2026-06-25 19:13:51]  delete mode 100644 "Life/Angl/\320\220\321\201\320\276\321\206\320\270\320\260\321\206\320\270\320\270/Water.md"
[2026-06-25 19:13:51]  delete mode 100644 "Life/Angl/\320\220\321\201\320\276\321\206\320\270\320\260\321\206\320\270\320\270/Way.md"
[2026-06-25 19:13:51]  delete mode 100644 "Life/Angl/\320\220\321\201\320\276\321\206\320\270\320\260\321\206\320\270\320\270/Wind.md"
[2026-06-25 19:13:51]  delete mode 100644 "Life/Angl/\320\220\321\201\320\276\321\206\320\270\320\260\321\206\320\270\320\270/Wood.md"
[2026-06-25 19:13:51]  delete mode 100644 "Life/Angl/\320\220\321\201\320\276\321\206\320\270\320\260\321\206\320\270\320\270/World.md"
[2026-06-25 19:13:51]  delete mode 100644 "Life/Angl/\320\220\321\201\320\276\321\206\320\270\320\260\321\206\320\270\320\270/forever.md"
[2026-06-25 19:13:51]  delete mode 100644 "Life/Angl/\320\220\321\201\320\276\321\206\320\270\320\260\321\206\320\270\320\270/nature.md"
[2026-06-25 19:13:51]  delete mode 100644 "Life/Angl/\320\220\321\201\320\276\321\206\320\270\320\260\321\206\320\270\320\270/\320\241hange.md"
[2026-06-25 19:13:51]  delete mode 100644 "Life/Angl/\320\241\320\273\320\276\320\262\320\260/adventure.md"
[2026-06-25 19:13:51]  delete mode 100644 "Life/Angl/\320\241\320\273\320\276\320\262\320\260/air.md"
[2026-06-25 19:13:51]  delete mode 100644 "Life/Angl/\320\241\320\273\320\276\320\262\320\260/apple.md"
[2026-06-25 19:13:51]  delete mode 100644 "Life/Angl/\320\241\320\273\320\276\320\262\320\260/ash.md"
[2026-06-25 19:13:51]  delete mode 100644 "Life/Angl/\320\241\320\273\320\276\320\262\320\260/be.md"
[2026-06-25 19:13:51]  delete mode 100644 "Life/Angl/\320\241\320\273\320\276\320\262\320\260/became.md"
[2026-06-25 19:13:51]  delete mode 100644 "Life/Angl/\320\241\320\273\320\276\320\262\320\260/become.md"
[2026-06-25 19:13:51]  delete mode 100644 "Life/Angl/\320\241\320\273\320\276\320\262\320\260/began.md"
[2026-06-25 19:13:51]  delete mode 100644 "Life/Angl/\320\241\320\273\320\276\320\262\320\260/begin.md"
[2026-06-25 19:13:51]  delete mode 100644 "Life/Angl/\320\241\320\273\320\276\320\262\320\260/bend.md"
[2026-06-25 19:13:51]  delete mode 100644 "Life/Angl/\320\241\320\273\320\276\320\262\320\260/bicycle.md"
[2026-06-25 19:13:51]  delete mode 100644 "Life/Angl/\320\241\320\273\320\276\320\262\320\260/blood.md"
[2026-06-25 19:13:51]  delete mode 100644 "Life/Angl/\320\241\320\273\320\276\320\262\320\260/blow.md"
[2026-06-25 19:13:51]  delete mode 100644 "Life/Angl/\320\241\320\273\320\276\320\262\320\260/blown.md"
[2026-06-25 19:13:51]  delete mode 100644 "Life/Angl/\320\241\320\273\320\276\320\262\320\260/brick.md"
[2026-06-25 19:13:51]  delete mode 100644 "Life/Angl/\320\241\320\273\320\276\320\262\320\260/bus.md"
[2026-06-25 19:13:51]  delete mode 100644 "Life/Angl/\320\241\320\273\320\276\320\262\320\260/car.md"
[2026-06-25 19:13:51]  delete mode 100644 "Life/Angl/\320\241\320\273\320\276\320\262\320\260/circle.md"
[2026-06-25 19:13:51]  delete mode 100644 "Life/Angl/\320\241\320\273\320\276\320\262\320\260/cloud.md"
[2026-06-25 19:13:51]  delete mode 100644 "Life/Angl/\320\241\320\273\320\276\320\262\320\260/coal.md"
[2026-06-25 19:13:51]  delete mode 100644 "Life/Angl/\320\241\320\273\320\276\320\262\320\260/come.md"
[2026-06-25 19:13:51]  delete mode 100644 "Life/Angl/\320\241\320\273\320\276\320\262\320\260/done.md"
[2026-06-25 19:13:51]  delete mode 100644 "Life/Angl/\320\241\320\273\320\276\320\262\320\260/dust.md"
[2026-06-25 19:13:51]  delete mode 100644 "Life/Angl/\320\241\320\273\320\276\320\262\320\260/eat.md"
[2026-06-25 19:13:51]  delete mode 100644 "Life/Angl/\320\241\320\273\320\276\320\262\320\260/ended.md"
[2026-06-25 19:13:51]  delete mode 100644 "Life/Angl/\320\241\320\273\320\276\320\262\320\260/every.md"
[2026-06-25 19:13:51]  delete mode 100644 "Life/Angl/\320\241\320\273\320\276\320\262\320\260/excited.md"
[2026-06-25 19:13:51]  delete mode 100644 "Life/Angl/\320\241\320\273\320\276\320\262\320\260/fall.md"
[2026-06-25 19:13:51]  delete mode 100644 "Life/Angl/\320\241\320\273\320\276\320\262\320\260/fast.md"
[2026-06-25 19:13:51]  delete mode 100644 "Life/Angl/\320\241\320\273\320\276\320\262\320\260/feather.md"
[2026-06-25 19:13:51]  delete mode 100644 "Life/Angl/\320\241\320\273\320\276\320\262\320\260/feel.md"
[2026-06-25 19:13:51]  delete mode 100644 "Life/Angl/\320\241\320\273\320\276\320\262\320\260/flash.md"
[2026-06-25 19:13:51]  delete mode 100644 "Life/Angl/\320\241\320\273\320\276\320\262\320\260/food.md"
[2026-06-25 19:13:51]  delete mode 100644 "Life/Angl/\320\241\320\273\320\276\320\262\320\260/forest.md"
[2026-06-25 19:13:51]  delete mode 100644 "Life/Angl/\320\241\320\273\320\276\320\262\320\260/fresh.md"
[2026-06-25 19:13:51]  delete mode 100644 "Life/Angl/\320\241\320\273\320\276\320\262\320\260/glass.md"
[2026-06-25 19:13:51]  delete mode 100644 "Life/Angl/\320\241\320\273\320\276\320\262\320\260/gone.md"
[2026-06-25 19:13:51]  delete mode 100644 "Life/Angl/\320\241\320\273\320\276\320\262\320\260/green.md"
[2026-06-25 19:13:51]  delete mode 100644 "Life/Angl/\320\241\320\273\320\276\320\262\320\260/grow.md"
[2026-06-25 19:13:51]  delete mode 100644 "Life/Angl/\320\241\320\273\320\276\320\262\320\260/happen.md"
[2026-06-25 19:13:51]  delete mode 100644 "Life/Angl/\320\241\320\273\320\276\320\262\320\260/hike.md"
[2026-06-25 19:13:51]  delete mode 100644 "Life/Angl/\320\241\320\273\320\276\320\262\320\260/hill.md"
[2026-06-25 19:13:51]  delete mode 100644 "Life/Angl/\320\241\320\273\320\276\320\262\320\260/home.md"
[2026-06-25 19:13:51]  delete mode 100644 "Life/Angl/\320\241\320\273\320\276\320\262\320\260/horse.md"
[2026-06-25 19:13:51]  delete mode 100644 "Life/Angl/\320\241\320\273\320\276\320\262\320\260/kill.md"
[2026-06-25 19:13:51]  delete mode 100644 "Life/Angl/\320\241\320\273\320\276\320\262\320\260/knife.md"
[2026-06-25 19:13:51]  delete mode 100644 "Life/Angl/\320\241\320\273\320\276\320\262\320\260/leaf.md"
[2026-06-25 19:13:51]  delete mode 100644 "Life/Angl/\320\241\320\273\320\276\320\262\320\260/life.md"
[2026-06-25 19:13:51]  delete mode 100644 "Life/Angl/\320\241\320\273\320\276\320\262\320\260/mirror.md"
[2026-06-25 19:13:51]  delete mode 100644 "Life/Angl/\320\241\320\273\320\276\320\262\320\260/moss.md"
[2026-06-25 19:13:51]  delete mode 100644 "Life/Angl/\320\241\320\273\320\276\320\262\320\260/move.md"
[2026-06-25 19:13:51]  delete mode 100644 "Life/Angl/\320\241\320\273\320\276\320\262\320\260/never.md"
[2026-06-25 19:13:51]  delete mode 100644 "Life/Angl/\320\241\320\273\320\276\320\262\320\260/order.md"
[2026-06-25 19:13:51]  delete mode 100644 "Life/Angl/\320\241\320\273\320\276\320\262\320\260/out.md"
[2026-06-25 19:13:51]  delete mode 100644 "Life/Angl/\320\241\320\273\320\276\320\262\320\260/rain.md"
[2026-06-25 19:13:51]  delete mode 100644 "Life/Angl/\320\241\320\273\320\276\320\262\320\260/red.md"
[2026-06-25 19:13:51]  delete mode 100644 "Life/Angl/\320\241\320\273\320\276\320\262\320\260/return.md"
[2026-06-25 19:13:51]  delete mode 100644 "Life/Angl/\320\241\320\273\320\276\320\262\320\260/road.md"
[2026-06-25 19:13:51]  delete mode 100644 "Life/Angl/\320\241\320\273\320\276\320\262\320\260/rorward.md"
[2026-06-25 19:13:51]  delete mode 100644 "Life/Angl/\320\241\320\273\320\276\320\262\320\260/scooter.md"
[2026-06-25 19:13:51]  delete mode 100644 "Life/Angl/\320\241\320\273\320\276\320\262\320\260/signal.md"
[2026-06-25 19:13:51]  delete mode 100644 "Life/Angl/\320\241\320\273\320\276\320\262\320\260/skateboard.md"
[2026-06-25 19:13:51]  delete mode 100644 "Life/Angl/\320\241\320\273\320\276\320\262\320\260/smoke.md"
[2026-06-25 19:13:51]  delete mode 100644 "Life/Angl/\320\241\320\273\320\276\320\262\320\260/started.md"
[2026-06-25 19:13:51]  delete mode 100644 "Life/Angl/\320\241\320\273\320\276\320\262\320\260/stone.md"
[2026-06-25 19:13:51]  delete mode 100644 "Life/Angl/\320\241\320\273\320\276\320\262\320\260/string.md"
[2026-06-25 19:13:51]  delete mode 100644 "Life/Angl/\320\241\320\273\320\276\320\262\320\260/sun.md"
[2026-06-25 19:13:51]  delete mode 100644 "Life/Angl/\320\241\320\273\320\276\320\262\320\260/target.md"
[2026-06-25 19:13:51]  delete mode 100644 "Life/Angl/\320\241\320\273\320\276\320\262\320\260/tea.md"
[2026-06-25 19:13:51]  delete mode 100644 "Life/Angl/\320\241\320\273\320\276\320\262\320\260/their.md"
[2026-06-25 19:13:51]  delete mode 100644 "Life/Angl/\320\241\320\273\320\276\320\262\320\260/they.md"
[2026-06-25 19:13:51]  delete mode 100644 "Life/Angl/\320\241\320\273\320\276\320\262\320\260/thread.md"
[2026-06-25 19:13:51]  delete mode 100644 "Life/Angl/\320\241\320\273\320\276\320\262\320\260/transform.md"
[2026-06-25 19:13:51]  delete mode 100644 "Life/Angl/\320\241\320\273\320\276\320\262\320\260/travel.md"
[2026-06-25 19:13:51]  delete mode 100644 "Life/Angl/\320\241\320\273\320\276\320\262\320\260/visit.md"
[2026-06-25 19:13:51]  delete mode 100644 "Life/Angl/\320\241\320\273\320\276\320\262\320\260/was.md"
[2026-06-25 19:13:51]  delete mode 100644 "Life/Angl/\320\241\320\273\320\276\320\262\320\260/water.md"
[2026-06-25 19:13:51]  delete mode 100644 "Life/Angl/\320\241\320\273\320\276\320\262\320\260/wave.md"
[2026-06-25 19:13:51]  delete mode 100644 "Life/Angl/\320\241\320\273\320\276\320\262\320\260/went.md"
[2026-06-25 19:13:51]  delete mode 100644 "Life/Angl/\320\241\320\273\320\276\320\262\320\260/wind.md"
[2026-06-25 19:13:51]  delete mode 100644 "Life/Angl/\320\241\320\273\320\276\320\262\320\260/wood.md"
[2026-06-25 19:13:51]  delete mode 100644 Life/CRM/.obsidian/app.json
[2026-06-25 19:13:51]  delete mode 100644 Life/CRM/.obsidian/appearance.json
[2026-06-25 19:13:51]  delete mode 100644 Life/CRM/.obsidian/core-plugins.json
[2026-06-25 19:13:51]  delete mode 100644 Life/CRM/.obsidian/graph.json
[2026-06-25 19:13:51]  delete mode 100644 Life/CRM/.obsidian/workspace.json
[2026-06-25 19:13:51]  delete mode 100644 Life/Calendula/.obsidian/app.json
[2026-06-25 19:13:51]  delete mode 100644 Life/Calendula/.obsidian/appearance.json
[2026-06-25 19:13:51]  delete mode 100644 Life/Calendula/.obsidian/community-plugins.json
[2026-06-25 19:13:51]  delete mode 100644 Life/Calendula/.obsidian/core-plugins.json
[2026-06-25 19:13:51]  delete mode 100644 Life/Calendula/.obsidian/graph.json
[2026-06-25 19:13:51]  delete mode 100644 Life/Calendula/.obsidian/page-preview.json
[2026-06-25 19:13:51]  delete mode 100644 Life/Calendula/.obsidian/plugins/3d-graph/main.js
[2026-06-25 19:13:51]  delete mode 100644 Life/Calendula/.obsidian/plugins/3d-graph/manifest.json
[2026-06-25 19:13:51]  delete mode 100644 Life/Calendula/.obsidian/plugins/3d-graph/styles.css
[2026-06-25 19:13:51]  delete mode 100644 Life/Calendula/.obsidian/plugins/calendar/data.json
[2026-06-25 19:13:51]  delete mode 100644 Life/Calendula/.obsidian/plugins/calendar/main.js
[2026-06-25 19:13:51]  delete mode 100644 Life/Calendula/.obsidian/plugins/calendar/manifest.json
[2026-06-25 19:13:51]  delete mode 100644 Life/Calendula/.obsidian/plugins/dataview/main.js
[2026-06-25 19:13:51]  delete mode 100644 Life/Calendula/.obsidian/plugins/dataview/manifest.json
[2026-06-25 19:13:51]  delete mode 100644 Life/Calendula/.obsidian/plugins/dataview/styles.css
[2026-06-25 19:13:51]  delete mode 100644 Life/Calendula/.obsidian/plugins/discord-send-active-note/main.js
[2026-06-25 19:13:51]  delete mode 100644 Life/Calendula/.obsidian/plugins/discord-send-active-note/manifest.json
[2026-06-25 19:13:51]  delete mode 100644 Life/Calendula/.obsidian/plugins/live-graph/core.js
[2026-06-25 19:13:51]  delete mode 100644 Life/Calendula/.obsidian/plugins/live-graph/data.json
[2026-06-25 19:13:51]  delete mode 100644 Life/Calendula/.obsidian/plugins/live-graph/main.js
[2026-06-25 19:13:51]  delete mode 100644 Life/Calendula/.obsidian/plugins/live-graph/manifest.json
[2026-06-25 19:13:51]  delete mode 100644 Life/Calendula/.obsidian/plugins/live-graph/runtime.js
[2026-06-25 19:13:51]  delete mode 100644 Life/Calendula/.obsidian/plugins/live-graph/styles.css
[2026-06-25 19:13:51]  delete mode 100644 Life/Calendula/.obsidian/plugins/obsidian-excalidraw-plugin/data.json
[2026-06-25 19:13:51]  delete mode 100644 Life/Calendula/.obsidian/plugins/obsidian-excalidraw-plugin/main.js
[2026-06-25 19:13:51]  delete mode 100644 Life/Calendula/.obsidian/plugins/obsidian-excalidraw-plugin/manifest.json
[2026-06-25 19:13:51]  delete mode 100644 Life/Calendula/.obsidian/plugins/obsidian-excalidraw-plugin/styles.css
[2026-06-25 19:13:51]  delete mode 100644 Life/Calendula/.obsidian/plugins/obsidian-kanban/main.js
[2026-06-25 19:13:51]  delete mode 100644 Life/Calendula/.obsidian/plugins/obsidian-kanban/manifest.json
[2026-06-25 19:13:51]  delete mode 100644 Life/Calendula/.obsidian/plugins/obsidian-kanban/styles.css
[2026-06-25 19:13:51]  delete mode 100644 Life/Calendula/.obsidian/plugins/obsidian-timeline/main.js
[2026-06-25 19:13:51]  delete mode 100644 Life/Calendula/.obsidian/plugins/obsidian-timeline/manifest.json
[2026-06-25 19:13:51]  delete mode 100644 Life/Calendula/.obsidian/plugins/obsidian-timeline/styles.css
[2026-06-25 19:13:51]  delete mode 100644 Life/Calendula/.obsidian/plugins/obsidian42-brat/brat-migrations.json
[2026-06-25 19:13:51]  delete mode 100644 Life/Calendula/.obsidian/plugins/obsidian42-brat/data.json
[2026-06-25 19:13:51]  delete mode 100644 Life/Calendula/.obsidian/plugins/obsidian42-brat/main.js
[2026-06-25 19:13:51]  delete mode 100644 Life/Calendula/.obsidian/plugins/obsidian42-brat/manifest.json
[2026-06-25 19:13:51]  delete mode 100644 Life/Calendula/.obsidian/plugins/obsidian42-brat/styles.css
[2026-06-25 19:13:51]  delete mode 100644 Life/Calendula/.obsidian/plugins/obsidianella-delink/main.js
[2026-06-25 19:13:51]  delete mode 100644 Life/Calendula/.obsidian/plugins/obsidianella-delink/manifest.json
[2026-06-25 19:13:51]  delete mode 100644 Life/Calendula/.obsidian/snippets/hide-graph-reset.css
[2026-06-25 19:13:51]  delete mode 100644 Life/Calendula/.obsidian/workspace.json
[2026-06-25 19:13:51]  delete mode 100644 Life/Calendula/.smart-env/embedding_models/embedding_models.ajson
[2026-06-25 19:13:51]  delete mode 100644 Life/Calendula/.smart-env/event_logs/event_logs.ajson
[2026-06-25 19:13:51]  delete mode 100644 Life/Calendula/.smart-env/multi/Almaz_md.ajson
[2026-06-25 19:13:51]  delete mode 100644 Life/Calendula/.smart-env/multi/Calendula_2022_2022-04-13_md.ajson
[2026-06-25 19:13:51]  delete mode 100644 Life/Calendula/.smart-env/multi/Calendula_2022_2022-17-05_md.ajson
[2026-06-25 19:13:51]  delete mode 100644 Life/Calendula/.smart-env/multi/Calendula_2024_2024-12-27_md.ajson
[2026-06-25 19:13:51]  delete mode 100644 Life/Calendula/.smart-env/multi/Calendula_2024_2024-12-28_md.ajson
[2026-06-25 19:13:51]  delete mode 100644 Life/Calendula/.smart-env/multi/Calendula_2024_2024-12-29_md.ajson
[2026-06-25 19:13:51]  delete mode 100644 Life/Calendula/.smart-env/multi/Calendula_2024_2024-12-30_md.ajson
[2026-06-25 19:13:51]  delete mode 100644 Life/Calendula/.smart-env/multi/Calendula_2024_2024-12-31_md.ajson
[2026-06-25 19:13:51]  delete mode 100644 "Life/Calendula/.smart-env/multi/Calendula_2026_\320\220\320\277\321\200\320\265\320\273\321\214_2026-04-01_md.ajson"
[2026-06-25 19:13:51]  delete mode 100644 "Life/Calendula/.smart-env/multi/Calendula_2026_\320\220\320\277\321\200\320\265\320\273\321\214_2026-04-02_md.ajson"
[2026-06-25 19:13:51]  delete mode 100644 "Life/Calendula/.smart-env/multi/Calendula_2026_\320\220\320\277\321\200\320\265\320\273\321\214_2026-04-03_md.ajson"
[2026-06-25 19:13:51]  delete mode 100644 "Life/Calendula/.smart-env/multi/Calendula_2026_\320\220\320\277\321\200\320\265\320\273\321\214_2026-04-04_md.ajson"
[2026-06-25 19:13:51]  delete mode 100644 "Life/Calendula/.smart-env/multi/Calendula_2026_\320\220\320\277\321\200\320\265\320\273\321\214_2026-04-05_md.ajson"
[2026-06-25 19:13:51]  delete mode 100644 "Life/Calendula/.smart-env/multi/Calendula_2026_\320\220\320\277\321\200\320\265\320\273\321\214_2026-04-06_md.ajson"
[2026-06-25 19:13:51]  delete mode 100644 "Life/Calendula/.smart-env/multi/Calendula_2026_\320\220\320\277\321\200\320\265\320\273\321\214_2026-04-07_md.ajson"
[2026-06-25 19:13:51]  delete mode 100644 "Life/Calendula/.smart-env/multi/Calendula_2026_\320\220\320\277\321\200\320\265\320\273\321\214_2026-04-08_md.ajson"
[2026-06-25 19:13:51]  delete mode 100644 "Life/Calendula/.smart-env/multi/Calendula_2026_\320\220\320\277\321\200\320\265\320\273\321\214_2026-04-09_md.ajson"
[2026-06-25 19:13:51]  delete mode 100644 "Life/Calendula/.smart-env/multi/Calendula_2026_\320\220\320\277\321\200\320\265\320\273\321\214_2026-04-10_md.ajson"
[2026-06-25 19:13:51]  delete mode 100644 "Life/Calendula/.smart-env/multi/Calendula_2026_\320\220\320\277\321\200\320\265\320\273\321\214_2026-04-11_md.ajson"
[2026-06-25 19:13:51]  delete mode 100644 "Life/Calendula/.smart-env/multi/Calendula_2026_\320\220\320\277\321\200\320\265\320\273\321\214_2026-04-12_md.ajson"
[2026-06-25 19:13:51]  delete mode 100644 "Life/Calendula/.smart-env/multi/Calendula_2026_\320\220\320\277\321\200\320\265\320\273\321\214_2026-04-13_md.ajson"
[2026-06-25 19:13:51]  delete mode 100644 "Life/Calendula/.smart-env/multi/Calendula_2026_\320\220\320\277\321\200\320\265\320\273\321\214_2026-04-14_md.ajson"
[2026-06-25 19:13:51]  delete mode 100644 "Life/Calendula/.smart-env/multi/Calendula_2026_\320\220\320\277\321\200\320\265\320\273\321\214_2026-04-15_md.ajson"
[2026-06-25 19:13:51]  delete mode 100644 "Life/Calendula/.smart-env/multi/Calendula_2026_\320\220\320\277\321\200\320\265\320\273\321\214_2026-04-16_md.ajson"
[2026-06-25 19:13:51]  delete mode 100644 "Life/Calendula/.smart-env/multi/Calendula_2026_\320\220\320\277\321\200\320\265\320\273\321\214_2026-04-17_md.ajson"
[2026-06-25 19:13:51]  delete mode 100644 "Life/Calendula/.smart-env/multi/Calendula_2026_\320\220\320\277\321\200\320\265\320\273\321\214_2026-04-18_md.ajson"
[2026-06-25 19:13:51]  delete mode 100644 "Life/Calendula/.smart-env/multi/Calendula_2026_\320\220\320\277\321\200\320\265\320\273\321\214_2026-04-19_md.ajson"
[2026-06-25 19:13:51]  delete mode 100644 "Life/Calendula/.smart-env/multi/Calendula_2026_\320\220\320\277\321\200\320\265\320\273\321\214_2026-04-20_md.ajson"
[2026-06-25 19:13:51]  delete mode 100644 "Life/Calendula/.smart-env/multi/Calendula_2026_\320\220\320\277\321\200\320\265\320\273\321\214_2026-04-21_md.ajson"
[2026-06-25 19:13:51]  delete mode 100644 "Life/Calendula/.smart-env/multi/Calendula_2026_\320\220\320\277\321\200\320\265\320\273\321\214_2026-04-22_md.ajson"
[2026-06-25 19:13:51]  delete mode 100644 "Life/Calendula/.smart-env/multi/Calendula_2026_\320\220\320\277\321\200\320\265\320\273\321\214_2026-04-23_md.ajson"
[2026-06-25 19:13:51]  delete mode 100644 "Life/Calendula/.smart-env/multi/Calendula_2026_\320\220\320\277\321\200\320\265\320\273\321\214_2026-04-24_md.ajson"
[2026-06-25 19:13:51]  delete mode 100644 "Life/Calendula/.smart-env/multi/Calendula_2026_\320\220\320\277\321\200\320\265\320\273\321\214_2026-04-25_md.ajson"
[2026-06-25 19:13:51]  delete mode 100644 "Life/Calendula/.smart-env/multi/Calendula_2026_\320\220\320\277\321\200\320\265\320\273\321\214_2026-04-26_md.ajson"
[2026-06-25 19:13:51]  delete mode 100644 "Life/Calendula/.smart-env/multi/Calendula_2026_\320\220\320\277\321\200\320\265\320\273\321\214_2026-04-27_md.ajson"
[2026-06-25 19:13:51]  delete mode 100644 "Life/Calendula/.smart-env/multi/Calendula_2026_\320\220\320\277\321\200\320\265\320\273\321\214_2026-04-28_md.ajson"
[2026-06-25 19:13:51]  delete mode 100644 "Life/Calendula/.smart-env/multi/Calendula_2026_\320\220\320\277\321\200\320\265\320\273\321\214_2026-04-29_md.ajson"
[2026-06-25 19:13:51]  delete mode 100644 "Life/Calendula/.smart-env/multi/Calendula_2026_\320\220\320\277\321\200\320\265\320\273\321\214_2026-04-30_md.ajson"
[2026-06-25 19:13:51]  delete mode 100644 "Life/Calendula/.smart-env/multi/Calendula_2026_\320\234\320\260\320\271_2026-05-01_md.ajson"
[2026-06-25 19:13:51]  delete mode 100644 "Life/Calendula/.smart-env/multi/Calendula_2026_\320\234\320\260\320\271_2026-05-02_md.ajson"
[2026-06-25 19:13:51]  delete mode 100644 "Life/Calendula/.smart-env/multi/Calendula_2026_\320\234\320\260\320\271_2026-05-03_md.ajson"
[2026-06-25 19:13:51]  delete mode 100644 "Life/Calendula/.smart-env/multi/Calendula_2026_\320\234\320\260\320\271_2026-05-04_md.ajson"
[2026-06-25 19:13:51]  delete mode 100644 "Life/Calendula/.smart-env/multi/Calendula_2026_\320\234\320\260\320\271_2026-05-05_md.ajson"
[2026-06-25 19:13:51]  delete mode 100644 "Life/Calendula/.smart-env/multi/Calendula_2026_\320\234\320\260\320\271_2026-05-06_md.ajson"
[2026-06-25 19:13:51]  delete mode 100644 "Life/Calendula/.smart-env/multi/Calendula_2026_\320\234\320\260\320\271_2026-05-07_1_md.ajson"
[2026-06-25 19:13:51]  delete mode 100644 "Life/Calendula/.smart-env/multi/Calendula_2026_\320\234\320\260\320\271_2026-05-07_md.ajson"
[2026-06-25 19:13:51]  delete mode 100644 "Life/Calendula/.smart-env/multi/Calendula_2026_\320\234\320\260\320\271_2026-05-08_md.ajson"
[2026-06-25 19:13:51]  delete mode 100644 "Life/Calendula/.smart-env/multi/Calendula_2026_\320\234\320\260\320\271_2026-05-09_md.ajson"
[2026-06-25 19:13:51]  delete mode 100644 "Life/Calendula/.smart-env/multi/Calendula_2026_\320\234\320\260\320\271_2026-05-10_md.ajson"
[2026-06-25 19:13:51]  delete mode 100644 "Life/Calendula/.smart-env/multi/Calendula_2026_\320\234\320\260\320\271_2026-05-11_md.ajson"
[2026-06-25 19:13:51]  delete mode 100644 "Life/Calendula/.smart-env/multi/Calendula_2026_\320\234\320\260\320\271_2026-05-12_md.ajson"
[2026-06-25 19:13:51]  delete mode 100644 "Life/Calendula/.smart-env/multi/Calendula_2026_\320\234\320\260\320\271_2026-05-13_md.ajson"
[2026-06-25 19:13:51]  delete mode 100644 "Life/Calendula/.smart-env/multi/Calendula_2026_\320\234\320\260\320\271_2026-05-14_md.ajson"
[2026-06-25 19:13:51]  delete mode 100644 "Life/Calendula/.smart-env/multi/Calendula_2026_\320\234\320\260\320\271_2026-05-15_md.ajson"
[2026-06-25 19:13:51]  delete mode 100644 "Life/Calendula/.smart-env/multi/Calendula_2026_\320\234\320\260\320\271_2026-05-16_md.ajson"
[2026-06-25 19:13:51]  delete mode 100644 "Life/Calendula/.smart-env/multi/Calendula_2026_\320\234\320\260\320\271_2026-05-17_md.ajson"
[2026-06-25 19:13:51]  delete mode 100644 "Life/Calendula/.smart-env/multi/Calendula_2026_\320\234\320\260\320\271_2026-05-18_md.ajson"
[2026-06-25 19:13:51]  delete mode 100644 "Life/Calendula/.smart-env/multi/Calendula_2026_\320\234\320\260\320\271_2026-05-19_md.ajson"
[2026-06-25 19:13:51]  delete mode 100644 "Life/Calendula/.smart-env/multi/Calendula_2026_\320\234\320\260\320\271_2026-05-20_md.ajson"
[2026-06-25 19:13:51]  delete mode 100644 "Life/Calendula/.smart-env/multi/Calendula_2026_\320\234\320\260\320\271_2026-05-21_md.ajson"
[2026-06-25 19:13:51]  delete mode 100644 "Life/Calendula/.smart-env/multi/Calendula_2026_\320\234\320\260\321\200\321\202_2026-03-01_md.ajson"
[2026-06-25 19:13:51]  delete mode 100644 "Life/Calendula/.smart-env/multi/Calendula_2026_\320\234\320\260\321\200\321\202_2026-03-02_md.ajson"
[2026-06-25 19:13:51]  delete mode 100644 "Life/Calendula/.smart-env/multi/Calendula_2026_\320\234\320\260\321\200\321\202_2026-03-03_md.ajson"
[2026-06-25 19:13:51]  delete mode 100644 "Life/Calendula/.smart-env/multi/Calendula_2026_\320\234\320\260\321\200\321\202_2026-03-04_md.ajson"
[2026-06-25 19:13:51]  delete mode 100644 "Life/Calendula/.smart-env/multi/Calendula_2026_\320\234\320\260\321\200\321\202_2026-03-05_md.ajson"
[2026-06-25 19:13:51]  delete mode 100644 "Life/Calendula/.smart-env/multi/Calendula_2026_\320\234\320\260\321\200\321\202_2026-03-06_md.ajson"
[2026-06-25 19:13:51]  delete mode 100644 "Life/Calendula/.smart-env/multi/Calendula_2026_\320\234\320\260\321\200\321\202_2026-03-07_md.ajson"
[2026-06-25 19:13:51]  delete mode 100644 "Life/Calendula/.smart-env/multi/Calendula_2026_\320\234\320\260\321\200\321\202_2026-03-08_md.ajson"
[2026-06-25 19:13:51]  delete mode 100644 "Life/Calendula/.smart-env/multi/Calendula_2026_\320\234\320\260\321\200\321\202_2026-03-09_md.ajson"
[2026-06-25 19:13:51]  delete mode 100644 "Life/Calendula/.smart-env/multi/Calendula_2026_\320\234\320\260\321\200\321\202_2026-03-10_md.ajson"
[2026-06-25 19:13:51]  delete mode 100644 "Life/Calendula/.smart-env/multi/Calendula_2026_\320\234\320\260\321\200\321\202_2026-03-11_md.ajson"
[2026-06-25 19:13:51]  delete mode 100644 "Life/Calendula/.smart-env/multi/Calendula_2026_\320\234\320\260\321\200\321\202_2026-03-12_md.ajson"
[2026-06-25 19:13:51]  delete mode 100644 "Life/Calendula/.smart-env/multi/Calendula_2026_\320\234\320\260\321\200\321\202_2026-03-13_md.ajson"
[2026-06-25 19:13:51]  delete mode 100644 "Life/Calendula/.smart-env/multi/Calendula_2026_\320\234\320\260\321\200\321\202_2026-03-14_md.ajson"
[2026-06-25 19:13:51]  delete mode 100644 "Life/Calendula/.smart-env/multi/Calendula_2026_\320\234\320\260\321\200\321\202_2026-03-15_md.ajson"
[2026-06-25 19:13:51]  delete mode 100644 "Life/Calendula/.smart-env/multi/Calendula_2026_\320\234\320\260\321\200\321\202_2026-03-16_md.ajson"
[2026-06-25 19:13:51]  delete mode 100644 "Life/Calendula/.smart-env/multi/Calendula_2026_\320\234\320\260\321\200\321\202_2026-03-17_md.ajson"
[2026-06-25 19:13:51]  delete mode 100644 "Life/Calendula/.smart-env/multi/Calendula_2026_\320\234\320\260\321\200\321\202_2026-03-18_md.ajson"
[2026-06-25 19:13:51]  delete mode 100644 "Life/Calendula/.smart-env/multi/Calendula_2026_\320\234\320\260\321\200\321\202_2026-03-19_md.ajson"
[2026-06-25 19:13:51]  delete mode 100644 "Life/Calendula/.smart-env/multi/Calendula_2026_\320\234\320\260\321\200\321\202_2026-03-20_md.ajson"
[2026-06-25 19:13:51]  delete mode 100644 "Life/Calendula/.smart-env/multi/Calendula_2026_\320\234\320\260\321\200\321\202_2026-03-21_md.ajson"
[2026-06-25 19:13:51]  delete mode 100644 "Life/Calendula/.smart-env/multi/Calendula_2026_\320\234\320\260\321\200\321\202_2026-03-22_md.ajson"
[2026-06-25 19:13:51]  delete mode 100644 "Life/Calendula/.smart-env/multi/Calendula_2026_\320\234\320\260\321\200\321\202_2026-03-23_md.ajson"
[2026-06-25 19:13:51]  delete mode 100644 "Life/Calendula/.smart-env/multi/Calendula_2026_\320\234\320\260\321\200\321\202_2026-03-24_md.ajson"
[2026-06-25 19:13:51]  delete mode 100644 "Life/Calendula/.smart-env/multi/Calendula_2026_\320\234\320\260\321\200\321\202_2026-03-25_md.ajson"
[2026-06-25 19:13:51]  delete mode 100644 "Life/Calendula/.smart-env/multi/Calendula_2026_\320\234\320\260\321\200\321\202_2026-03-26_md.ajson"
[2026-06-25 19:13:51]  delete mode 100644 "Life/Calendula/.smart-env/multi/Calendula_2026_\320\234\320\260\321\200\321\202_2026-03-27_md.ajson"
[2026-06-25 19:13:51]  delete mode 100644 "Life/Calendula/.smart-env/multi/Calendula_2026_\320\234\320\260\321\200\321\202_2026-03-28_md.ajson"
[2026-06-25 19:13:51]  delete mode 100644 "Life/Calendula/.smart-env/multi/Calendula_2026_\320\234\320\260\321\200\321\202_2026-03-29_md.ajson"
[2026-06-25 19:13:51]  delete mode 100644 "Life/Calendula/.smart-env/multi/Calendula_2026_\320\234\320\260\321\200\321\202_2026-03-30_md.ajson"
[2026-06-25 19:13:51]  delete mode 100644 "Life/Calendula/.smart-env/multi/Calendula_2026_\320\234\320\260\321\200\321\202_2026-03-31_md.ajson"
[2026-06-25 19:13:51]  delete mode 100644 "Life/Calendula/.smart-env/multi/Calendula_2026_\320\244\320\265\320\262\321\200\320\260\320\273\321\214_2026-02-27_md.ajson"
[2026-06-25 19:13:51]  delete mode 100644 "Life/Calendula/.smart-env/multi/Calendula_2026_\320\244\320\265\320\262\321\200\320\260\320\273\321\214_2026-02-28_md.ajson"
[2026-06-25 19:13:51]  delete mode 100644 "Life/Calendula/.smart-env/multi/Calendula_2026_\320\257\320\275\320\262\320\260\321\200\321\214_2026-01-01_md.ajson"
[2026-06-25 19:13:51]  delete mode 100644 "Life/Calendula/.smart-env/multi/Calendula_2026_\320\257\320\275\320\262\320\260\321\200\321\214_2026-01-02_md.ajson"
[2026-06-25 19:13:51]  delete mode 100644 "Life/Calendula/.smart-env/multi/Calendula_2026_\320\257\320\275\320\262\320\260\321\200\321\214_2026-01-03_md.ajson"
[2026-06-25 19:13:51]  delete mode 100644 "Life/Calendula/.smart-env/multi/Calendula_2026_\320\257\320\275\320\262\320\260\321\200\321\214_2026-01-04_md.ajson"
[2026-06-25 19:13:51]  delete mode 100644 "Life/Calendula/.smart-env/multi/Calendula_2026_\320\257\320\275\320\262\320\260\321\200\321\214_2026-01-05_md.ajson"
[2026-06-25 19:13:51]  delete mode 100644 "Life/Calendula/.smart-env/multi/Calendula_2026_\320\257\320\275\320\262\320\260\321\200\321\214_2026-01-06_md.ajson"
[2026-06-25 19:13:51]  delete mode 100644 "Life/Calendula/.smart-env/multi/Calendula_2026_\320\257\320\275\320\262\320\260\321\200\321\214_2026-01-07_md.ajson"
[2026-06-25 19:13:51]  delete mode 100644 "Life/Calendula/.smart-env/multi/Calendula_2026_\320\257\320\275\320\262\320\260\321\200\321\214_2026-01-08_md.ajson"
[2026-06-25 19:13:51]  delete mode 100644 "Life/Calendula/.smart-env/multi/Calendula_2026_\320\257\320\275\320\262\320\260\321\200\321\214_2026-01-09_md.ajson"
[2026-06-25 19:13:51]  delete mode 100644 "Life/Calendula/.smart-env/multi/Calendula_2026_\320\257\320\275\320\262\320\260\321\200\321\214_2026-01-10_md.ajson"
[2026-06-25 19:13:51]  delete mode 100644 "Life/Calendula/.smart-env/multi/Calendula_2026_\320\257\320\275\320\262\320\260\321\200\321\214_2026-01-11_md.ajson"
[2026-06-25 19:13:51]  delete mode 100644 "Life/Calendula/.smart-env/multi/Calendula_2026_\320\257\320\275\320\262\320\260\321\200\321\214_2026-01-12_md.ajson"
[2026-06-25 19:13:51]  delete mode 100644 "Life/Calendula/.smart-env/multi/Calendula_2026_\320\257\320\275\320\262\320\260\321\200\321\214_2026-01-13_md.ajson"
[2026-06-25 19:13:51]  delete mode 100644 "Life/Calendula/.smart-env/multi/Calendula_2026_\320\257\320\275\320\262\320\260\321\200\321\214_2026-01-14_md.ajson"
[2026-06-25 19:13:51]  delete mode 100644 "Life/Calendula/.smart-env/multi/Calendula_2026_\320\257\320\275\320\262\320\260\321\200\321\214_2026-01-15_md.ajson"
[2026-06-25 19:13:51]  delete mode 100644 "Life/Calendula/.smart-env/multi/Calendula_2026_\320\257\320\275\320\262\320\260\321\200\321\214_2026-01-16_md.ajson"
[2026-06-25 19:13:51]  delete mode 100644 "Life/Calendula/.smart-env/multi/Calendula_2026_\320\257\320\275\320\262\320\260\321\200\321\214_2026-01-17_md.ajson"
[2026-06-25 19:13:51]  delete mode 100644 "Life/Calendula/.smart-env/multi/Calendula_2026_\320\257\320\275\320\262\320\260\321\200\321\214_2026-01-18_md.ajson"
[2026-06-25 19:13:51]  delete mode 100644 "Life/Calendula/.smart-env/multi/Calendula_2026_\320\257\320\275\320\262\320\260\321\200\321\214_2026-01-19_md.ajson"
[2026-06-25 19:13:51]  delete mode 100644 "Life/Calendula/.smart-env/multi/Calendula_2026_\320\257\320\275\320\262\320\260\321\200\321\214_2026-01-20_md.ajson"
[2026-06-25 19:13:51]  delete mode 100644 Life/Calendula/.smart-env/multi/Codingame_md.ajson
[2026-06-25 19:13:51]  delete mode 100644 Life/Calendula/.smart-env/multi/LeetCode_md.ajson
[2026-06-25 19:13:51]  delete mode 100644 Life/Calendula/.smart-env/multi/Lirik_md.ajson
[2026-06-25 19:13:51]  delete mode 100644 Life/Calendula/.smart-env/multi/Obsidian_md.ajson
[2026-06-25 19:13:51]  delete mode 100644 Life/Calendula/.smart-env/multi/Vim_md.ajson
[2026-06-25 19:13:51]  delete mode 100644 "Life/Calendula/.smart-env/multi/\320\220\320\275\320\263\320\273\320\270\321\201\320\272\320\270\320\271_\320\240\320\265\320\277\320\265\321\202\320\270\321\202\320\276\321\200_md.ajson"
[2026-06-25 19:13:51]  delete mode 100644 "Life/Calendula/.smart-env/multi/\320\221\320\260\320\267\320\260_md.ajson"
[2026-06-25 19:13:51]  delete mode 100644 "Life/Calendula/.smart-env/multi/\320\221\320\265\320\267_\320\275\320\260\320\267\320\262\320\260\320\275\320\270\321\217_1_base.ajson"
[2026-06-25 19:13:51]  delete mode 100644 "Life/Calendula/.smart-env/multi/\320\221\320\265\320\267_\320\275\320\260\320\267\320\262\320\260\320\275\320\270\321\217_2_base.ajson"
[2026-06-25 19:13:51]  delete mode 100644 "Life/Calendula/.smart-env/multi/\320\221\320\265\320\267_\320\275\320\260\320\267\320\262\320\260\320\275\320\270\321\217_base.ajson"
[2026-06-25 19:13:51]  delete mode 100644 "Life/Calendula/.smart-env/multi/\320\221\320\265\320\267_\320\275\320\260\320\267\320\262\320\260\320\275\320\270\321\217_canvas.ajson"
[2026-06-25 19:13:51]  delete mode 100644 "Life/Calendula/.smart-env/multi/\320\221\320\265\320\267_\320\275\320\260\320\267\320\262\320\260\320\275\320\270\321\217_md.ajson"
[2026-06-25 19:13:51]  delete mode 100644 "Life/Calendula/.smart-env/multi/\320\222\320\273\320\260\320\264_\320\224\320\276\320\273\320\265\320\275\320\272\320\276_md.ajson"
[2026-06-25 19:13:51]  delete mode 100644 "Life/Calendula/.smart-env/multi/\320\227\320\260\320\264\320\260\321\207\320\272\320\260_11_md.ajson"
[2026-06-25 19:13:51]  delete mode 100644 "Life/Calendula/.smart-env/multi/\320\227\320\260\320\264\320\260\321\207\320\272\320\270_md.ajson"
[2026-06-25 19:13:51]  delete mode 100644 "Life/Calendula/.smart-env/multi/\320\227\320\264\320\276\321\200\320\276\320\262\321\214\320\265_\320\227\320\260\321\200\321\217\320\264\320\272\320\260_md.ajson"
[2026-06-25 19:13:51]  delete mode 100644 "Life/Calendula/.smart-env/multi/\320\227\320\264\320\276\321\200\320\276\320\262\321\214\320\265_\320\227\320\264\320\276\321\200\320\276\320\262\321\214\320\265_md.ajson"
[2026-06-25 19:13:51]  delete mode 100644 "Life/Calendula/.smart-env/multi/\320\227\320\274\320\265\320\271\320\272\320\260_md.ajson"
[2026-06-25 19:13:51]  delete mode 100644 "Life/Calendula/.smart-env/multi/\320\232\320\260\320\277\320\270\321\202\320\260\320\273_IT_IT_md.ajson"
[2026-06-25 19:13:51]  delete mode 100644 "Life/Calendula/.smart-env/multi/\320\232\320\260\320\277\320\270\321\202\320\260\320\273_IT_Java_md.ajson"
[2026-06-25 19:13:51]  delete mode 100644 "Life/Calendula/.smart-env/multi/\320\232\320\260\320\277\320\270\321\202\320\260\320\273_IT_Tex\320\240\320\260\320\264\320\260\321\200_md.ajson"
[2026-06-25 19:13:51]  delete mode 100644 "Life/Calendula/.smart-env/multi/\320\232\320\260\320\277\320\270\321\202\320\260\320\273_IT_\320\237\321\200\320\276\320\264\320\266\320\265\320\272\321\202\321\213_ThoughBoard_md.ajson"
[2026-06-25 19:13:51]  delete mode 100644 "Life/Calendula/.smart-env/multi/\320\232\320\260\320\277\320\270\321\202\320\260\320\273_IT_\320\237\321\200\320\276\320\264\320\266\320\265\320\272\321\202\321\213_\320\237\321\200\320\276\320\265\320\272\321\202\321\213_md.ajson"
[2026-06-25 19:13:51]  delete mode 100644 "Life/Calendula/.smart-env/multi/\320\232\320\260\320\277\320\270\321\202\320\260\320\273_\320\220\320\275\320\263\320\273\320\270\320\271\321\201\320\272\320\270\320\271_\320\220\320\275\320\263\320\273\320\270\320\271\321\201\320\272\320\270\320\271_md.ajson"
[2026-06-25 19:13:51]  delete mode 100644 "Life/Calendula/.smart-env/multi/\320\232\320\260\320\277\320\270\321\202\320\260\320\273_\320\220\320\275\320\263\320\273\320\270\320\271\321\201\320\272\320\270\320\271_\320\223\320\276\320\262\320\276\321\200\320\265\320\275\320\270\320\265_md.ajson"
[2026-06-25 19:13:51]  delete mode 100644 "Life/Calendula/.smart-env/multi/\320\232\320\260\320\277\320\270\321\202\320\260\320\273_\320\220\320\275\320\263\320\273\320\270\320\271\321\201\320\272\320\270\320\271_\320\247\321\202\320\265\320\275\320\270\320\265_md.ajson"
[2026-06-25 19:13:51]  delete mode 100644 "Life/Calendula/.smart-env/multi/\320\232\320\260\320\277\320\270\321\202\320\260\320\273_\320\232\320\260\320\277\320\270\321\202\320\260\320\273_md.ajson"
[2026-06-25 19:13:51]  delete mode 100644 "Life/Calendula/.smart-env/multi/\320\232\320\260\320\277\320\270\321\202\320\260\320\273_\320\232\320\260\320\277\320\270\321\202\320\260\320\273_\320\244\320\270\320\275\320\260\320\275\321\201\321\213_md.ajson"
[2026-06-25 19:13:51]  delete mode 100644 "Life/Calendula/.smart-env/multi/\320\233\321\216\320\264\320\270_\320\235\320\265\321\202\320\262\320\276\321\200\320\272\320\270\320\275\320\263_TG_md.ajson"
[2026-06-25 19:13:51]  delete mode 100644 "Life/Calendula/.smart-env/multi/\320\233\321\216\320\264\320\270_\320\235\320\265\321\202\320\262\320\276\321\200\320\272\320\270\320\275\320\263_\320\233\321\216\320\264\320\270_md.ajson"
[2026-06-25 19:13:51]  delete mode 100644 "Life/Calendula/.smart-env/multi/\320\233\321\216\320\264\320\270_\320\235\320\265\321\202\320\262\320\276\321\200\320\272\320\270\320\275\320\263_\320\236\320\261\321\211\320\265\320\275\320\270\320\265_md.ajson"
[2026-06-25 19:13:51]  delete mode 100644 "Life/Calendula/.smart-env/multi/\320\233\321\216\320\264\320\270_\320\235\320\265\321\202\320\262\320\276\321\200\320\272\320\270\320\275\320\263_\320\237\320\276\320\270\321\201\320\272_\320\273\321\216\320\264\320\265\320\271_md.ajson"
[2026-06-25 19:13:51]  delete mode 100644 "Life/Calendula/.smart-env/multi/\320\235\320\260\320\262\321\213\320\272\320\270_md.ajson"
[2026-06-25 19:13:51]  delete mode 100644 "Life/Calendula/.smart-env/multi/\320\236\321\201\320\275\320\276\320\262\320\260_md.ajson"
[2026-06-25 19:13:51]  delete mode 100644 "Life/Calendula/.smart-env/multi/\320\237\320\265\321\207\320\260\321\202\321\214_\320\275\320\260_\320\272\320\273\320\260\320\262\320\270\320\260\321\202\321\203\321\200\320\265_md.ajson"
[2026-06-25 19:13:51]  delete mode 100644 "Life/Calendula/.smart-env/multi/\320\237\321\200\320\260\320\262\320\260_md.ajson"
[2026-06-25 19:13:51]  delete mode 100644 "Life/Calendula/.smart-env/multi/\320\240\320\265\321\210\320\260\320\273_\320\261\320\270\320\273\320\265\321\202\321\213_md.ajson"
[2026-06-25 19:13:51]  delete mode 100644 "Life/Calendula/.smart-env/multi/\320\241\320\276\321\206_\320\232\320\260\320\277\320\270\321\202\320\260\320\273_1_\320\272\321\200\321\203\320\263_Hold_md.ajson"
[2026-06-25 19:13:51]  delete mode 100644 "Life/Calendula/.smart-env/multi/\320\241\320\276\321\206_\320\232\320\260\320\277\320\270\321\202\320\260\320\273_1_\320\272\321\200\321\203\320\263_Vano_md.ajson"
[2026-06-25 19:13:51]  delete mode 100644 "Life/Calendula/.smart-env/multi/\320\241\320\276\321\206_\320\232\320\260\320\277\320\270\321\202\320\260\320\273_1_\320\272\321\200\321\203\320\263_Yogg_md.ajson"
[2026-06-25 19:13:51]  delete mode 100644 "Life/Calendula/.smart-env/multi/\320\241\320\276\321\206_\320\232\320\260\320\277\320\270\321\202\320\260\320\273_1_\320\272\321\200\321\203\320\263_\320\232\320\276\321\201\321\202\321\217\320\272_md.ajson"
[2026-06-25 19:13:51]  delete mode 100644 "Life/Calendula/.smart-env/multi/\320\241\320\276\321\206_\320\232\320\260\320\277\320\270\321\202\320\260\320\273_2_\320\272\321\200\321\203\320\263_Ashard_md.ajson"
[2026-06-25 19:13:51]  delete mode 100644 "Life/Calendula/.smart-env/multi/\320\241\320\276\321\206_\320\232\320\260\320\277\320\270\321\202\320\260\320\273_2_\320\272\321\200\321\203\320\263_Bebra_dev_md.ajson"
[2026-06-25 19:13:51]  delete mode 100644 "Life/Calendula/.smart-env/multi/\320\241\320\276\321\206_\320\232\320\260\320\277\320\270\321\202\320\260\320\273_2_\320\272\321\200\321\203\320\263_Danil_md.ajson"
[2026-06-25 19:13:51]  delete mode 100644 "Life/Calendula/.smart-env/multi/\320\241\320\276\321\206_\320\232\320\260\320\277\320\270\321\202\320\260\320\273_2_\320\272\321\200\321\203\320\263_Dima_Garbatenko_md.ajson"
[2026-06-25 19:13:51]  delete mode 100644 "Life/Calendula/.smart-env/multi/\320\241\320\276\321\206_\320\232\320\260\320\277\320\270\321\202\320\260\320\273_2_\320\272\321\200\321\203\320\263_Duma_gardenco_md.ajson"
[2026-06-25 19:13:51]  delete mode 100644 "Life/Calendula/.smart-env/multi/\320\241\320\276\321\206_\320\232\320\260\320\277\320\270\321\202\320\260\320\273_2_\320\272\321\200\321\203\320\263_Eliza_md.ajson"
[2026-06-25 19:13:51]  delete mode 100644 "Life/Calendula/.smart-env/multi/\320\241\320\276\321\206_\320\232\320\260\320\277\320\270\321\202\320\260\320\273_2_\320\272\321\200\321\203\320\263_Luna_md.ajson"
[2026-06-25 19:13:51]  delete mode 100644 "Life/Calendula/.smart-env/multi/\320\241\320\276\321\206_\320\232\320\260\320\277\320\270\321\202\320\260\320\273_2_\320\272\321\200\321\203\320\263_Resusfactor_228_md.ajson"
[2026-06-25 19:13:51]  delete mode 100644 "Life/Calendula/.smart-env/multi/\320\241\320\276\321\206_\320\232\320\260\320\277\320\270\321\202\320\260\320\273_2_\320\272\321\200\321\203\320\263_Ruslan_md.ajson"
[2026-06-25 19:13:51]  delete mode 100644 "Life/Calendula/.smart-env/multi/\320\241\320\276\321\206_\320\232\320\260\320\277\320\270\321\202\320\260\320\273_2_\320\272\321\200\321\203\320\263_TopQuark_md.ajson"
[2026-06-25 19:13:51]  delete mode 100644 "Life/Calendula/.smart-env/multi/\320\241\320\276\321\206_\320\232\320\260\320\277\320\270\321\202\320\260\320\273_2_\320\272\321\200\321\203\320\263_\320\222\320\273\320\260\320\264_\320\224\320\276\320\273\320\265\320\275\320\272\320\276_md.ajson"
[2026-06-25 19:13:51]  delete mode 100644 "Life/Calendula/.smart-env/multi/\320\241\320\276\321\206_\320\232\320\260\320\277\320\270\321\202\320\260\320\273_2_\320\272\321\200\321\203\320\263_\320\235\320\270\320\272\320\270\321\202\320\260_\320\234\320\260\320\273\320\265\320\272_md.ajson"
[2026-06-25 19:13:51]  delete mode 100644 "Life/Calendula/.smart-env/multi/\320\241\320\276\321\206_\320\232\320\260\320\277\320\270\321\202\320\260\320\273_2_\320\272\321\200\321\203\320\263_\320\240\320\260\320\264\320\270\320\271_md.ajson"
[2026-06-25 19:13:51]  delete mode 100644 "Life/Calendula/.smart-env/multi/\320\241\320\276\321\206_\320\232\320\260\320\277\320\270\321\202\320\260\320\273_3_\320\272\321\200\321\203\320\263_DeenMarchal_md.ajson"
[2026-06-25 19:13:51]  delete mode 100644 "Life/Calendula/.smart-env/multi/\320\241\320\276\321\206_\320\232\320\260\320\277\320\270\321\202\320\260\320\273_3_\320\272\321\200\321\203\320\263_Denis_Groas_md.ajson"
[2026-06-25 19:13:51]  delete mode 100644 "Life/Calendula/.smart-env/multi/\320\241\320\276\321\206_\320\232\320\260\320\277\320\270\321\202\320\260\320\273_3_\320\272\321\200\321\203\320\263_Efie_md.ajson"
[2026-06-25 19:13:51]  delete mode 100644 "Life/Calendula/.smart-env/multi/\320\241\320\276\321\206_\320\232\320\260\320\277\320\270\321\202\320\260\320\273_3_\320\272\321\200\321\203\320\263_Ilayr_md.ajson"
[2026-06-25 19:13:51]  delete mode 100644 "Life/Calendula/.smart-env/multi/\320\241\320\276\321\206_\320\232\320\260\320\277\320\270\321\202\320\260\320\273_3_\320\272\321\200\321\203\320\263_Ivar_md.ajson"
[2026-06-25 19:13:51]  delete mode 100644 "Life/Calendula/.smart-env/multi/\320\241\320\276\321\206_\320\232\320\260\320\277\320\270\321\202\320\260\320\273_3_\320\272\321\200\321\203\320\263_Lirik_md.ajson"
[2026-06-25 19:13:51]  delete mode 100644 "Life/Calendula/.smart-env/multi/\320\241\320\276\321\206_\320\232\320\260\320\277\320\270\321\202\320\260\320\273_3_\320\272\321\200\321\203\320\263_Marakya_md.ajson"
[2026-06-25 19:13:51]  delete mode 100644 "Life/Calendula/.smart-env/multi/\320\241\320\276\321\206_\320\232\320\260\320\277\320\270\321\202\320\260\320\273_3_\320\272\321\200\321\203\320\263_Maybe_beibe_md.ajson"
[2026-06-25 19:13:51]  delete mode 100644 "Life/Calendula/.smart-env/multi/\320\241\320\276\321\206_\320\232\320\260\320\277\320\270\321\202\320\260\320\273_3_\320\272\321\200\321\203\320\263_Murat_md.ajson"
[2026-06-25 19:13:51]  delete mode 100644 "Life/Calendula/.smart-env/multi/\320\241\320\276\321\206_\320\232\320\260\320\277\320\270\321\202\320\260\320\273_3_\320\272\321\200\321\203\320\263_Nett_md.ajson"
[2026-06-25 19:13:51]  delete mode 100644 "Life/Calendula/.smart-env/multi/\320\241\320\276\321\206_\320\232\320\260\320\277\320\270\321\202\320\260\320\273_3_\320\272\321\200\321\203\320\263_Temozarela_md.ajson"
[2026-06-25 19:13:51]  delete mode 100644 "Life/Calendula/.smart-env/multi/\320\241\320\276\321\206_\320\232\320\260\320\277\320\270\321\202\320\260\320\273_3_\320\272\321\200\321\203\320\263_Zero_md.ajson"
[2026-06-25 19:13:51]  delete mode 100644 "Life/Calendula/.smart-env/multi/\320\241\320\276\321\206_\320\232\320\260\320\277\320\270\321\202\320\260\320\273_\320\236\321\201\320\276\320\261\320\265\320\275\321\213\320\265_Delta_md.ajson"
[2026-06-25 19:13:51]  delete mode 100644 "Life/Calendula/.smart-env/multi/\320\241\320\276\321\206_\320\232\320\260\320\277\320\270\321\202\320\260\320\273_\320\236\321\201\320\276\320\261\320\265\320\275\321\213\320\265_Impetus_md.ajson"
[2026-06-25 19:13:51]  delete mode 100644 "Life/Calendula/.smart-env/multi/\320\241\320\276\321\206_\320\232\320\260\320\277\320\270\321\202\320\260\320\273_\320\236\321\201\320\276\320\261\320\265\320\275\321\213\320\265_Obsidian_md.ajson"
[2026-06-25 19:13:51]  delete mode 100644 "Life/Calendula/.smart-env/multi/\320\241\320\276\321\206_\320\232\320\260\320\277\320\270\321\202\320\260\320\273_\320\236\321\201\320\276\320\261\320\265\320\275\321\213\320\265_\320\223\320\273\320\265\320\261\321\203\321\201\320\260_md.ajson"
[2026-06-25 19:13:51]  delete mode 100644 "Life/Calendula/.smart-env/multi/\320\241\320\276\321\206_\320\232\320\260\320\277\320\270\321\202\320\260\320\273_\320\237\320\276\320\267\320\275\320\260\320\272\320\276\320\274\320\270\320\273\320\270\321\201\321\214_Alexander_B_md.ajson"
[2026-06-25 19:13:51]  delete mode 100644 "Life/Calendula/.smart-env/multi/\320\241\320\276\321\206_\320\232\320\260\320\277\320\270\321\202\320\260\320\273_\320\237\320\276\320\267\320\275\320\260\320\272\320\276\320\274\320\270\320\273\320\270\321\201\321\214_Almaz_md.ajson"
[2026-06-25 19:13:51]  delete mode 100644 "Life/Calendula/.smart-env/multi/\320\241\320\276\321\206_\320\232\320\260\320\277\320\270\321\202\320\260\320\273_\320\237\320\276\320\267\320\275\320\260\320\272\320\276\320\274\320\270\320\273\320\270\321\201\321\214_Glasik_md.ajson"
[2026-06-25 19:13:51]  delete mode 100644 "Life/Calendula/.smart-env/multi/\320\241\320\276\321\206_\320\232\320\260\320\277\320\270\321\202\320\260\320\273_\320\237\320\276\320\267\320\275\320\260\320\272\320\276\320\274\320\270\320\273\320\270\321\201\321\214_JuliaTsvetkova_md.ajson"
[2026-06-25 19:13:51]  delete mode 100644 "Life/Calendula/.smart-env/multi/\320\241\320\276\321\206_\320\232\320\260\320\277\320\270\321\202\320\260\320\273_\320\237\320\276\320\267\320\275\320\260\320\272\320\276\320\274\320\270\320\273\320\270\321\201\321\214_Mercau_md.ajson"
[2026-06-25 19:13:51]  delete mode 100644 "Life/Calendula/.smart-env/multi/\320\241\320\276\321\206_\320\232\320\260\320\277\320\270\321\202\320\260\320\273_\320\237\320\276\320\267\320\275\320\260\320\272\320\276\320\274\320\270\320\273\320\270\321\201\321\214_Nikita_md.ajson"
[2026-06-25 19:13:51]  delete mode 100644 "Life/Calendula/.smart-env/multi/\320\241\320\276\321\206_\320\232\320\260\320\277\320\270\321\202\320\260\320\273_\320\237\320\276\320\267\320\275\320\260\320\272\320\276\320\274\320\270\320\273\320\270\321\201\321\214_Paul_md.ajson"
[2026-06-25 19:13:51]  delete mode 100644 "Life/Calendula/.smart-env/multi/\320\241\320\276\321\206_\320\232\320\260\320\277\320\270\321\202\320\260\320\273_\320\237\320\276\320\267\320\275\320\260\320\272\320\276\320\274\320\270\320\273\320\270\321\201\321\214_Romio_md.ajson"
[2026-06-25 19:13:51]  delete mode 100644 "Life/Calendula/.smart-env/multi/\320\241\320\276\321\206_\320\232\320\260\320\277\320\270\321\202\320\260\320\273_\320\237\320\276\320\267\320\275\320\260\320\272\320\276\320\274\320\270\320\273\320\270\321\201\321\214_TED_md.ajson"
[2026-06-25 19:13:51]  delete mode 100644 "Life/Calendula/.smart-env/multi/\320\241\320\276\321\206_\320\232\320\260\320\277\320\270\321\202\320\260\320\273_\320\237\320\276\320\267\320\275\320\260\320\272\320\276\320\274\320\270\320\273\320\270\321\201\321\214_\320\241\320\260\320\275\320\276_md.ajson"
[2026-06-25 19:13:51]  delete mode 100644 "Life/Calendula/.smart-env/multi/\320\242\321\200\320\265\320\275\320\265\321\200\320\276\320\262\320\272\320\270_md.ajson"
[2026-06-25 19:13:51]  delete mode 100644 "Life/Calendula/.smart-env/multi/\320\242\321\200\320\265\320\275\320\270\321\200\320\276\320\262\320\272\320\260_md.ajson"
[2026-06-25 19:13:51]  delete mode 100644 "Life/Calendula/.smart-env/multi/\320\242\321\203\321\200\320\275\320\270\320\272\320\270_md.ajson"
[2026-06-25 19:13:51]  delete mode 100644 "Life/Calendula/.smart-env/multi/\320\243\320\273\321\203\321\207\321\210\320\270\321\202\321\214_md.ajson"
[2026-06-25 19:13:51]  delete mode 100644 Life/Calendula/.smart-env/smart_env.json
[2026-06-25 19:13:51]  delete mode 100644 Life/Calendula/Calendula/.obsidian/snippets/hide-graph-reset.css
[2026-06-25 19:13:51]  delete mode 100644 Life/Calendula/Calendula/2022/13-04-22.md
[2026-06-25 19:13:51]  delete mode 100644 Life/Calendula/Calendula/2022/17-05-22.md
[2026-06-25 19:13:51]  delete mode 100644 "Life/Calendula/Calendula/2022/\320\220\320\277\321\200\320\265\320\273\321\21422.md"
[2026-06-25 19:13:51]  delete mode 100644 "Life/Calendula/Calendula/2022/\320\234\320\260\320\27122.md"
[2026-06-25 19:13:51]  delete mode 100644 Life/Calendula/Calendula/2024/2024-12-23.md
[2026-06-25 19:13:51]  delete mode 100644 Life/Calendula/Calendula/2024/27-12-24.md
[2026-06-25 19:13:51]  delete mode 100644 Life/Calendula/Calendula/2024/28-12-24.md
[2026-06-25 19:13:51]  delete mode 100644 Life/Calendula/Calendula/2024/29-12-24.md
[2026-06-25 19:13:51]  delete mode 100644 "Life/Calendula/Calendula/2024/30-12-24 \320\273\320\270\321\207.md"
[2026-06-25 19:13:51]  delete mode 100644 Life/Calendula/Calendula/2024/30-12-24.md
[2026-06-25 19:13:51]  delete mode 100644 Life/Calendula/Calendula/2024/31-12-24.md
[2026-06-25 19:13:51]  delete mode 100644 "Life/Calendula/Calendula/2026/\320\220\320\262\320\263\321\203\321\201\321\202/01-08-26/01-08-26.md"
[2026-06-25 19:13:51]  delete mode 100644 "Life/Calendula/Calendula/2026/\320\220\320\262\320\263\321\203\321\201\321\202/01-08-26/01.1-08-26 \320\241\320\276\321\206.md"
[2026-06-25 19:13:51]  delete mode 100644 "Life/Calendula/Calendula/2026/\320\220\320\262\320\263\321\203\321\201\321\202/01-08-26/01.2-08-26 \320\233\320\270\321\207\320\275\320\276\320\265.md"
[2026-06-25 19:13:51]  delete mode 100644 "Life/Calendula/Calendula/2026/\320\220\320\262\320\263\321\203\321\201\321\202/01-08-26/01.3-08-26 \320\234\321\213\321\201\320\273\320\270.md"
[2026-06-25 19:13:51]  delete mode 100644 "Life/Calendula/Calendula/2026/\320\220\320\262\320\263\321\203\321\201\321\202/02-08-26/02-08-26.md"
[2026-06-25 19:13:51]  delete mode 100644 "Life/Calendula/Calendula/2026/\320\220\320\262\320\263\321\203\321\201\321\202/02-08-26/02.1-08-26 \320\241\320\276\321\206.md"
[2026-06-25 19:13:51]  delete mode 100644 "Life/Calendula/Calendula/2026/\320\220\320\262\320\263\321\203\321\201\321\202/02-08-26/02.2-08-26 \320\233\320\270\321\207\320\275\320\276\320\265.md"
[2026-06-25 19:13:51]  delete mode 100644 "Life/Calendula/Calendula/2026/\320\220\320\262\320\263\321\203\321\201\321\202/02-08-26/02.3-08-26 \320\234\321\213\321\201\320\273\320\270.md"
[2026-06-25 19:13:51]  delete mode 100644 "Life/Calendula/Calendula/2026/\320\220\320\262\320\263\321\203\321\201\321\202/03-08-26/03-08-26.md"
[2026-06-25 19:13:51]  delete mode 100644 "Life/Calendula/Calendula/2026/\320\220\320\262\320\263\321\203\321\201\321\202/03-08-26/03.1-08-26 \320\241\320\276\321\206.md"
[2026-06-25 19:13:51]  delete mode 100644 "Life/Calendula/Calendula/2026/\320\220\320\262\320\263\321\203\321\201\321\202/03-08-26/03.2-08-26 \320\233\320\270\321\207\320\275\320\276\320\265.md"
[2026-06-25 19:13:51]  delete mode 100644 "Life/Calendula/Calendula/2026/\320\220\320\262\320\263\321\203\321\201\321\202/03-08-26/03.3-08-26 \320\234\321\213\321\201\320\273\320\270.md"
[2026-06-25 19:13:51]  delete mode 100644 "Life/Calendula/Calendula/2026/\320\220\320\262\320\263\321\203\321\201\321\202/04-08-26/04-08-26.md"
[2026-06-25 19:13:51]  delete mode 100644 "Life/Calendula/Calendula/2026/\320\220\320\262\320\263\321\203\321\201\321\202/04-08-26/04.1-08-26 \320\241\320\276\321\206.md"
[2026-06-25 19:13:51]  delete mode 100644 "Life/Calendula/Calendula/2026/\320\220\320\262\320\263\321\203\321\201\321\202/04-08-26/04.2-08-26 \320\233\320\270\321\207\320\275\320\276\320\265.md"
[2026-06-25 19:13:51]  delete mode 100644 "Life/Calendula/Calendula/2026/\320\220\320\262\320\263\321\203\321\201\321\202/04-08-26/04.3-08-26 \320\234\321\213\321\201\320\273\320\270.md"
[2026-06-25 19:13:51]  delete mode 100644 "Life/Calendula/Calendula/2026/\320\220\320\262\320\263\321\203\321\201\321\202/05-08-26/05-08-26.md"
[2026-06-25 19:13:51]  delete mode 100644 "Life/Calendula/Calendula/2026/\320\220\320\262\320\263\321\203\321\201\321\202/05-08-26/05.1-08-26 \320\241\320\276\321\206.md"
[2026-06-25 19:13:51]  delete mode 100644 "Life/Calendula/Calendula/2026/\320\220\320\262\320\263\321\203\321\201\321\202/05-08-26/05.2-08-26 \320\233\320\270\321\207\320\275\320\276\320\265.md"
[2026-06-25 19:13:51]  delete mode 100644 "Life/Calendula/Calendula/2026/\320\220\320\262\320\263\321\203\321\201\321\202/05-08-26/05.3-08-26 \320\234\321\213\321\201\320\273\320\270.md"
[2026-06-25 19:13:51]  delete mode 100644 "Life/Calendula/Calendula/2026/\320\220\320\262\320\263\321\203\321\201\321\202/06-08-26/06-08-26.md"
[2026-06-25 19:13:51]  delete mode 100644 "Life/Calendula/Calendula/2026/\320\220\320\262\320\263\321\203\321\201\321\202/06-08-26/06.1-08-26 \320\241\320\276\321\206.md"
[2026-06-25 19:13:51]  delete mode 100644 "Life/Calendula/Calendula/2026/\320\220\320\262\320\263\321\203\321\201\321\202/06-08-26/06.2-08-26 \320\233\320\270\321\207\320\275\320\276\320\265.md"
[2026-06-25 19:13:51]  delete mode 100644 "Life/Calendula/Calendula/2026/\320\220\320\262\320\263\321\203\321\201\321\202/06-08-26/06.3-08-26 \320\234\321\213\321\201\320\273\320\270.md"
[2026-06-25 19:13:51]  delete mode 100644 "Life/Calendula/Calendula/2026/\320\220\320\262\320\263\321\203\321\201\321\202/07-08-26/07-08-26.md"
[2026-06-25 19:13:51]  delete mode 100644 "Life/Calendula/Calendula/2026/\320\220\320\262\320\263\321\203\321\201\321\202/07-08-26/07.1-08-26 \320\241\320\276\321\206.md"
[2026-06-25 19:13:51]  delete mode 100644 "Life/Calendula/Calendula/2026/\320\220\320\262\320\263\321\203\321\201\321\202/07-08-26/07.2-08-26 \320\233\320\270\321\207\320\275\320\276\320\265.md"
[2026-06-25 19:13:51]  delete mode 100644 "Life/Calendula/Calendula/2026/\320\220\320\262\320\263\321\203\321\201\321\202/07-08-26/07.3-08-26 \320\234\321\213\321\201\320\273\320\270.md"
[2026-06-25 19:13:51]  delete mode 100644 "Life/Calendula/Calendula/2026/\320\220\320\262\320\263\321\203\321\201\321\202/08-08-26/08-08-26.md"
[2026-06-25 19:13:51]  delete mode 100644 "Life/Calendula/Calendula/2026/\320\220\320\262\320\263\321\203\321\201\321\202/08-08-26/08.1-08-26 \320\241\320\276\321\206.md"
[2026-06-25 19:13:51]  delete mode 100644 "Life/Calendula/Calendula/2026/\320\220\320\262\320\263\321\203\321\201\321\202/08-08-26/08.2-08-26 \320\233\320\270\321\207\320\275\320\276\320\265.md"
[2026-06-25 19:13:51]  delete mode 100644 "Life/Calendula/Calendula/2026/\320\220\320\262\320\263\321\203\321\201\321\202/08-08-26/08.3-08-26 \320\234\321\213\321\201\320\273\320\270.md"
[2026-06-25 19:13:51]  delete mode 100644 "Life/Calendula/Calendula/2026/\320\220\320\262\320\263\321\203\321\201\321\202/09-08-26/09-08-26.md"
[2026-06-25 19:13:51]  delete mode 100644 "Life/Calendula/Calendula/2026/\320\220\320\262\320\263\321\203\321\201\321\202/09-08-26/09.1-08-26 \320\241\320\276\321\206.md"
[2026-06-25 19:13:51]  delete mode 100644 "Life/Calendula/Calendula/2026/\320\220\320\262\320\263\321\203\321\201\321\202/09-08-26/09.2-08-26 \320\233\320\270\321\207\320\275\320\276\320\265.md"
[2026-06-25 19:13:51]  delete mode 100644 "Life/Calendula/Calendula/2026/\320\220\320\262\320\263\321\203\321\201\321\202/09-08-26/09.3-08-26 \320\234\321\213\321\201\320\273\320\270.md"
[2026-06-25 19:13:51]  delete mode 100644 "Life/Calendula/Calendula/2026/\320\220\320\262\320\263\321\203\321\201\321\202/10-08-26/10-08-26.md"
[2026-06-25 19:13:51]  delete mode 100644 "Life/Calendula/Calendula/2026/\320\220\320\262\320\263\321\203\321\201\321\202/10-08-26/10.1-08-26 \320\241\320\276\321\206.md"
[2026-06-25 19:13:51]  delete mode 100644 "Life/Calendula/Calendula/2026/\320\220\320\262\320\263\321\203\321\201\321\202/10-08-26/10.2-08-26 \320\233\320\270\321\207\320\275\320\276\320\265.md"
[2026-06-25 19:13:51]  delete mode 100644 "Life/Calendula/Calendula/2026/\320\220\320\262\320\263\321\203\321\201\321\202/10-08-26/10.3-08-26 \320\234\321\213\321\201\320\273\320\270.md"
[2026-06-25 19:13:51]  delete mode 100644 "Life/Calendula/Calendula/2026/\320\220\320\262\320\263\321\203\321\201\321\202/11-08-26/11-08-26.md"
[2026-06-25 19:13:51]  delete mode 100644 "Life/Calendula/Calendula/2026/\320\220\320\262\320\263\321\203\321\201\321\202/11-08-26/11.1-08-26 \320\241\320\276\321\206.md"
[2026-06-25 19:13:51]  delete mode 100644 "Life/Calendula/Calendula/2026/\320\220\320\262\320\263\321\203\321\201\321\202/11-08-26/11.2-08-26 \320\233\320\270\321\207\320\275\320\276\320\265.md"
[2026-06-25 19:13:51]  delete mode 100644 "Life/Calendula/Calendula/2026/\320\220\320\262\320\263\321\203\321\201\321\202/11-08-26/11.3-08-26 \320\234\321\213\321\201\320\273\320\270.md"
[2026-06-25 19:13:51]  delete mode 100644 "Life/Calendula/Calendula/2026/\320\220\320\262\320\263\321\203\321\201\321\202/12-08-26/12-08-26.md"
[2026-06-25 19:13:51]  delete mode 100644 "Life/Calendula/Calendula/2026/\320\220\320\262\320\263\321\203\321\201\321\202/12-08-26/12.1-08-26 \320\241\320\276\321\206.md"
[2026-06-25 19:13:51]  delete mode 100644 "Life/Calendula/Calendula/2026/\320\220\320\262\320\263\321\203\321\201\321\202/12-08-26/12.2-08-26 \320\233\320\270\321\207\320\275\320\276\320\265.md"
[2026-06-25 19:13:51]  delete mode 100644 "Life/Calendula/Calendula/2026/\320\220\320\262\320\263\321\203\321\201\321\202/12-08-26/12.3-08-26 \320\234\321\213\321\201\320\273\320\270.md"
[2026-06-25 19:13:51]  delete mode 100644 "Life/Calendula/Calendula/2026/\320\220\320\262\320\263\321\203\321\201\321\202/13-08-26/13-08-26.md"
[2026-06-25 19:13:51]  delete mode 100644 "Life/Calendula/Calendula/2026/\320\220\320\262\320\263\321\203\321\201\321\202/13-08-26/13.1-08-26 \320\241\320\276\321\206.md"
[2026-06-25 19:13:51]  delete mode 100644 "Life/Calendula/Calendula/2026/\320\220\320\262\320\263\321\203\321\201\321\202/13-08-26/13.2-08-26 \320\233\320\270\321\207\320\275\320\276\320\265.md"
[2026-06-25 19:13:51]  delete mode 100644 "Life/Calendula/Calendula/2026/\320\220\320\262\320\263\321\203\321\201\321\202/13-08-26/13.3-08-26 \320\234\321\213\321\201\320\273\320\270.md"
[2026-06-25 19:13:51]  delete mode 100644 "Life/Calendula/Calendula/2026/\320\220\320\262\320\263\321\203\321\201\321\202/14-08-26/14-08-26.md"
[2026-06-25 19:13:51]  delete mode 100644 "Life/Calendula/Calendula/2026/\320\220\320\262\320\263\321\203\321\201\321\202/14-08-26/14.1-08-26 \320\241\320\276\321\206.md"
[2026-06-25 19:13:51]  delete mode 100644 "Life/Calendula/Calendula/2026/\320\220\320\262\320\263\321\203\321\201\321\202/14-08-26/14.2-08-26 \320\233\320\270\321\207\320\275\320\276\320\265.md"
[2026-06-25 19:13:51]  delete mode 100644 "Life/Calendula/Calendula/2026/\320\220\320\262\320\263\321\203\321\201\321\202/14-08-26/14.3-08-26 \320\234\321\213\321\201\320\273\320\270.md"
[2026-06-25 19:13:51]  delete mode 100644 "Life/Calendula/Calendula/2026/\320\220\320\262\320\263\321\203\321\201\321\202/15-08-26/15-08-26.md"
[2026-06-25 19:13:51]  delete mode 100644 "Life/Calendula/Calendula/2026/\320\220\320\262\320\263\321\203\321\201\321\202/15-08-26/15.1-08-26 \320\241\320\276\321\206.md"
[2026-06-25 19:13:51]  delete mode 100644 "Life/Calendula/Calendula/2026/\320\220\320\262\320\263\321\203\321\201\321\202/15-08-26/15.2-08-26 \320\233\320\270\321\207\320\275\320\276\320\265.md"
[2026-06-25 19:13:51]  delete mode 100644 "Life/Calendula/Calendula/2026/\320\220\320\262\320\263\321\203\321\201\321\202/15-08-26/15.3-08-26 \320\234\321\213\321\201\320\273\320\270.md"
[2026-06-25 19:13:51]  delete mode 100644 "Life/Calendula/Calendula/2026/\320\220\320\262\320\263\321\203\321\201\321\202/16-08-26/16-08-26.md"
[2026-06-25 19:13:51]  delete mode 100644 "Life/Calendula/Calendula/2026/\320\220\320\262\320\263\321\203\321\201\321\202/16-08-26/16.1-08-26 \320\241\320\276\321\206.md"
[2026-06-25 19:13:51]  delete mode 100644 "Life/Calendula/Calendula/2026/\320\220\320\262\320\263\321\203\321\201\321\202/16-08-26/16.2-08-26 \320\233\320\270\321\207\320\275\320\276\320\265.md"
[2026-06-25 19:13:51]  delete mode 100644 "Life/Calendula/Calendula/2026/\320\220\320\262\320\263\321\203\321\201\321\202/16-08-26/16.3-08-26 \320\234\321\213\321\201\320\273\320\270.md"
[2026-06-25 19:13:51]  delete mode 100644 "Life/Calendula/Calendula/2026/\320\220\320\262\320\263\321\203\321\201\321\202/17-08-26/17-08-26.md"
[2026-06-25 19:13:51]  delete mode 100644 "Life/Calendula/Calendula/2026/\320\220\320\262\320\263\321\203\321\201\321\202/17-08-26/17.1-08-26 \320\241\320\276\321\206.md"
[2026-06-25 19:13:51]  delete mode 100644 "Life/Calendula/Calendula/2026/\320\220\320\262\320\263\321\203\321\201\321\202/17-08-26/17.2-08-26 \320\233\320\270\321\207\320\275\320\276\320\265.md"
[2026-06-25 19:13:51]  delete mode 100644 "Life/Calendula/Calendula/2026/\320\220\320\262\320\263\321\203\321\201\321\202/17-08-26/17.3-08-26 \320\234\321\213\321\201\320\273\320\270.md"
[2026-06-25 19:13:51]  delete mode 100644 "Life/Calendula/Calendula/2026/\320\220\320\262\320\263\321\203\321\201\321\202/18-08-26/18-08-26.md"
[2026-06-25 19:13:51]  delete mode 100644 "Life/Calendula/Calendula/2026/\320\220\320\262\320\263\321\203\321\201\321\202/18-08-26/18.1-08-26 \320\241\320\276\321\206.md"
[2026-06-25 19:13:51]  delete mode 100644 "Life/Calendula/Calendula/2026/\320\220\320\262\320\263\321\203\321\201\321\202/18-08-26/18.2-08-26 \320\233\320\270\321\207\320\275\320\276\320\265.md"
[2026-06-25 19:13:51]  delete mode 100644 "Life/Calendula/Calendula/2026/\320\220\320\262\320\263\321\203\321\201\321\202/18-08-26/18.3-08-26 \320\234\321\213\321\201\320\273\320\270.md"
[2026-06-25 19:13:51]  delete mode 100644 "Life/Calendula/Calendula/2026/\320\220\320\262\320\263\321\203\321\201\321\202/19-08-26/19-08-26.md"
[2026-06-25 19:13:51]  delete mode 100644 "Life/Calendula/Calendula/2026/\320\220\320\262\320\263\321\203\321\201\321\202/19-08-26/19.1-08-26 \320\241\320\276\321\206.md"
[2026-06-25 19:13:51]  delete mode 100644 "Life/Calendula/Calendula/2026/\320\220\320\262\320\263\321\203\321\201\321\202/19-08-26/19.2-08-26 \320\233\320\270\321\207\320\275\320\276\320\265.md"
[2026-06-25 19:13:51]  delete mode 100644 "Life/Calendula/Calendula/2026/\320\220\320\262\320\263\321\203\321\201\321\202/19-08-26/19.3-08-26 \320\234\321\213\321\201\320\273\320\270.md"
[2026-06-25 19:13:51]  delete mode 100644 "Life/Calendula/Calendula/2026/\320\220\320\262\320\263\321\203\321\201\321\202/20-08-26/20-08-26.md"
[2026-06-25 19:13:51]  delete mode 100644 "Life/Calendula/Calendula/2026/\320\220\320\262\320\263\321\203\321\201\321\202/20-08-26/20.1-08-26 \320\241\320\276\321\206.md"
[2026-06-25 19:13:51]  delete mode 100644 "Life/Calendula/Calendula/2026/\320\220\320\262\320\263\321\203\321\201\321\202/20-08-26/20.2-08-26 \320\233\320\270\321\207\320\275\320\276\320\265.md"
[2026-06-25 19:13:51]  delete mode 100644 "Life/Calendula/Calendula/2026/\320\220\320\262\320\263\321\203\321\201\321\202/20-08-26/20.3-08-26 \320\234\321\213\321\201\320\273\320\270.md"
[2026-06-25 19:13:51]  delete mode 100644 "Life/Calendula/Calendula/2026/\320\220\320\262\320\263\321\203\321\201\321\202/21-08-26/21-08-26.md"
[2026-06-25 19:13:51]  delete mode 100644 "Life/Calendula/Calendula/2026/\320\220\320\262\320\263\321\203\321\201\321\202/21-08-26/21.1-08-26 \320\241\320\276\321\206.md"
[2026-06-25 19:13:51]  delete mode 100644 "Life/Calendula/Calendula/2026/\320\220\320\262\320\263\321\203\321\201\321\202/21-08-26/21.2-08-26 \320\233\320\270\321\207\320\275\320\276\320\265.md"
[2026-06-25 19:13:51]  delete mode 100644 "Life/Calendula/Calendula/2026/\320\220\320\262\320\263\321\203\321\201\321\202/21-08-26/21.3-08-26 \320\234\321\213\321\201\320\273\320\270.md"
[2026-06-25 19:13:51]  delete mode 100644 "Life/Calendula/Calendula/2026/\320\220\320\262\320\263\321\203\321\201\321\202/22-08-26/22-08-26.md"
[2026-06-25 19:13:51]  delete mode 100644 "Life/Calendula/Calendula/2026/\320\220\320\262\320\263\321\203\321\201\321\202/22-08-26/22.1-08-26 \320\241\320\276\321\206.md"
[2026-06-25 19:13:51]  delete mode 100644 "Life/Calendula/Calendula/2026/\320\220\320\262\320\263\321\203\321\201\321\202/22-08-26/22.2-08-26 \320\233\320\270\321\207\320\275\320\276\320\265.md"
[2026-06-25 19:13:51]  delete mode 100644 "Life/Calendula/Calendula/2026/\320\220\320\262\320\263\321\203\321\201\321\202/22-08-26/22.3-08-26 \320\234\321\213\321\201\320\273\320\270.md"
[2026-06-25 19:13:51]  delete mode 100644 "Life/Calendula/Calendula/2026/\320\220\320\262\320\263\321\203\321\201\321\202/23-08-26/23-08-26.md"
[2026-06-25 19:13:51]  delete mode 100644 "Life/Calendula/Calendula/2026/\320\220\320\262\320\263\321\203\321\201\321\202/23-08-26/23.1-08-26 \320\241\320\276\321\206.md"
[2026-06-25 19:13:51]  delete mode 100644 "Life/Calendula/Calendula/2026/\320\220\320\262\320\263\321\203\321\201\321\202/23-08-26/23.2-08-26 \320\233\320\270\321\207\320\275\320\276\320\265.md"
[2026-06-25 19:13:51]  delete mode 100644 "Life/Calendula/Calendula/2026/\320\220\320\262\320\263\321\203\321\201\321\202/23-08-26/23.3-08-26 \320\234\321\213\321\201\320\273\320\270.md"
[2026-06-25 19:13:51]  delete mode 100644 "Life/Calendula/Calendula/2026/\320\220\320\262\320\263\321\203\321\201\321\202/24-08-26/24-08-26.md"
[2026-06-25 19:13:51]  delete mode 100644 "Life/Calendula/Calendula/2026/\320\220\320\262\320\263\321\203\321\201\321\202/24-08-26/24.1-08-26 \320\241\320\276\321\206.md"
[2026-06-25 19:13:51]  delete mode 100644 "Life/Calendula/Calendula/2026/\320\220\320\262\320\263\321\203\321\201\321\202/24-08-26/24.2-08-26 \320\233\320\270\321\207\320\275\320\276\320\265.md"
[2026-06-25 19:13:51]  delete mode 100644 "Life/Calendula/Calendula/2026/\320\220\320\262\320\263\321\203\321\201\321\202/24-08-26/24.3-08-26 \320\234\321\213\321\201\320\273\320\270.md"
[2026-06-25 19:13:51]  delete mode 100644 "Life/Calendula/Calendula/2026/\320\220\320\262\320\263\321\203\321\201\321\202/25-08-26/25-08-26.md"
[2026-06-25 19:13:51]  delete mode 100644 "Life/Calendula/Calendula/2026/\320\220\320\262\320\263\321\203\321\201\321\202/25-08-26/25.1-08-26 \320\241\320\276\321\206.md"
[2026-06-25 19:13:51]  delete mode 100644 "Life/Calendula/Calendula/2026/\320\220\320\262\320\263\321\203\321\201\321\202/25-08-26/25.2-08-26 \320\233\320\270\321\207\320\275\320\276\320\265.md"
[2026-06-25 19:13:51]  delete mode 100644 "Life/Calendula/Calendula/2026/\320\220\320\262\320\263\321\203\321\201\321\202/25-08-26/25.3-08-26 \320\234\321\213\321\201\320\273\320\270.md"
[2026-06-25 19:13:51]  delete mode 100644 "Life/Calendula/Calendula/2026/\320\220\320\262\320\263\321\203\321\201\321\202/26-08-26/26-08-26.md"
[2026-06-25 19:13:51]  delete mode 100644 "Life/Calendula/Calendula/2026/\320\220\320\262\320\263\321\203\321\201\321\202/26-08-26/26.1-08-26 \320\241\320\276\321\206.md"
[2026-06-25 19:13:51]  delete mode 100644 "Life/Calendula/Calendula/2026/\320\220\320\262\320\263\321\203\321\201\321\202/26-08-26/26.2-08-26 \320\233\320\270\321\207\320\275\320\276\320\265.md"
[2026-06-25 19:13:51]  delete mode 100644 "Life/Calendula/Calendula/2026/\320\220\320\262\320\263\321\203\321\201\321\202/26-08-26/26.3-08-26 \320\234\321\213\321\201\320\273\320\270.md"
[2026-06-25 19:13:51]  delete mode 100644 "Life/Calendula/Calendula/2026/\320\220\320\262\320\263\321\203\321\201\321\202/27-08-26/27-08-26.md"
[2026-06-25 19:13:51]  delete mode 100644 "Life/Calendula/Calendula/2026/\320\220\320\262\320\263\321\203\321\201\321\202/27-08-26/27.1-08-26 \320\241\320\276\321\206.md"
[2026-06-25 19:13:51]  delete mode 100644 "Life/Calendula/Calendula/2026/\320\220\320\262\320\263\321\203\321\201\321\202/27-08-26/27.2-08-26 \320\233\320\270\321\207\320\275\320\276\320\265.md"
[2026-06-25 19:13:51]  delete mode 100644 "Life/Calendula/Calendula/2026/\320\220\320\262\320\263\321\203\321\201\321\202/27-08-26/27.3-08-26 \320\234\321\213\321\201\320\273\320\270.md"
[2026-06-25 19:13:51]  delete mode 100644 "Life/Calendula/Calendula/2026/\320\220\320\262\320\263\321\203\321\201\321\202/28-08-26/28-08-26.md"
[2026-06-25 19:13:51]  delete mode 100644 "Life/Calendula/Calendula/2026/\320\220\320\262\320\263\321\203\321\201\321\202/28-08-26/28.1-08-26 \320\241\320\276\321\206.md"
[2026-06-25 19:13:51]  delete mode 100644 "Life/Calendula/Calendula/2026/\320\220\320\262\320\263\321\203\321\201\321\202/28-08-26/28.2-08-26 \320\233\320\270\321\207\320\275\320\276\320\265.md"
[2026-06-25 19:13:51]  delete mode 100644 "Life/Calendula/Calendula/2026/\320\220\320\262\320\263\321\203\321\201\321\202/28-08-26/28.3-08-26 \320\234\321\213\321\201\320\273\320\270.md"
[2026-06-25 19:13:51]  delete mode 100644 "Life/Calendula/Calendula/2026/\320\220\320\262\320\263\321\203\321\201\321\202/29-08-26/29-08-26.md"
[2026-06-25 19:13:51]  delete mode 100644 "Life/Calendula/Calendula/2026/\320\220\320\262\320\263\321\203\321\201\321\202/29-08-26/29.1-08-26 \320\241\320\276\321\206.md"
[2026-06-25 19:13:51]  delete mode 100644 "Life/Calendula/Calendula/2026/\320\220\320\262\320\263\321\203\321\201\321\202/29-08-26/29.2-08-26 \320\233\320\270\321\207\320\275\320\276\320\265.md"
[2026-06-25 19:13:51]  delete mode 100644 "Life/Calendula/Calendula/2026/\320\220\320\262\320\263\321\203\321\201\321\202/29-08-26/29.3-08-26 \320\234\321\213\321\201\320\273\320\270.md"
[2026-06-25 19:13:51]  delete mode 100644 "Life/Calendula/Calendula/2026/\320\220\320\262\320\263\321\203\321\201\321\202/30-08-26/30-08-26.md"
[2026-06-25 19:13:51]  delete mode 100644 "Life/Calendula/Calendula/2026/\320\220\320\262\320\263\321\203\321\201\321\202/30-08-26/30.1-08-26 \320\241\320\276\321\206.md"
[2026-06-25 19:13:51]  delete mode 100644 "Life/Calendula/Calendula/2026/\320\220\320\262\320\263\321\203\321\201\321\202/30-08-26/30.2-08-26 \320\233\320\270\321\207\320\275\320\276\320\265.md"
[2026-06-25 19:13:51]  delete mode 100644 "Life/Calendula/Calendula/2026/\320\220\320\262\320\263\321\203\321\201\321\202/30-08-26/30.3-08-26 \320\234\321\213\321\201\320\273\320\270.md"
[2026-06-25 19:13:51]  delete mode 100644 "Life/Calendula/Calendula/2026/\320\220\320\262\320\263\321\203\321\201\321\202/31-08-26/31-08-26.md"
[2026-06-25 19:13:51]  delete mode 100644 "Life/Calendula/Calendula/2026/\320\220\320\262\320\263\321\203\321\201\321\202/31-08-26/31.1-08-26 \320\241\320\276\321\206.md"
[2026-06-25 19:13:51]  delete mode 100644 "Life/Calendula/Calendula/2026/\320\220\320\262\320\263\321\203\321\201\321\202/31-08-26/31.2-08-26 \320\233\320\270\321\207\320\275\320\276\320\265.md"
[2026-06-25 19:13:51]  delete mode 100644 "Life/Calendula/Calendula/2026/\320\220\320\262\320\263\321\203\321\201\321\202/31-08-26/31.3-08-26 \320\234\321\213\321\201\320\273\320\270.md"
[2026-06-25 19:13:51]  delete mode 100644 "Life/Calendula/Calendula/2026/\320\220\320\277\321\200\320\265\320\273\321\214/01-04-26/01-04-26.md"
[2026-06-25 19:13:51]  delete mode 100644 "Life/Calendula/Calendula/2026/\320\220\320\277\321\200\320\265\320\273\321\214/01-04-26/01.1-04-26 \320\241\320\276\321\206.md"
[2026-06-25 19:13:51]  delete mode 100644 "Life/Calendula/Calendula/2026/\320\220\320\277\321\200\320\265\320\273\321\214/01-04-26/01.2-04-26 \320\233\320\270\321\207\320\275\320\276\320\265.md"
[2026-06-25 19:13:51]  delete mode 100644 "Life/Calendula/Calendula/2026/\320\220\320\277\321\200\320\265\320\273\321\214/01-04-26/01.3-04-26 \320\234\321\213\321\201\320\273\320\270.md"
[2026-06-25 19:13:51]  delete mode 100644 "Life/Calendula/Calendula/2026/\320\220\320\277\321\200\320\265\320\273\321\214/02-04-26/02-04-26.md"
[2026-06-25 19:13:51]  delete mode 100644 "Life/Calendula/Calendula/2026/\320\220\320\277\321\200\320\265\320\273\321\214/02-04-26/02.1-04-26 \320\241\320\276\321\206.md"
[2026-06-25 19:13:51]  delete mode 100644 "Life/Calendula/Calendula/2026/\320\220\320\277\321\200\320\265\320\273\321\214/02-04-26/02.2-04-26 \320\233\320\270\321\207\320\275\320\276\320\265.md"
[2026-06-25 19:13:51]  delete mode 100644 "Life/Calendula/Calendula/2026/\320\220\320\277\321\200\320\265\320\273\321\214/02-04-26/02.3-04-26 \320\234\321\213\321\201\320\273\320\270.md"
[2026-06-25 19:13:51]  delete mode 100644 "Life/Calendula/Calendula/2026/\320\220\320\277\321\200\320\265\320\273\321\214/03-04-26/03-04-26.md"
[2026-06-25 19:13:51]  delete mode 100644 "Life/Calendula/Calendula/2026/\320\220\320\277\321\200\320\265\320\273\321\214/03-04-26/03.1-04-26 \320\241\320\276\321\206.md"
[2026-06-25 19:13:51]  delete mode 100644 "Life/Calendula/Calendula/2026/\320\220\320\277\321\200\320\265\320\273\321\214/03-04-26/03.2-04-26 \320\233\320\270\321\207\320\275\320\276\320\265.md"
[2026-06-25 19:13:51]  delete mode 100644 "Life/Calendula/Calendula/2026/\320\220\320\277\321\200\320\265\320\273\321\214/03-04-26/03.3-04-26 \320\234\321\213\321\201\320\273\320\270.md"
[2026-06-25 19:13:51]  delete mode 100644 "Life/Calendula/Calendula/2026/\320\220\320\277\321\200\320\265\320\273\321\214/04-04-26/04-04-26.md"
[2026-06-25 19:13:51]  delete mode 100644 "Life/Calendula/Calendula/2026/\320\220\320\277\321\200\320\265\320\273\321\214/04-04-26/04.1-04-26 \320\241\320\276\321\206.md"
[2026-06-25 19:13:51]  delete mode 100644 "Life/Calendula/Calendula/2026/\320\220\320\277\321\200\320\265\320\273\321\214/04-04-26/04.2-04-26 \320\233\320\270\321\207\320\275\320\276\320\265.md"
[2026-06-25 19:13:51]  delete mode 100644 "Life/Calendula/Calendula/2026/\320\220\320\277\321\200\320\265\320\273\321\214/04-04-26/04.3-04-26 \320\234\321\213\321\201\320\273\320\270.md"
[2026-06-25 19:13:51]  delete mode 100644 "Life/Calendula/Calendula/2026/\320\220\320\277\321\200\320\265\320\273\321\214/05-04-26/05-04-26.md"
[2026-06-25 19:13:51]  delete mode 100644 "Life/Calendula/Calendula/2026/\320\220\320\277\321\200\320\265\320\273\321\214/05-04-26/05.1-04-26 \320\241\320\276\321\206.md"
[2026-06-25 19:13:51]  delete mode 100644 "Life/Calendula/Calendula/2026/\320\220\320\277\321\200\320\265\320\273\321\214/05-04-26/05.2-04-26 \320\233\320\270\321\207\320\275\320\276\320\265.md"
[2026-06-25 19:13:51]  delete mode 100644 "Life/Calendula/Calendula/2026/\320\220\320\277\321\200\320\265\320\273\321\214/05-04-26/05.3-04-26 \320\234\321\213\321\201\320\273\320\270.md"
[2026-06-25 19:13:51]  delete mode 100644 "Life/Calendula/Calendula/2026/\320\220\320\277\321\200\320\265\320\273\321\214/06-04-26/06-04-26.md"
[2026-06-25 19:13:51]  delete mode 100644 "Life/Calendula/Calendula/2026/\320\220\320\277\321\200\320\265\320\273\321\214/06-04-26/06.1-04-26 \320\241\320\276\321\206.md"
[2026-06-25 19:13:51]  delete mode 100644 "Life/Calendula/Calendula/2026/\320\220\320\277\321\200\320\265\320\273\321\214/06-04-26/06.2-04-26 \320\233\320\270\321\207\320\275\320\276\320\265.md"
[2026-06-25 19:13:51]  delete mode 100644 "Life/Calendula/Calendula/2026/\320\220\320\277\321\200\320\265\320\273\321\214/06-04-26/06.3-04-26 \320\234\321\213\321\201\320\273\320\270.md"
[2026-06-25 19:13:51]  delete mode 100644 "Life/Calendula/Calendula/2026/\320\220\320\277\321\200\320\265\320\273\321\214/07-04-26/07-04-26.md"
[2026-06-25 19:13:51]  delete mode 100644 "Life/Calendula/Calendula/2026/\320\220\320\277\321\200\320\265\320\273\321\214/07-04-26/07.1-04-26 \320\241\320\276\321\206.md"
[2026-06-25 19:13:51]  delete mode 100644 "Life/Calendula/Calendula/2026/\320\220\320\277\321\200\320\265\320\273\321\214/07-04-26/07.2-04-26 \320\233\320\270\321\207\320\275\320\276\320\265.md"
[2026-06-25 19:13:51]  delete mode 100644 "Life/Calendula/Calendula/2026/\320\220\320\277\321\200\320\265\320\273\321\214/07-04-26/07.3-04-26 \320\234\321\213\321\201\320\273\320\270.md"
[2026-06-25 19:13:51]  delete mode 100644 "Life/Calendula/Calendula/2026/\320\220\320\277\321\200\320\265\320\273\321\214/08-04-26/08-04-26.md"
[2026-06-25 19:13:51]  delete mode 100644 "Life/Calendula/Calendula/2026/\320\220\320\277\321\200\320\265\320\273\321\214/08-04-26/08.1-04-26 \320\241\320\276\321\206.md"
[2026-06-25 19:13:51]  delete mode 100644 "Life/Calendula/Calendula/2026/\320\220\320\277\321\200\320\265\320\273\321\214/08-04-26/08.2-04-26 \320\233\320\270\321\207\320\275\320\276\320\265.md"
[2026-06-25 19:13:51]  delete mode 100644 "Life/Calendula/Calendula/2026/\320\220\320\277\321\200\320\265\320\273\321\214/08-04-26/08.3-04-26 \320\234\321\213\321\201\320\273\320\270.md"
[2026-06-25 19:13:51]  delete mode 100644 "Life/Calendula/Calendula/2026/\320\220\320\277\321\200\320\265\320\273\321\214/09-04-26/09-04-26.md"
[2026-06-25 19:13:51]  delete mode 100644 "Life/Calendula/Calendula/2026/\320\220\320\277\321\200\320\265\320\273\321\214/09-04-26/09.1-04-26 \320\241\320\276\321\206.md"
[2026-06-25 19:13:51]  delete mode 100644 "Life/Calendula/Calendula/2026/\320\220\320\277\321\200\320\265\320\273\321\214/09-04-26/09.2-04-26 \320\233\320\270\321\207\320\275\320\276\320\265.md"
[2026-06-25 19:13:51]  delete mode 100644 "Life/Calendula/Calendula/2026/\320\220\320\277\321\200\320\265\320\273\321\214/09-04-26/09.3-04-26 \320\234\321\213\321\201\320\273\320\270.md"
[2026-06-25 19:13:51]  delete mode 100644 "Life/Calendula/Calendula/2026/\320\220\320\277\321\200\320\265\320\273\321\214/10-04-26/10-04-26.md"
[2026-06-25 19:13:51]  delete mode 100644 "Life/Calendula/Calendula/2026/\320\220\320\277\321\200\320\265\320\273\321\214/10-04-26/10.1-04-26 \320\241\320\276\321\206.md"
[2026-06-25 19:13:51]  delete mode 100644 "Life/Calendula/Calendula/2026/\320\220\320\277\321\200\320\265\320\273\321\214/10-04-26/10.2-04-26 \320\233\320\270\321\207\320\275\320\276\320\265.md"
[2026-06-25 19:13:51]  delete mode 100644 "Life/Calendula/Calendula/2026/\320\220\320\277\321\200\320\265\320\273\321\214/10-04-26/10.3-04-26 \320\234\321\213\321\201\320\273\320\270.md"
[2026-06-25 19:13:51]  delete mode 100644 "Life/Calendula/Calendula/2026/\320\220\320\277\321\200\320\265\320\273\321\214/11-04-26/11-04-26.md"
[2026-06-25 19:13:51]  delete mode 100644 "Life/Calendula/Calendula/2026/\320\220\320\277\321\200\320\265\320\273\321\214/11-04-26/11.1-04-26 \320\241\320\276\321\206.md"
[2026-06-25 19:13:51]  delete mode 100644 "Life/Calendula/Calendula/2026/\320\220\320\277\321\200\320\265\320\273\321\214/11-04-26/11.2-04-26 \320\233\320\270\321\207\320\275\320\276\320\265.md"
[2026-06-25 19:13:51]  delete mode 100644 "Life/Calendula/Calendula/2026/\320\220\320\277\321\200\320\265\320\273\321\214/11-04-26/11.3-04-26 \320\234\321\213\321\201\320\273\320\270.md"
[2026-06-25 19:13:51]  delete mode 100644 "Life/Calendula/Calendula/2026/\320\220\320\277\321\200\320\265\320\273\321\214/12-04-26/12-04-26.md"
[2026-06-25 19:13:51]  delete mode 100644 "Life/Calendula/Calendula/2026/\320\220\320\277\321\200\320\265\320\273\321\214/12-04-26/12.1-04-26 \320\241\320\276\321\206.md"
[2026-06-25 19:13:51]  delete mode 100644 "Life/Calendula/Calendula/2026/\320\220\320\277\321\200\320\265\320\273\321\214/12-04-26/12.2-04-26 \320\233\320\270\321\207\320\275\320\276\320\265.md"
[2026-06-25 19:13:51]  delete mode 100644 "Life/Calendula/Calendula/2026/\320\220\320\277\321\200\320\265\320\273\321\214/12-04-26/12.3-04-26 \320\234\321\213\321\201\320\273\320\270.md"
[2026-06-25 19:13:51]  delete mode 100644 "Life/Calendula/Calendula/2026/\320\220\320\277\321\200\320\265\320\273\321\214/13-04-26/13-04-26.md"
[2026-06-25 19:13:51]  delete mode 100644 "Life/Calendula/Calendula/2026/\320\220\320\277\321\200\320\265\320\273\321\214/13-04-26/13.1-04-26 \320\241\320\276\321\206.md"
[2026-06-25 19:13:51]  delete mode 100644 "Life/Calendula/Calendula/2026/\320\220\320\277\321\200\320\265\320\273\321\214/13-04-26/13.2-04-26 \320\233\320\270\321\207\320\275\320\276\320\265.md"
[2026-06-25 19:13:51]  delete mode 100644 "Life/Calendula/Calendula/2026/\320\220\320\277\321\200\320\265\320\273\321\214/13-04-26/13.3-04-26 \320\234\321\213\321\201\320\273\320\270.md"
[2026-06-25 19:13:51]  delete mode 100644 "Life/Calendula/Calendula/2026/\320\220\320\277\321\200\320\265\320\273\321\214/14-04-26/14-04-26.md"
[2026-06-25 19:13:51]  delete mode 100644 "Life/Calendula/Calendula/2026/\320\220\320\277\321\200\320\265\320\273\321\214/14-04-26/14.1-04-26 \320\241\320\276\321\206.md"
[2026-06-25 19:13:51]  delete mode 100644 "Life/Calendula/Calendula/2026/\320\220\320\277\321\200\320\265\320\273\321\214/14-04-26/14.2-04-26 \320\233\320\270\321\207\320\275\320\276\320\265.md"
[2026-06-25 19:13:51]  delete mode 100644 "Life/Calendula/Calendula/2026/\320\220\320\277\321\200\320\265\320\273\321\214/14-04-26/14.3-04-26 \320\234\321\213\321\201\320\273\320\270.md"
[2026-06-25 19:13:51]  delete mode 100644 "Life/Calendula/Calendula/2026/\320\220\320\277\321\200\320\265\320\273\321\214/15-04-26/15-04-26 \320\273\320\270\321\207.md"
[2026-06-25 19:13:51]  delete mode 100644 "Life/Calendula/Calendula/2026/\320\220\320\277\321\200\320\265\320\273\321\214/15-04-26/15-04-26.md"
[2026-06-25 19:13:51]  delete mode 100644 "Life/Calendula/Calendula/2026/\320\220\320\277\321\200\320\265\320\273\321\214/15-04-26/15.1-04-26 \320\241\320\276\321\206.md"
[2026-06-25 19:13:51]  delete mode 100644 "Life/Calendula/Calendula/2026/\320\220\320\277\321\200\320\265\320\273\321\214/15-04-26/15.2-04-26 \320\233\320\270\321\207\320\275\320\276\320\265.md"
[2026-06-25 19:13:51]  delete mode 100644 "Life/Calendula/Calendula/2026/\320\220\320\277\321\200\320\265\320\273\321\214/15-04-26/15.3-04-26 \320\234\321\213\321\201\320\273\320\270.md"
[2026-06-25 19:13:51]  delete mode 100644 "Life/Calendula/Calendula/2026/\320\220\320\277\321\200\320\265\320\273\321\214/16-04-26/16-04-26.md"
[2026-06-25 19:13:51]  delete mode 100644 "Life/Calendula/Calendula/2026/\320\220\320\277\321\200\320\265\320\273\321\214/16-04-26/16.1-04-26 \320\241\320\276\321\206.md"
[2026-06-25 19:13:51]  delete mode 100644 "Life/Calendula/Calendula/2026/\320\220\320\277\321\200\320\265\320\273\321\214/16-04-26/16.2-04-26 \320\233\320\270\321\207\320\275\320\276\320\265.md"
[2026-06-25 19:13:51]  delete mode 100644 "Life/Calendula/Calendula/2026/\320\220\320\277\321\200\320\265\320\273\321\214/16-04-26/16.3-04-26 \320\234\321\213\321\201\320\273\320\270.md"
[2026-06-25 19:13:51]  delete mode 100644 "Life/Calendula/Calendula/2026/\320\220\320\277\321\200\320\265\320\273\321\214/17-04-26/17-04-26.md"
[2026-06-25 19:13:51]  delete mode 100644 "Life/Calendula/Calendula/2026/\320\220\320\277\321\200\320\265\320\273\321\214/17-04-26/17.1-04-26 \320\241\320\276\321\206.md"
[2026-06-25 19:13:51]  delete mode 100644 "Life/Calendula/Calendula/2026/\320\220\320\277\321\200\320\265\320\273\321\214/17-04-26/17.2-04-26 \320\233\320\270\321\207\320\275\320\276\320\265.md"
[2026-06-25 19:13:51]  delete mode 100644 "Life/Calendula/Calendula/2026/\320\220\320\277\321\200\320\265\320\273\321\214/17-04-26/17.3-04-26 \320\234\321\213\321\201\320\273\320\270.md"
[2026-06-25 19:13:51]  delete mode 100644 "Life/Calendula/Calendula/2026/\320\220\320\277\321\200\320\265\320\273\321\214/17-04-26/17.4-04-26 \320\233\320\270\321\207\320\275\320\276\320\265.md"
[2026-06-25 19:13:51]  delete mode 100644 "Life/Calendula/Calendula/2026/\320\220\320\277\321\200\320\265\320\273\321\214/18-04-26/18-04-26.md"
[2026-06-25 19:13:51]  delete mode 100644 "Life/Calendula/Calendula/2026/\320\220\320\277\321\200\320\265\320\273\321\214/18-04-26/18.1-04-26 \320\241\320\276\321\206.md"
[2026-06-25 19:13:51]  delete mode 100644 "Life/Calendula/Calendula/2026/\320\220\320\277\321\200\320\265\320\273\321\214/18-04-26/18.2-04-26 \320\233\320\270\321\207\320\275\320\276\320\265.md"
[2026-06-25 19:13:51]  delete mode 100644 "Life/Calendula/Calendula/2026/\320\220\320\277\321\200\320\265\320\273\321\214/18-04-26/18.3-04-26 \320\234\321\213\321\201\320\273\320\270.md"
[2026-06-25 19:13:51]  delete mode 100644 "Life/Calendula/Calendula/2026/\320\220\320\277\321\200\320\265\320\273\321\214/19-04-26/19-04-26.md"
[2026-06-25 19:13:51]  delete mode 100644 "Life/Calendula/Calendula/2026/\320\220\320\277\321\200\320\265\320\273\321\214/19-04-26/19.1-04-26 \320\241\320\276\321\206.md"
[2026-06-25 19:13:51]  delete mode 100644 "Life/Calendula/Calendula/2026/\320\220\320\277\321\200\320\265\320\273\321\214/19-04-26/19.2-04-26 \320\233\320\270\321\207\320\275\320\276\320\265.md"
[2026-06-25 19:13:51]  delete mode 100644 "Life/Calendula/Calendula/2026/\320\220\320\277\321\200\320\265\320\273\321\214/19-04-26/19.3-04-26 \320\234\321\213\321\201\320\273\320\270.md"
[2026-06-25 19:13:51]  delete mode 100644 "Life/Calendula/Calendula/2026/\320\220\320\277\321\200\320\265\320\273\321\214/20-04-26/20-04-26 \320\233\320\270\321\207\320\275\320\276\320\265.md"
[2026-06-25 19:13:51]  delete mode 100644 "Life/Calendula/Calendula/2026/\320\220\320\277\321\200\320\265\320\273\321\214/20-04-26/20-04-26 \320\234\321\213\321\201\320\273\320\270.md"
[2026-06-25 19:13:51]  delete mode 100644 "Life/Calendula/Calendula/2026/\320\220\320\277\321\200\320\265\320\273\321\214/20-04-26/20-04-26.md"
[2026-06-25 19:13:51]  delete mode 100644 "Life/Calendula/Calendula/2026/\320\220\320\277\321\200\320\265\320\273\321\214/20-04-26/20.1-04-26 \320\241\320\276\321\206.md"
[2026-06-25 19:13:51]  delete mode 100644 "Life/Calendula/Calendula/2026/\320\220\320\277\321\200\320\265\320\273\321\214/20-04-26/20.2-04-26 \320\241\320\276\321\206.md"
[2026-06-25 19:13:51]  delete mode 100644 "Life/Calendula/Calendula/2026/\320\220\320\277\321\200\320\265\320\273\321\214/21-04-26/21-04-26.md"
[2026-06-25 19:13:51]  delete mode 100644 "Life/Calendula/Calendula/2026/\320\220\320\277\321\200\320\265\320\273\321\214/21-04-26/21.1-04-26 \320\241\320\276\321\206.md"
[2026-06-25 19:13:51]  delete mode 100644 "Life/Calendula/Calendula/2026/\320\220\320\277\321\200\320\265\320\273\321\214/21-04-26/21.2-04-26 \320\233\320\270\321\207\320\275\320\276\320\265.md"
[2026-06-25 19:13:51]  delete mode 100644 "Life/Calendula/Calendula/2026/\320\220\320\277\321\200\320\265\320\273\321\214/21-04-26/21.3-04-26 \320\234\321\213\321\201\320\273\320\270.md"
[2026-06-25 19:13:51]  delete mode 100644 "Life/Calendula/Calendula/2026/\320\220\320\277\321\200\320\265\320\273\321\214/22-04-26/22-04-26.md"
[2026-06-25 19:13:51]  delete mode 100644 "Life/Calendula/Calendula/2026/\320\220\320\277\321\200\320\265\320\273\321\214/22-04-26/22.1-04-26 \320\241\320\276\321\206.md"
[2026-06-25 19:13:51]  delete mode 100644 "Life/Calendula/Calendula/2026/\320\220\320\277\321\200\320\265\320\273\321\214/22-04-26/22.2-04-26 \320\233\320\270\321\207\320\275\320\276\320\265.md"
[2026-06-25 19:13:51]  delete mode 100644 "Life/Calendula/Calendula/2026/\320\220\320\277\321\200\320\265\320\273\321\214/22-04-26/22.3-04-26 \320\234\321\213\321\201\320\273\320\270.md"
[2026-06-25 19:13:51]  delete mode 100644 "Life/Calendula/Calendula/2026/\320\220\320\277\321\200\320\265\320\273\321\214/23-04-26/23-04-26.md"
[2026-06-25 19:13:51]  delete mode 100644 "Life/Calendula/Calendula/2026/\320\220\320\277\321\200\320\265\320\273\321\214/23-04-26/23.1-04-26 \320\241\320\276\321\206.md"
[2026-06-25 19:13:51]  delete mode 100644 "Life/Calendula/Calendula/2026/\320\220\320\277\321\200\320\265\320\273\321\214/23-04-26/23.2-04-26 \320\233\320\270\321\207\320\275\320\276\320\265.md"
[2026-06-25 19:13:51]  delete mode 100644 "Life/Calendula/Calendula/2026/\320\220\320\277\321\200\320\265\320\273\321\214/23-04-26/23.3-04-26 \320\234\321\213\321\201\320\273\320\270.md"
[2026-06-25 19:13:51]  delete mode 100644 "Life/Calendula/Calendula/2026/\320\220\320\277\321\200\320\265\320\273\321\214/24-04-26/24-04-26.md"
[2026-06-25 19:13:51]  delete mode 100644 "Life/Calendula/Calendula/2026/\320\220\320\277\321\200\320\265\320\273\321\214/24-04-26/24.1-04-26 \320\241\320\276\321\206.md"
[2026-06-25 19:13:51]  delete mode 100644 "Life/Calendula/Calendula/2026/\320\220\320\277\321\200\320\265\320\273\321\214/24-04-26/24.2-04-26 \320\233\320\270\321\207\320\275\320\276\320\265.md"
[2026-06-25 19:13:51]  delete mode 100644 "Life/Calendula/Calendula/2026/\320\220\320\277\321\200\320\265\320\273\321\214/24-04-26/24.3-04-26 \320\234\321\213\321\201\320\273\320\270.md"
[2026-06-25 19:13:51]  delete mode 100644 "Life/Calendula/Calendula/2026/\320\220\320\277\321\200\320\265\320\273\321\214/25-04-26/25-04-26.md"
[2026-06-25 19:13:51]  delete mode 100644 "Life/Calendula/Calendula/2026/\320\220\320\277\321\200\320\265\320\273\321\214/25-04-26/25.1-04-26 \320\241\320\276\321\206.md"
[2026-06-25 19:13:51]  delete mode 100644 "Life/Calendula/Calendula/2026/\320\220\320\277\321\200\320\265\320\273\321\214/25-04-26/25.2-04-26 \320\233\320\270\321\207\320\275\320\276\320\265.md"
[2026-06-25 19:13:51]  delete mode 100644 "Life/Calendula/Calendula/2026/\320\220\320\277\321\200\320\265\320\273\321\214/25-04-26/25.3-04-26 \320\234\321\213\321\201\320\273\320\270.md"
[2026-06-25 19:13:51]  delete mode 100644 "Life/Calendula/Calendula/2026/\320\220\320\277\321\200\320\265\320\273\321\214/26-04-26/26-04-26.md"
[2026-06-25 19:13:51]  delete mode 100644 "Life/Calendula/Calendula/2026/\320\220\320\277\321\200\320\265\320\273\321\214/26-04-26/26.1-04-26 \320\241\320\276\321\206.md"
[2026-06-25 19:13:51]  delete mode 100644 "Life/Calendula/Calendula/2026/\320\220\320\277\321\200\320\265\320\273\321\214/26-04-26/26.2-04-26 \320\233\320\270\321\207\320\275\320\276\320\265.md"
[2026-06-25 19:13:51]  delete mode 100644 "Life/Calendula/Calendula/2026/\320\220\320\277\321\200\320\265\320\273\321\214/26-04-26/26.3-04-26 \320\234\321\213\321\201\320\273\320\270.md"
[2026-06-25 19:13:51]  delete mode 100644 "Life/Calendula/Calendula/2026/\320\220\320\277\321\200\320\265\320\273\321\214/27-04-26/27-04-26.md"
[2026-06-25 19:13:51]  delete mode 100644 "Life/Calendula/Calendula/2026/\320\220\320\277\321\200\320\265\320\273\321\214/27-04-26/27.1-04-26 \320\241\320\276\321\206.md"
[2026-06-25 19:13:51]  delete mode 100644 "Life/Calendula/Calendula/2026/\320\220\320\277\321\200\320\265\320\273\321\214/27-04-26/27.2-04-26 \320\233\320\270\321\207\320\275\320\276\320\265.md"
[2026-06-25 19:13:51]  delete mode 100644 "Life/Calendula/Calendula/2026/\320\220\320\277\321\200\320\265\320\273\321\214/27-04-26/27.3-04-26 \320\234\321\213\321\201\320\273\320\270.md"
[2026-06-25 19:13:51]  delete mode 100644 "Life/Calendula/Calendula/2026/\320\220\320\277\321\200\320\265\320\273\321\214/28-04-26/28-04-26 \320\233\320\270\321\207\320\275\320\276\320\265.md"
[2026-06-25 19:13:51]  delete mode 100644 "Life/Calendula/Calendula/2026/\320\220\320\277\321\200\320\265\320\273\321\214/28-04-26/28-04-26 \320\234\321\213\321\201\320\273\320\270.md"
[2026-06-25 19:13:51]  delete mode 100644 "Life/Calendula/Calendula/2026/\320\220\320\277\321\200\320\265\320\273\321\214/28-04-26/28-04-26 \320\241\320\276\321\206.md"
[2026-06-25 19:13:51]  delete mode 100644 "Life/Calendula/Calendula/2026/\320\220\320\277\321\200\320\265\320\273\321\214/28-04-26/28-04-26.md"
[2026-06-25 19:13:51]  delete mode 100644 "Life/Calendula/Calendula/2026/\320\220\320\277\321\200\320\265\320\273\321\214/29-04-26/29-04-26.md"
[2026-06-25 19:13:51]  delete mode 100644 "Life/Calendula/Calendula/2026/\320\220\320\277\321\200\320\265\320\273\321\214/29-04-26/29.1-04-26 \320\241\320\276\321\206.md"
[2026-06-25 19:13:51]  delete mode 100644 "Life/Calendula/Calendula/2026/\320\220\320\277\321\200\320\265\320\273\321\214/29-04-26/29.2-04-26 \320\233\320\270\321\207\320\275\320\276\320\265.md"
[2026-06-25 19:13:51]  delete mode 100644 "Life/Calendula/Calendula/2026/\320\220\320\277\321\200\320\265\320\273\321\214/29-04-26/29.3-04-26 \320\234\321\213\321\201\320\273\320\270.md"
[2026-06-25 19:13:51]  delete mode 100644 "Life/Calendula/Calendula/2026/\320\220\320\277\321\200\320\265\320\273\321\214/30-04-26/30-04-26.md"
[2026-06-25 19:13:51]  delete mode 100644 "Life/Calendula/Calendula/2026/\320\220\320\277\321\200\320\265\320\273\321\214/30-04-26/30.1-04-26 \320\241\320\276\321\206.md"
[2026-06-25 19:13:51]  delete mode 100644 "Life/Calendula/Calendula/2026/\320\220\320\277\321\200\320\265\320\273\321\214/30-04-26/30.2-04-26 \320\233\320\270\321\207\320\275\320\276\320\265.md"
[2026-06-25 19:13:51]  delete mode 100644 "Life/Calendula/Calendula/2026/\320\220\320\277\321\200\320\265\320\273\321\214/30-04-26/30.3-04-26 \320\234\321\213\321\201\320\273\320\270.md"
[2026-06-25 19:13:51]  delete mode 100644 "Life/Calendula/Calendula/2026/\320\220\320\277\321\200\320\265\320\273\321\214/\320\220\320\277\321\200\320\265\320\273\321\21426.md"
[2026-06-25 19:13:51]  delete mode 100644 "Life/Calendula/Calendula/2026/\320\224\320\265\320\272\320\260\320\261\321\200\321\214/01-12-26/01-12-26.md"
[2026-06-25 19:13:51]  delete mode 100644 "Life/Calendula/Calendula/2026/\320\224\320\265\320\272\320\260\320\261\321\200\321\214/01-12-26/01.1-12-26 \320\241\320\276\321\206.md"
[2026-06-25 19:13:51]  delete mode 100644 "Life/Calendula/Calendula/2026/\320\224\320\265\320\272\320\260\320\261\321\200\321\214/01-12-26/01.2-12-26 \320\233\320\270\321\207\320\275\320\276\320\265.md"
[2026-06-25 19:13:51]  delete mode 100644 "Life/Calendula/Calendula/2026/\320\224\320\265\320\272\320\260\320\261\321\200\321\214/01-12-26/01.3-12-26 \320\234\321\213\321\201\320\273\320\270.md"
[2026-06-25 19:13:51]  delete mode 100644 "Life/Calendula/Calendula/2026/\320\224\320\265\320\272\320\260\320\261\321\200\321\214/02-12-26/02-12-26.md"
[2026-06-25 19:13:51]  delete mode 100644 "Life/Calendula/Calendula/2026/\320\224\320\265\320\272\320\260\320\261\321\200\321\214/02-12-26/02.1-12-26 \320\241\320\276\321\206.md"
[2026-06-25 19:13:51]  delete mode 100644 "Life/Calendula/Calendula/2026/\320\224\320\265\320\272\320\260\320\261\321\200\321\214/02-12-26/02.2-12-26 \320\233\320\270\321\207\320\275\320\276\320\265.md"
[2026-06-25 19:13:51]  delete mode 100644 "Life/Calendula/Calendula/2026/\320\224\320\265\320\272\320\260\320\261\321\200\321\214/02-12-26/02.3-12-26 \320\234\321\213\321\201\320\273\320\270.md"
[2026-06-25 19:13:51]  delete mode 100644 "Life/Calendula/Calendula/2026/\320\224\320\265\320\272\320\260\320\261\321\200\321\214/03-12-26/03-12-26.md"
[2026-06-25 19:13:51]  delete mode 100644 "Life/Calendula/Calendula/2026/\320\224\320\265\320\272\320\260\320\261\321\200\321\214/03-12-26/03.1-12-26 \320\241\320\276\321\206.md"
[2026-06-25 19:13:51]  delete mode 100644 "Life/Calendula/Calendula/2026/\320\224\320\265\320\272\320\260\320\261\321\200\321\214/03-12-26/03.2-12-26 \320\233\320\270\321\207\320\275\320\276\320\265.md"
[2026-06-25 19:13:51]  delete mode 100644 "Life/Calendula/Calendula/2026/\320\224\320\265\320\272\320\260\320\261\321\200\321\214/03-12-26/03.3-12-26 \320\234\321\213\321\201\320\273\320\270.md"
[2026-06-25 19:13:51]  delete mode 100644 "Life/Calendula/Calendula/2026/\320\224\320\265\320\272\320\260\320\261\321\200\321\214/04-12-26/04-12-26.md"
[2026-06-25 19:13:51]  delete mode 100644 "Life/Calendula/Calendula/2026/\320\224\320\265\320\272\320\260\320\261\321\200\321\214/04-12-26/04.1-12-26 \320\241\320\276\321\206.md"
[2026-06-25 19:13:51]  delete mode 100644 "Life/Calendula/Calendula/2026/\320\224\320\265\320\272\320\260\320\261\321\200\321\214/04-12-26/04.2-12-26 \320\233\320\270\321\207\320\275\320\276\320\265.md"
[2026-06-25 19:13:51]  delete mode 100644 "Life/Calendula/Calendula/2026/\320\224\320\265\320\272\320\260\320\261\321\200\321\214/04-12-26/04.3-12-26 \320\234\321\213\321\201\320\273\320\270.md"
[2026-06-25 19:13:51]  delete mode 100644 "Life/Calendula/Calendula/2026/\320\224\320\265\320\272\320\260\320\261\321\200\321\214/05-12-26/05-12-26.md"
[2026-06-25 19:13:51]  delete mode 100644 "Life/Calendula/Calendula/2026/\320\224\320\265\320\272\320\260\320\261\321\200\321\214/05-12-26/05.1-12-26 \320\241\320\276\321\206.md"
[2026-06-25 19:13:51]  delete mode 100644 "Life/Calendula/Calendula/2026/\320\224\320\265\320\272\320\260\320\261\321\200\321\214/05-12-26/05.2-12-26 \320\233\320\270\321\207\320\275\320\276\320\265.md"
[2026-06-25 19:13:51]  delete mode 100644 "Life/Calendula/Calendula/2026/\320\224\320\265\320\272\320\260\320\261\321\200\321\214/05-12-26/05.3-12-26 \320\234\321\213\321\201\320\273\320\270.md"
[2026-06-25 19:13:51]  delete mode 100644 "Life/Calendula/Calendula/2026/\320\224\320\265\320\272\320\260\320\261\321\200\321\214/06-12-26/06-12-26.md"
[2026-06-25 19:13:51]  delete mode 100644 "Life/Calendula/Calendula/2026/\320\224\320\265\320\272\320\260\320\261\321\200\321\214/06-12-26/06.1-12-26 \320\241\320\276\321\206.md"
[2026-06-25 19:13:51]  delete mode 100644 "Life/Calendula/Calendula/2026/\320\224\320\265\320\272\320\260\320\261\321\200\321\214/06-12-26/06.2-12-26 \320\233\320\270\321\207\320\275\320\276\320\265.md"
[2026-06-25 19:13:51]  delete mode 100644 "Life/Calendula/Calendula/2026/\320\224\320\265\320\272\320\260\320\261\321\200\321\214/06-12-26/06.3-12-26 \320\234\321\213\321\201\320\273\320\270.md"
[2026-06-25 19:13:51]  delete mode 100644 "Life/Calendula/Calendula/2026/\320\224\320\265\320\272\320\260\320\261\321\200\321\214/07-12-26/07-12-26.md"
[2026-06-25 19:13:51]  delete mode 100644 "Life/Calendula/Calendula/2026/\320\224\320\265\320\272\320\260\320\261\321\200\321\214/07-12-26/07.1-12-26 \320\241\320\276\321\206.md"
[2026-06-25 19:13:51]  delete mode 100644 "Life/Calendula/Calendula/2026/\320\224\320\265\320\272\320\260\320\261\321\200\321\214/07-12-26/07.2-12-26 \320\233\320\270\321\207\320\275\320\276\320\265.md"
[2026-06-25 19:13:51]  delete mode 100644 "Life/Calendula/Calendula/2026/\320\224\320\265\320\272\320\260\320\261\321\200\321\214/07-12-26/07.3-12-26 \320\234\321\213\321\201\320\273\320\270.md"
[2026-06-25 19:13:51]  delete mode 100644 "Life/Calendula/Calendula/2026/\320\224\320\265\320\272\320\260\320\261\321\200\321\214/08-12-26/08-12-26.md"
[2026-06-25 19:13:51]  delete mode 100644 "Life/Calendula/Calendula/2026/\320\224\320\265\320\272\320\260\320\261\321\200\321\214/08-12-26/08.1-12-26 \320\241\320\276\321\206.md"
[2026-06-25 19:13:51]  delete mode 100644 "Life/Calendula/Calendula/2026/\320\224\320\265\320\272\320\260\320\261\321\200\321\214/08-12-26/08.2-12-26 \320\233\320\270\321\207\320\275\320\276\320\265.md"
[2026-06-25 19:13:51]  delete mode 100644 "Life/Calendula/Calendula/2026/\320\224\320\265\320\272\320\260\320\261\321\200\321\214/08-12-26/08.3-12-26 \320\234\321\213\321\201\320\273\320\270.md"
[2026-06-25 19:13:51]  delete mode 100644 "Life/Calendula/Calendula/2026/\320\224\320\265\320\272\320\260\320\261\321\200\321\214/09-12-26/09-12-26.md"
[2026-06-25 19:13:51]  delete mode 100644 "Life/Calendula/Calendula/2026/\320\224\320\265\320\272\320\260\320\261\321\200\321\214/09-12-26/09.1-12-26 \320\241\320\276\321\206.md"
[2026-06-25 19:13:51]  delete mode 100644 "Life/Calendula/Calendula/2026/\320\224\320\265\320\272\320\260\320\261\321\200\321\214/09-12-26/09.2-12-26 \320\233\320\270\321\207\320\275\320\276\320\265.md"
[2026-06-25 19:13:51]  delete mode 100644 "Life/Calendula/Calendula/2026/\320\224\320\265\320\272\320\260\320\261\321\200\321\214/09-12-26/09.3-12-26 \320\234\321\213\321\201\320\273\320\270.md"
[2026-06-25 19:13:51]  delete mode 100644 "Life/Calendula/Calendula/2026/\320\224\320\265\320\272\320\260\320\261\321\200\321\214/10-12-26/10-12-26.md"
[2026-06-25 19:13:51]  delete mode 100644 "Life/Calendula/Calendula/2026/\320\224\320\265\320\272\320\260\320\261\321\200\321\214/10-12-26/10.1-12-26 \320\241\320\276\321\206.md"
[2026-06-25 19:13:51]  delete mode 100644 "Life/Calendula/Calendula/2026/\320\224\320\265\320\272\320\260\320\261\321\200\321\214/10-12-26/10.2-12-26 \320\233\320\270\321\207\320\275\320\276\320\265.md"
[2026-06-25 19:13:51]  delete mode 100644 "Life/Calendula/Calendula/2026/\320\224\320\265\320\272\320\260\320\261\321\200\321\214/10-12-26/10.3-12-26 \320\234\321\213\321\201\320\273\320\270.md"
[2026-06-25 19:13:51]  delete mode 100644 "Life/Calendula/Calendula/2026/\320\224\320\265\320\272\320\260\320\261\321\200\321\214/11-12-26/11-12-26.md"
[2026-06-25 19:13:51]  delete mode 100644 "Life/Calendula/Calendula/2026/\320\224\320\265\320\272\320\260\320\261\321\200\321\214/11-12-26/11.1-12-26 \320\241\320\276\321\206.md"
[2026-06-25 19:13:51]  delete mode 100644 "Life/Calendula/Calendula/2026/\320\224\320\265\320\272\320\260\320\261\321\200\321\214/11-12-26/11.2-12-26 \320\233\320\270\321\207\320\275\320\276\320\265.md"
[2026-06-25 19:13:51]  delete mode 100644 "Life/Calendula/Calendula/2026/\320\224\320\265\320\272\320\260\320\261\321\200\321\214/11-12-26/11.3-12-26 \320\234\321\213\321\201\320\273\320\270.md"
[2026-06-25 19:13:51]  delete mode 100644 "Life/Calendula/Calendula/2026/\320\224\320\265\320\272\320\260\320\261\321\200\321\214/12-12-26/12-12-26.md"
[2026-06-25 19:13:51]  delete mode 100644 "Life/Calendula/Calendula/2026/\320\224\320\265\320\272\320\260\320\261\321\200\321\214/12-12-26/12.1-12-26 \320\241\320\276\321\206.md"
[2026-06-25 19:13:51]  delete mode 100644 "Life/Calendula/Calendula/2026/\320\224\320\265\320\272\320\260\320\261\321\200\321\214/12-12-26/12.2-12-26 \320\233\320\270\321\207\320\275\320\276\320\265.md"
[2026-06-25 19:13:51]  delete mode 100644 "Life/Calendula/Calendula/2026/\320\224\320\265\320\272\320\260\320\261\321\200\321\214/12-12-26/12.3-12-26 \320\234\321\213\321\201\320\273\320\270.md"
[2026-06-25 19:13:51]  delete mode 100644 "Life/Calendula/Calendula/2026/\320\224\320\265\320\272\320\260\320\261\321\200\321\214/13-12-26/13-12-26.md"
[2026-06-25 19:13:51]  delete mode 100644 "Life/Calendula/Calendula/2026/\320\224\320\265\320\272\320\260\320\261\321\200\321\214/13-12-26/13.1-12-26 \320\241\320\276\321\206.md"
[2026-06-25 19:13:51]  delete mode 100644 "Life/Calendula/Calendula/2026/\320\224\320\265\320\272\320\260\320\261\321\200\321\214/13-12-26/13.2-12-26 \320\233\320\270\321\207\320\275\320\276\320\265.md"
[2026-06-25 19:13:51]  delete mode 100644 "Life/Calendula/Calendula/2026/\320\224\320\265\320\272\320\260\320\261\321\200\321\214/13-12-26/13.3-12-26 \320\234\321\213\321\201\320\273\320\270.md"
[2026-06-25 19:13:51]  delete mode 100644 "Life/Calendula/Calendula/2026/\320\224\320\265\320\272\320\260\320\261\321\200\321\214/14-12-26/14-12-26.md"
[2026-06-25 19:13:51]  delete mode 100644 "Life/Calendula/Calendula/2026/\320\224\320\265\320\272\320\260\320\261\321\200\321\214/14-12-26/14.1-12-26 \320\241\320\276\321\206.md"
[2026-06-25 19:13:51]  delete mode 100644 "Life/Calendula/Calendula/2026/\320\224\320\265\320\272\320\260\320\261\321\200\321\214/14-12-26/14.2-12-26 \320\233\320\270\321\207\320\275\320\276\320\265.md"
[2026-06-25 19:13:51]  delete mode 100644 "Life/Calendula/Calendula/2026/\320\224\320\265\320\272\320\260\320\261\321\200\321\214/14-12-26/14.3-12-26 \320\234\321\213\321\201\320\273\320\270.md"
[2026-06-25 19:13:51]  delete mode 100644 "Life/Calendula/Calendula/2026/\320\224\320\265\320\272\320\260\320\261\321\200\321\214/15-12-26/15-12-26.md"
[2026-06-25 19:13:51]  delete mode 100644 "Life/Calendula/Calendula/2026/\320\224\320\265\320\272\320\260\320\261\321\200\321\214/15-12-26/15.1-12-26 \320\241\320\276\321\206.md"
[2026-06-25 19:13:51]  delete mode 100644 "Life/Calendula/Calendula/2026/\320\224\320\265\320\272\320\260\320\261\321\200\321\214/15-12-26/15.2-12-26 \320\233\320\270\321\207\320\275\320\276\320\265.md"
[2026-06-25 19:13:51]  delete mode 100644 "Life/Calendula/Calendula/2026/\320\224\320\265\320\272\320\260\320\261\321\200\321\214/15-12-26/15.3-12-26 \320\234\321\213\321\201\320\273\320\270.md"
[2026-06-25 19:13:51]  delete mode 100644 "Life/Calendula/Calendula/2026/\320\224\320\265\320\272\320\260\320\261\321\200\321\214/16-12-26/16-12-26.md"
[2026-06-25 19:13:51]  delete mode 100644 "Life/Calendula/Calendula/2026/\320\224\320\265\320\272\320\260\320\261\321\200\321\214/16-12-26/16.1-12-26 \320\241\320\276\321\206.md"
[2026-06-25 19:13:51]  delete mode 100644 "Life/Calendula/Calendula/2026/\320\224\320\265\320\272\320\260\320\261\321\200\321\214/16-12-26/16.2-12-26 \320\233\320\270\321\207\320\275\320\276\320\265.md"
[2026-06-25 19:13:51]  delete mode 100644 "Life/Calendula/Calendula/2026/\320\224\320\265\320\272\320\260\320\261\321\200\321\214/16-12-26/16.3-12-26 \320\234\321\213\321\201\320\273\320\270.md"
[2026-06-25 19:13:51]  delete mode 100644 "Life/Calendula/Calendula/2026/\320\224\320\265\320\272\320\260\320\261\321\200\321\214/17-12-26/17-12-26.md"
[2026-06-25 19:13:51]  delete mode 100644 "Life/Calendula/Calendula/2026/\320\224\320\265\320\272\320\260\320\261\321\200\321\214/17-12-26/17.1-12-26 \320\241\320\276\321\206.md"
[2026-06-25 19:13:51]  delete mode 100644 "Life/Calendula/Calendula/2026/\320\224\320\265\320\272\320\260\320\261\321\200\321\214/17-12-26/17.2-12-26 \320\233\320\270\321\207\320\275\320\276\320\265.md"
[2026-06-25 19:13:51]  delete mode 100644 "Life/Calendula/Calendula/2026/\320\224\320\265\320\272\320\260\320\261\321\200\321\214/17-12-26/17.3-12-26 \320\234\321\213\321\201\320\273\320\270.md"
[2026-06-25 19:13:51]  delete mode 100644 "Life/Calendula/Calendula/2026/\320\224\320\265\320\272\320\260\320\261\321\200\321\214/18-12-26/18-12-26.md"
[2026-06-25 19:13:51]  delete mode 100644 "Life/Calendula/Calendula/2026/\320\224\320\265\320\272\320\260\320\261\321\200\321\214/18-12-26/18.1-12-26 \320\241\320\276\321\206.md"
[2026-06-25 19:13:51]  delete mode 100644 "Life/Calendula/Calendula/2026/\320\224\320\265\320\272\320\260\320\261\321\200\321\214/18-12-26/18.2-12-26 \320\233\320\270\321\207\320\275\320\276\320\265.md"
[2026-06-25 19:13:51]  delete mode 100644 "Life/Calendula/Calendula/2026/\320\224\320\265\320\272\320\260\320\261\321\200\321\214/18-12-26/18.3-12-26 \320\234\321\213\321\201\320\273\320\270.md"
[2026-06-25 19:13:51]  delete mode 100644 "Life/Calendula/Calendula/2026/\320\224\320\265\320\272\320\260\320\261\321\200\321\214/19-12-26/19-12-26.md"
[2026-06-25 19:13:51]  delete mode 100644 "Life/Calendula/Calendula/2026/\320\224\320\265\320\272\320\260\320\261\321\200\321\214/19-12-26/19.1-12-26 \320\241\320\276\321\206.md"
[2026-06-25 19:13:51]  delete mode 100644 "Life/Calendula/Calendula/2026/\320\224\320\265\320\272\320\260\320\261\321\200\321\214/19-12-26/19.2-12-26 \320\233\320\270\321\207\320\275\320\276\320\265.md"
[2026-06-25 19:13:51]  delete mode 100644 "Life/Calendula/Calendula/2026/\320\224\320\265\320\272\320\260\320\261\321\200\321\214/19-12-26/19.3-12-26 \320\234\321\213\321\201\320\273\320\270.md"
[2026-06-25 19:13:51]  delete mode 100644 "Life/Calendula/Calendula/2026/\320\224\320\265\320\272\320\260\320\261\321\200\321\214/20-12-26/20-12-26.md"
[2026-06-25 19:13:51]  delete mode 100644 "Life/Calendula/Calendula/2026/\320\224\320\265\320\272\320\260\320\261\321\200\321\214/20-12-26/20.1-12-26 \320\241\320\276\321\206.md"
[2026-06-25 19:13:51]  delete mode 100644 "Life/Calendula/Calendula/2026/\320\224\320\265\320\272\320\260\320\261\321\200\321\214/20-12-26/20.2-12-26 \320\233\320\270\321\207\320\275\320\276\320\265.md"
[2026-06-25 19:13:51]  delete mode 100644 "Life/Calendula/Calendula/2026/\320\224\320\265\320\272\320\260\320\261\321\200\321\214/20-12-26/20.3-12-26 \320\234\321\213\321\201\320\273\320\270.md"
[2026-06-25 19:13:51]  delete mode 100644 "Life/Calendula/Calendula/2026/\320\224\320\265\320\272\320\260\320\261\321\200\321\214/21-12-26/21-12-26.md"
[2026-06-25 19:13:51]  delete mode 100644 "Life/Calendula/Calendula/2026/\320\224\320\265\320\272\320\260\320\261\321\200\321\214/21-12-26/21.1-12-26 \320\241\320\276\321\206.md"
[2026-06-25 19:13:51]  delete mode 100644 "Life/Calendula/Calendula/2026/\320\224\320\265\320\272\320\260\320\261\321\200\321\214/21-12-26/21.2-12-26 \320\233\320\270\321\207\320\275\320\276\320\265.md"
[2026-06-25 19:13:51]  delete mode 100644 "Life/Calendula/Calendula/2026/\320\224\320\265\320\272\320\260\320\261\321\200\321\214/21-12-26/21.3-12-26 \320\234\321\213\321\201\320\273\320\270.md"
[2026-06-25 19:13:51]  delete mode 100644 "Life/Calendula/Calendula/2026/\320\224\320\265\320\272\320\260\320\261\321\200\321\214/22-12-26/22-12-26.md"
[2026-06-25 19:13:51]  delete mode 100644 "Life/Calendula/Calendula/2026/\320\224\320\265\320\272\320\260\320\261\321\200\321\214/22-12-26/22.1-12-26 \320\241\320\276\321\206.md"
[2026-06-25 19:13:51]  delete mode 100644 "Life/Calendula/Calendula/2026/\320\224\320\265\320\272\320\260\320\261\321\200\321\214/22-12-26/22.2-12-26 \320\233\320\270\321\207\320\275\320\276\320\265.md"
[2026-06-25 19:13:51]  delete mode 100644 "Life/Calendula/Calendula/2026/\320\224\320\265\320\272\320\260\320\261\321\200\321\214/22-12-26/22.3-12-26 \320\234\321\213\321\201\320\273\320\270.md"
[2026-06-25 19:13:51]  delete mode 100644 "Life/Calendula/Calendula/2026/\320\224\320\265\320\272\320\260\320\261\321\200\321\214/23-12-26/23-12-26.md"
[2026-06-25 19:13:51]  delete mode 100644 "Life/Calendula/Calendula/2026/\320\224\320\265\320\272\320\260\320\261\321\200\321\214/23-12-26/23.1-12-26 \320\241\320\276\321\206.md"
[2026-06-25 19:13:51]  delete mode 100644 "Life/Calendula/Calendula/2026/\320\224\320\265\320\272\320\260\320\261\321\200\321\214/23-12-26/23.2-12-26 \320\233\320\270\321\207\320\275\320\276\320\265.md"
[2026-06-25 19:13:51]  delete mode 100644 "Life/Calendula/Calendula/2026/\320\224\320\265\320\272\320\260\320\261\321\200\321\214/23-12-26/23.3-12-26 \320\234\321\213\321\201\320\273\320\270.md"
[2026-06-25 19:13:51]  delete mode 100644 "Life/Calendula/Calendula/2026/\320\224\320\265\320\272\320\260\320\261\321\200\321\214/24-12-26/24-12-26.md"
[2026-06-25 19:13:51]  delete mode 100644 "Life/Calendula/Calendula/2026/\320\224\320\265\320\272\320\260\320\261\321\200\321\214/24-12-26/24.1-12-26 \320\241\320\276\321\206.md"
[2026-06-25 19:13:51]  delete mode 100644 "Life/Calendula/Calendula/2026/\320\224\320\265\320\272\320\260\320\261\321\200\321\214/24-12-26/24.2-12-26 \320\233\320\270\321\207\320\275\320\276\320\265.md"
[2026-06-25 19:13:51]  delete mode 100644 "Life/Calendula/Calendula/2026/\320\224\320\265\320\272\320\260\320\261\321\200\321\214/24-12-26/24.3-12-26 \320\234\321\213\321\201\320\273\320\270.md"
[2026-06-25 19:13:51]  delete mode 100644 "Life/Calendula/Calendula/2026/\320\224\320\265\320\272\320\260\320\261\321\200\321\214/25-12-26/25-12-26.md"
[2026-06-25 19:13:51]  delete mode 100644 "Life/Calendula/Calendula/2026/\320\224\320\265\320\272\320\260\320\261\321\200\321\214/25-12-26/25.1-12-26 \320\241\320\276\321\206.md"
[2026-06-25 19:13:51]  delete mode 100644 "Life/Calendula/Calendula/2026/\320\224\320\265\320\272\320\260\320\261\321\200\321\214/25-12-26/25.2-12-26 \320\233\320\270\321\207\320\275\320\276\320\265.md"
[2026-06-25 19:13:51]  delete mode 100644 "Life/Calendula/Calendula/2026/\320\224\320\265\320\272\320\260\320\261\321\200\321\214/25-12-26/25.3-12-26 \320\234\321\213\321\201\320\273\320\270.md"
[2026-06-25 19:13:51]  delete mode 100644 "Life/Calendula/Calendula/2026/\320\224\320\265\320\272\320\260\320\261\321\200\321\214/26-12-26/26-12-26.md"
[2026-06-25 19:13:51]  delete mode 100644 "Life/Calendula/Calendula/2026/\320\224\320\265\320\272\320\260\320\261\321\200\321\214/26-12-26/26.1-12-26 \320\241\320\276\321\206.md"
[2026-06-25 19:13:51]  delete mode 100644 "Life/Calendula/Calendula/2026/\320\224\320\265\320\272\320\260\320\261\321\200\321\214/26-12-26/26.2-12-26 \320\233\320\270\321\207\320\275\320\276\320\265.md"
[2026-06-25 19:13:51]  delete mode 100644 "Life/Calendula/Calendula/2026/\320\224\320\265\320\272\320\260\320\261\321\200\321\214/26-12-26/26.3-12-26 \320\234\321\213\321\201\320\273\320\270.md"
[2026-06-25 19:13:51]  delete mode 100644 "Life/Calendula/Calendula/2026/\320\224\320\265\320\272\320\260\320\261\321\200\321\214/27-12-26/27-12-26.md"
[2026-06-25 19:13:51]  delete mode 100644 "Life/Calendula/Calendula/2026/\320\224\320\265\320\272\320\260\320\261\321\200\321\214/27-12-26/27.1-12-26 \320\241\320\276\321\206.md"
[2026-06-25 19:13:51]  delete mode 100644 "Life/Calendula/Calendula/2026/\320\224\320\265\320\272\320\260\320\261\321\200\321\214/27-12-26/27.2-12-26 \320\233\320\270\321\207\320\275\320\276\320\265.md"
[2026-06-25 19:13:51]  delete mode 100644 "Life/Calendula/Calendula/2026/\320\224\320\265\320\272\320\260\320\261\321\200\321\214/27-12-26/27.3-12-26 \320\234\321\213\321\201\320\273\320\270.md"
[2026-06-25 19:13:51]  delete mode 100644 "Life/Calendula/Calendula/2026/\320\224\320\265\320\272\320\260\320\261\321\200\321\214/28-12-26/28-12-26.md"
[2026-06-25 19:13:51]  delete mode 100644 "Life/Calendula/Calendula/2026/\320\224\320\265\320\272\320\260\320\261\321\200\321\214/28-12-26/28.1-12-26 \320\241\320\276\321\206.md"
[2026-06-25 19:13:51]  delete mode 100644 "Life/Calendula/Calendula/2026/\320\224\320\265\320\272\320\260\320\261\321\200\321\214/28-12-26/28.2-12-26 \320\233\320\270\321\207\320\275\320\276\320\265.md"
[2026-06-25 19:13:51]  delete mode 100644 "Life/Calendula/Calendula/2026/\320\224\320\265\320\272\320\260\320\261\321\200\321\214/28-12-26/28.3-12-26 \320\234\321\213\321\201\320\273\320\270.md"
[2026-06-25 19:13:51]  delete mode 100644 "Life/Calendula/Calendula/2026/\320\224\320\265\320\272\320\260\320\261\321\200\321\214/29-12-26/29-12-26.md"
[2026-06-25 19:13:51]  delete mode 100644 "Life/Calendula/Calendula/2026/\320\224\320\265\320\272\320\260\320\261\321\200\321\214/29-12-26/29.1-12-26 \320\241\320\276\321\206.md"
[2026-06-25 19:13:51]  delete mode 100644 "Life/Calendula/Calendula/2026/\320\224\320\265\320\272\320\260\320\261\321\200\321\214/29-12-26/29.2-12-26 \320\233\320\270\321\207\320\275\320\276\320\265.md"
[2026-06-25 19:13:51]  delete mode 100644 "Life/Calendula/Calendula/2026/\320\224\320\265\320\272\320\260\320\261\321\200\321\214/29-12-26/29.3-12-26 \320\234\321\213\321\201\320\273\320\270.md"
[2026-06-25 19:13:51]  delete mode 100644 "Life/Calendula/Calendula/2026/\320\224\320\265\320\272\320\260\320\261\321\200\321\214/30-12-26/30-12-26.md"
[2026-06-25 19:13:51]  delete mode 100644 "Life/Calendula/Calendula/2026/\320\224\320\265\320\272\320\260\320\261\321\200\321\214/30-12-26/30.1-12-26 \320\241\320\276\321\206.md"
[2026-06-25 19:13:51]  delete mode 100644 "Life/Calendula/Calendula/2026/\320\224\320\265\320\272\320\260\320\261\321\200\321\214/30-12-26/30.2-12-26 \320\233\320\270\321\207\320\275\320\276\320\265.md"
[2026-06-25 19:13:51]  delete mode 100644 "Life/Calendula/Calendula/2026/\320\224\320\265\320\272\320\260\320\261\321\200\321\214/30-12-26/30.3-12-26 \320\234\321\213\321\201\320\273\320\270.md"
[2026-06-25 19:13:51]  delete mode 100644 "Life/Calendula/Calendula/2026/\320\224\320\265\320\272\320\260\320\261\321\200\321\214/31-12-26/31-12-26.md"
[2026-06-25 19:13:51]  delete mode 100644 "Life/Calendula/Calendula/2026/\320\224\320\265\320\272\320\260\320\261\321\200\321\214/31-12-26/31.1-12-26 \320\241\320\276\321\206.md"
[2026-06-25 19:13:51]  delete mode 100644 "Life/Calendula/Calendula/2026/\320\224\320\265\320\272\320\260\320\261\321\200\321\214/31-12-26/31.2-12-26 \320\233\320\270\321\207\320\275\320\276\320\265.md"
[2026-06-25 19:13:51]  delete mode 100644 "Life/Calendula/Calendula/2026/\320\224\320\265\320\272\320\260\320\261\321\200\321\214/31-12-26/31.3-12-26 \320\234\321\213\321\201\320\273\320\270.md"
[2026-06-25 19:13:51]  delete mode 100644 "Life/Calendula/Calendula/2026/\320\230\321\216\320\273\321\214/01-07-26/01-07-26.md"
[2026-06-25 19:13:51]  delete mode 100644 "Life/Calendula/Calendula/2026/\320\230\321\216\320\273\321\214/01-07-26/01.1-07-26 \320\241\320\276\321\206.md"
[2026-06-25 19:13:51]  delete mode 100644 "Life/Calendula/Calendula/2026/\320\230\321\216\320\273\321\214/01-07-26/01.2-07-26 \320\233\320\270\321\207\320\275\320\276\320\265.md"
[2026-06-25 19:13:51]  delete mode 100644 "Life/Calendula/Calendula/2026/\320\230\321\216\320\273\321\214/01-07-26/01.3-07-26 \320\234\321\213\321\201\320\273\320\270.md"
[2026-06-25 19:13:51]  delete mode 100644 "Life/Calendula/Calendula/2026/\320\230\321\216\320\273\321\214/02-07-26/02-07-26.md"
[2026-06-25 19:13:51]  delete mode 100644 "Life/Calendula/Calendula/2026/\320\230\321\216\320\273\321\214/02-07-26/02.1-07-26 \320\241\320\276\321\206.md"
[2026-06-25 19:13:51]  delete mode 100644 "Life/Calendula/Calendula/2026/\320\230\321\216\320\273\321\214/02-07-26/02.2-07-26 \320\233\320\270\321\207\320\275\320\276\320\265.md"
[2026-06-25 19:13:51]  delete mode 100644 "Life/Calendula/Calendula/2026/\320\230\321\216\320\273\321\214/02-07-26/02.3-07-26 \320\234\321\213\321\201\320\273\320\270.md"
[2026-06-25 19:13:51]  delete mode 100644 "Life/Calendula/Calendula/2026/\320\230\321\216\320\273\321\214/03-07-26/03-07-26.md"
[2026-06-25 19:13:51]  delete mode 100644 "Life/Calendula/Calendula/2026/\320\230\321\216\320\273\321\214/03-07-26/03.1-07-26 \320\241\320\276\321\206.md"
[2026-06-25 19:13:51]  delete mode 100644 "Life/Calendula/Calendula/2026/\320\230\321\216\320\273\321\214/03-07-26/03.2-07-26 \320\233\320\270\321\207\320\275\320\276\320\265.md"
[2026-06-25 19:13:51]  delete mode 100644 "Life/Calendula/Calendula/2026/\320\230\321\216\320\273\321\214/03-07-26/03.3-07-26 \320\234\321\213\321\201\320\273\320\270.md"
[2026-06-25 19:13:51]  delete mode 100644 "Life/Calendula/Calendula/2026/\320\230\321\216\320\273\321\214/04-07-26/04-07-26.md"
[2026-06-25 19:13:51]  delete mode 100644 "Life/Calendula/Calendula/2026/\320\230\321\216\320\273\321\214/04-07-26/04.1-07-26 \320\241\320\276\321\206.md"
[2026-06-25 19:13:51]  delete mode 100644 "Life/Calendula/Calendula/2026/\320\230\321\216\320\273\321\214/04-07-26/04.2-07-26 \320\233\320\270\321\207\320\275\320\276\320\265.md"
[2026-06-25 19:13:51]  delete mode 100644 "Life/Calendula/Calendula/2026/\320\230\321\216\320\273\321\214/04-07-26/04.3-07-26 \320\234\321\213\321\201\320\273\320\270.md"
[2026-06-25 19:13:51]  delete mode 100644 "Life/Calendula/Calendula/2026/\320\230\321\216\320\273\321\214/05-07-26/05-07-26.md"
[2026-06-25 19:13:51]  delete mode 100644 "Life/Calendula/Calendula/2026/\320\230\321\216\320\273\321\214/05-07-26/05.1-07-26 \320\241\320\276\321\206.md"
[2026-06-25 19:13:51]  delete mode 100644 "Life/Calendula/Calendula/2026/\320\230\321\216\320\273\321\214/05-07-26/05.2-07-26 \320\233\320\270\321\207\320\275\320\276\320\265.md"
[2026-06-25 19:13:51]  delete mode 100644 "Life/Calendula/Calendula/2026/\320\230\321\216\320\273\321\214/05-07-26/05.3-07-26 \320\234\321\213\321\201\320\273\320\270.md"
[2026-06-25 19:13:51]  delete mode 100644 "Life/Calendula/Calendula/2026/\320\230\321\216\320\273\321\214/06-07-26/06-07-26.md"
[2026-06-25 19:13:51]  delete mode 100644 "Life/Calendula/Calendula/2026/\320\230\321\216\320\273\321\214/06-07-26/06.1-07-26 \320\241\320\276\321\206.md"
[2026-06-25 19:13:51]  delete mode 100644 "Life/Calendula/Calendula/2026/\320\230\321\216\320\273\321\214/06-07-26/06.2-07-26 \320\233\320\270\321\207\320\275\320\276\320\265.md"
[2026-06-25 19:13:51]  delete mode 100644 "Life/Calendula/Calendula/2026/\320\230\321\216\320\273\321\214/06-07-26/06.3-07-26 \320\234\321\213\321\201\320\273\320\270.md"
[2026-06-25 19:13:51]  delete mode 100644 "Life/Calendula/Calendula/2026/\320\230\321\216\320\273\321\214/07-07-26/07-07-26.md"
[2026-06-25 19:13:51]  delete mode 100644 "Life/Calendula/Calendula/2026/\320\230\321\216\320\273\321\214/07-07-26/07.1-07-26 \320\241\320\276\321\206.md"
[2026-06-25 19:13:51]  delete mode 100644 "Life/Calendula/Calendula/2026/\320\230\321\216\320\273\321\214/07-07-26/07.2-07-26 \320\233\320\270\321\207\320\275\320\276\320\265.md"
[2026-06-25 19:13:51]  delete mode 100644 "Life/Calendula/Calendula/2026/\320\230\321\216\320\273\321\214/07-07-26/07.3-07-26 \320\234\321\213\321\201\320\273\320\270.md"
[2026-06-25 19:13:51]  delete mode 100644 "Life/Calendula/Calendula/2026/\320\230\321\216\320\273\321\214/08-07-26/08-07-26.md"
[2026-06-25 19:13:51]  delete mode 100644 "Life/Calendula/Calendula/2026/\320\230\321\216\320\273\321\214/08-07-26/08.1-07-26 \320\241\320\276\321\206.md"
[2026-06-25 19:13:51]  delete mode 100644 "Life/Calendula/Calendula/2026/\320\230\321\216\320\273\321\214/08-07-26/08.2-07-26 \320\233\320\270\321\207\320\275\320\276\320\265.md"
[2026-06-25 19:13:51]  delete mode 100644 "Life/Calendula/Calendula/2026/\320\230\321\216\320\273\321\214/08-07-26/08.3-07-26 \320\234\321\213\321\201\320\273\320\270.md"
[2026-06-25 19:13:51]  delete mode 100644 "Life/Calendula/Calendula/2026/\320\230\321\216\320\273\321\214/09-07-26/09-07-26.md"
[2026-06-25 19:13:51]  delete mode 100644 "Life/Calendula/Calendula/2026/\320\230\321\216\320\273\321\214/09-07-26/09.1-07-26 \320\241\320\276\321\206.md"
[2026-06-25 19:13:51]  delete mode 100644 "Life/Calendula/Calendula/2026/\320\230\321\216\320\273\321\214/09-07-26/09.2-07-26 \320\233\320\270\321\207\320\275\320\276\320\265.md"
[2026-06-25 19:13:51]  delete mode 100644 "Life/Calendula/Calendula/2026/\320\230\321\216\320\273\321\214/09-07-26/09.3-07-26 \320\234\321\213\321\201\320\273\320\270.md"
[2026-06-25 19:13:51]  delete mode 100644 "Life/Calendula/Calendula/2026/\320\230\321\216\320\273\321\214/10-07-26/10-07-26.md"
[2026-06-25 19:13:51]  delete mode 100644 "Life/Calendula/Calendula/2026/\320\230\321\216\320\273\321\214/10-07-26/10.1-07-26 \320\241\320\276\321\206.md"
[2026-06-25 19:13:51]  delete mode 100644 "Life/Calendula/Calendula/2026/\320\230\321\216\320\273\321\214/10-07-26/10.2-07-26 \320\233\320\270\321\207\320\275\320\276\320\265.md"
[2026-06-25 19:13:51]  delete mode 100644 "Life/Calendula/Calendula/2026/\320\230\321\216\320\273\321\214/10-07-26/10.3-07-26 \320\234\321\213\321\201\320\273\320\270.md"
[2026-06-25 19:13:51]  delete mode 100644 "Life/Calendula/Calendula/2026/\320\230\321\216\320\273\321\214/11-07-26/11-07-26.md"
[2026-06-25 19:13:51]  delete mode 100644 "Life/Calendula/Calendula/2026/\320\230\321\216\320\273\321\214/11-07-26/11.1-07-26 \320\241\320\276\321\206.md"
[2026-06-25 19:13:51]  delete mode 100644 "Life/Calendula/Calendula/2026/\320\230\321\216\320\273\321\214/11-07-26/11.2-07-26 \320\233\320\270\321\207\320\275\320\276\320\265.md"
[2026-06-25 19:13:51]  delete mode 100644 "Life/Calendula/Calendula/2026/\320\230\321\216\320\273\321\214/11-07-26/11.3-07-26 \320\234\321\213\321\201\320\273\320\270.md"
[2026-06-25 19:13:51]  delete mode 100644 "Life/Calendula/Calendula/2026/\320\230\321\216\320\273\321\214/12-07-26/12-07-26.md"
[2026-06-25 19:13:51]  delete mode 100644 "Life/Calendula/Calendula/2026/\320\230\321\216\320\273\321\214/12-07-26/12.1-07-26 \320\241\320\276\321\206.md"
[2026-06-25 19:13:51]  delete mode 100644 "Life/Calendula/Calendula/2026/\320\230\321\216\320\273\321\214/12-07-26/12.2-07-26 \320\233\320\270\321\207\320\275\320\276\320\265.md"
[2026-06-25 19:13:51]  delete mode 100644 "Life/Calendula/Calendula/2026/\320\230\321\216\320\273\321\214/12-07-26/12.3-07-26 \320\234\321\213\321\201\320\273\320\270.md"
[2026-06-25 19:13:51]  delete mode 100644 "Life/Calendula/Calendula/2026/\320\230\321\216\320\273\321\214/13-07-26/13-07-26.md"
[2026-06-25 19:13:51]  delete mode 100644 "Life/Calendula/Calendula/2026/\320\230\321\216\320\273\321\214/13-07-26/13.1-07-26 \320\241\320\276\321\206.md"
[2026-06-25 19:13:51]  delete mode 100644 "Life/Calendula/Calendula/2026/\320\230\321\216\320\273\321\214/13-07-26/13.2-07-26 \320\233\320\270\321\207\320\275\320\276\320\265.md"
[2026-06-25 19:13:51]  delete mode 100644 "Life/Calendula/Calendula/2026/\320\230\321\216\320\273\321\214/13-07-26/13.3-07-26 \320\234\321\213\321\201\320\273\320\270.md"
[2026-06-25 19:13:51]  delete mode 100644 "Life/Calendula/Calendula/2026/\320\230\321\216\320\273\321\214/14-07-26/14-07-26.md"
[2026-06-25 19:13:51]  delete mode 100644 "Life/Calendula/Calendula/2026/\320\230\321\216\320\273\321\214/14-07-26/14.1-07-26 \320\241\320\276\321\206.md"
[2026-06-25 19:13:51]  delete mode 100644 "Life/Calendula/Calendula/2026/\320\230\321\216\320\273\321\214/14-07-26/14.2-07-26 \320\233\320\270\321\207\320\275\320\276\320\265.md"
[2026-06-25 19:13:51]  delete mode 100644 "Life/Calendula/Calendula/2026/\320\230\321\216\320\273\321\214/14-07-26/14.3-07-26 \320\234\321\213\321\201\320\273\320\270.md"
[2026-06-25 19:13:51]  delete mode 100644 "Life/Calendula/Calendula/2026/\320\230\321\216\320\273\321\214/15-07-26/15-07-26.md"
[2026-06-25 19:13:51]  delete mode 100644 "Life/Calendula/Calendula/2026/\320\230\321\216\320\273\321\214/15-07-26/15.1-07-26 \320\241\320\276\321\206.md"
[2026-06-25 19:13:51]  delete mode 100644 "Life/Calendula/Calendula/2026/\320\230\321\216\320\273\321\214/15-07-26/15.2-07-26 \320\233\320\270\321\207\320\275\320\276\320\265.md"
[2026-06-25 19:13:51]  delete mode 100644 "Life/Calendula/Calendula/2026/\320\230\321\216\320\273\321\214/15-07-26/15.3-07-26 \320\234\321\213\321\201\320\273\320\270.md"
[2026-06-25 19:13:51]  delete mode 100644 "Life/Calendula/Calendula/2026/\320\230\321\216\320\273\321\214/16-07-26/16-07-26.md"
[2026-06-25 19:13:51]  delete mode 100644 "Life/Calendula/Calendula/2026/\320\230\321\216\320\273\321\214/16-07-26/16.1-07-26 \320\241\320\276\321\206.md"
[2026-06-25 19:13:51]  delete mode 100644 "Life/Calendula/Calendula/2026/\320\230\321\216\320\273\321\214/16-07-26/16.2-07-26 \320\233\320\270\321\207\320\275\320\276\320\265.md"
[2026-06-25 19:13:51]  delete mode 100644 "Life/Calendula/Calendula/2026/\320\230\321\216\320\273\321\214/16-07-26/16.3-07-26 \320\234\321\213\321\201\320\273\320\270.md"
[2026-06-25 19:13:51]  delete mode 100644 "Life/Calendula/Calendula/2026/\320\230\321\216\320\273\321\214/17-07-26/17-07-26.md"
[2026-06-25 19:13:51]  delete mode 100644 "Life/Calendula/Calendula/2026/\320\230\321\216\320\273\321\214/17-07-26/17.1-07-26 \320\241\320\276\321\206.md"
[2026-06-25 19:13:51]  delete mode 100644 "Life/Calendula/Calendula/2026/\320\230\321\216\320\273\321\214/17-07-26/17.2-07-26 \320\233\320\270\321\207\320\275\320\276\320\265.md"
[2026-06-25 19:13:51]  delete mode 100644 "Life/Calendula/Calendula/2026/\320\230\321\216\320\273\321\214/17-07-26/17.3-07-26 \320\234\321\213\321\201\320\273\320\270.md"
[2026-06-25 19:13:51]  delete mode 100644 "Life/Calendula/Calendula/2026/\320\230\321\216\320\273\321\214/18-07-26/18-07-26.md"
[2026-06-25 19:13:51]  delete mode 100644 "Life/Calendula/Calendula/2026/\320\230\321\216\320\273\321\214/18-07-26/18.1-07-26 \320\241\320\276\321\206.md"
[2026-06-25 19:13:51]  delete mode 100644 "Life/Calendula/Calendula/2026/\320\230\321\216\320\273\321\214/18-07-26/18.2-07-26 \320\233\320\270\321\207\320\275\320\276\320\265.md"
[2026-06-25 19:13:51]  delete mode 100644 "Life/Calendula/Calendula/2026/\320\230\321\216\320\273\321\214/18-07-26/18.3-07-26 \320\234\321\213\321\201\320\273\320\270.md"
[2026-06-25 19:13:51]  delete mode 100644 "Life/Calendula/Calendula/2026/\320\230\321\216\320\273\321\214/19-07-26/19-07-26.md"
[2026-06-25 19:13:51]  delete mode 100644 "Life/Calendula/Calendula/2026/\320\230\321\216\320\273\321\214/19-07-26/19.1-07-26 \320\241\320\276\321\206.md"
[2026-06-25 19:13:51]  delete mode 100644 "Life/Calendula/Calendula/2026/\320\230\321\216\320\273\321\214/19-07-26/19.2-07-26 \320\233\320\270\321\207\320\275\320\276\320\265.md"
[2026-06-25 19:13:51]  delete mode 100644 "Life/Calendula/Calendula/2026/\320\230\321\216\320\273\321\214/19-07-26/19.3-07-26 \320\234\321\213\321\201\320\273\320\270.md"
[2026-06-25 19:13:51]  delete mode 100644 "Life/Calendula/Calendula/2026/\320\230\321\216\320\273\321\214/20-07-26/20-07-26.md"
[2026-06-25 19:13:51]  delete mode 100644 "Life/Calendula/Calendula/2026/\320\230\321\216\320\273\321\214/20-07-26/20.1-07-26 \320\241\320\276\321\206.md"
[2026-06-25 19:13:51]  delete mode 100644 "Life/Calendula/Calendula/2026/\320\230\321\216\320\273\321\214/20-07-26/20.2-07-26 \320\233\320\270\321\207\320\275\320\276\320\265.md"
[2026-06-25 19:13:51]  delete mode 100644 "Life/Calendula/Calendula/2026/\320\230\321\216\320\273\321\214/20-07-26/20.3-07-26 \320\234\321\213\321\201\320\273\320\270.md"
[2026-06-25 19:13:51]  delete mode 100644 "Life/Calendula/Calendula/2026/\320\230\321\216\320\273\321\214/21-07-26/21-07-26.md"
[2026-06-25 19:13:51]  delete mode 100644 "Life/Calendula/Calendula/2026/\320\230\321\216\320\273\321\214/21-07-26/21.1-07-26 \320\241\320\276\321\206.md"
[2026-06-25 19:13:51]  delete mode 100644 "Life/Calendula/Calendula/2026/\320\230\321\216\320\273\321\214/21-07-26/21.2-07-26 \320\233\320\270\321\207\320\275\320\276\320\265.md"
[2026-06-25 19:13:51]  delete mode 100644 "Life/Calendula/Calendula/2026/\320\230\321\216\320\273\321\214/21-07-26/21.3-07-26 \320\234\321\213\321\201\320\273\320\270.md"
[2026-06-25 19:13:51]  delete mode 100644 "Life/Calendula/Calendula/2026/\320\230\321\216\320\273\321\214/22-07-26/22-07-26.md"
[2026-06-25 19:13:51]  delete mode 100644 "Life/Calendula/Calendula/2026/\320\230\321\216\320\273\321\214/22-07-26/22.1-07-26 \320\241\320\276\321\206.md"
[2026-06-25 19:13:51]  delete mode 100644 "Life/Calendula/Calendula/2026/\320\230\321\216\320\273\321\214/22-07-26/22.2-07-26 \320\233\320\270\321\207\320\275\320\276\320\265.md"
[2026-06-25 19:13:51]  delete mode 100644 "Life/Calendula/Calendula/2026/\320\230\321\216\320\273\321\214/22-07-26/22.3-07-26 \320\234\321\213\321\201\320\273\320\270.md"
[2026-06-25 19:13:51]  delete mode 100644 "Life/Calendula/Calendula/2026/\320\230\321\216\320\273\321\214/23-07-26/23-07-26.md"
[2026-06-25 19:13:51]  delete mode 100644 "Life/Calendula/Calendula/2026/\320\230\321\216\320\273\321\214/23-07-26/23.1-07-26 \320\241\320\276\321\206.md"
[2026-06-25 19:13:51]  delete mode 100644 "Life/Calendula/Calendula/2026/\320\230\321\216\320\273\321\214/23-07-26/23.2-07-26 \320\233\320\270\321\207\320\275\320\276\320\265.md"
[2026-06-25 19:13:51]  delete mode 100644 "Life/Calendula/Calendula/2026/\320\230\321\216\320\273\321\214/23-07-26/23.3-07-26 \320\234\321\213\321\201\320\273\320\270.md"
[2026-06-25 19:13:51]  delete mode 100644 "Life/Calendula/Calendula/2026/\320\230\321\216\320\273\321\214/24-07-26/24-07-26.md"
[2026-06-25 19:13:51]  delete mode 100644 "Life/Calendula/Calendula/2026/\320\230\321\216\320\273\321\214/24-07-26/24.1-07-26 \320\241\320\276\321\206.md"
[2026-06-25 19:13:51]  delete mode 100644 "Life/Calendula/Calendula/2026/\320\230\321\216\320\273\321\214/24-07-26/24.2-07-26 \320\233\320\270\321\207\320\275\320\276\320\265.md"
[2026-06-25 19:13:51]  delete mode 100644 "Life/Calendula/Calendula/2026/\320\230\321\216\320\273\321\214/24-07-26/24.3-07-26 \320\234\321\213\321\201\320\273\320\270.md"
[2026-06-25 19:13:51]  delete mode 100644 "Life/Calendula/Calendula/2026/\320\230\321\216\320\273\321\214/25-07-26/25-07-26.md"
[2026-06-25 19:13:51]  delete mode 100644 "Life/Calendula/Calendula/2026/\320\230\321\216\320\273\321\214/25-07-26/25.1-07-26 \320\241\320\276\321\206.md"
[2026-06-25 19:13:51]  delete mode 100644 "Life/Calendula/Calendula/2026/\320\230\321\216\320\273\321\214/25-07-26/25.2-07-26 \320\233\320\270\321\207\320\275\320\276\320\265.md"
[2026-06-25 19:13:51]  delete mode 100644 "Life/Calendula/Calendula/2026/\320\230\321\216\320\273\321\214/25-07-26/25.3-07-26 \320\234\321\213\321\201\320\273\320\270.md"
[2026-06-25 19:13:51]  delete mode 100644 "Life/Calendula/Calendula/2026/\320\230\321\216\320\273\321\214/26-07-26/26-07-26.md"
[2026-06-25 19:13:51]  delete mode 100644 "Life/Calendula/Calendula/2026/\320\230\321\216\320\273\321\214/26-07-26/26.1-07-26 \320\241\320\276\321\206.md"
[2026-06-25 19:13:51]  delete mode 100644 "Life/Calendula/Calendula/2026/\320\230\321\216\320\273\321\214/26-07-26/26.2-07-26 \320\233\320\270\321\207\320\275\320\276\320\265.md"
[2026-06-25 19:13:51]  delete mode 100644 "Life/Calendula/Calendula/2026/\320\230\321\216\320\273\321\214/26-07-26/26.3-07-26 \320\234\321\213\321\201\320\273\320\270.md"
[2026-06-25 19:13:51]  delete mode 100644 "Life/Calendula/Calendula/2026/\320\230\321\216\320\273\321\214/27-07-26/27-07-26.md"
[2026-06-25 19:13:51]  delete mode 100644 "Life/Calendula/Calendula/2026/\320\230\321\216\320\273\321\214/27-07-26/27.1-07-26 \320\241\320\276\321\206.md"
[2026-06-25 19:13:51]  delete mode 100644 "Life/Calendula/Calendula/2026/\320\230\321\216\320\273\321\214/27-07-26/27.2-07-26 \320\233\320\270\321\207\320\275\320\276\320\265.md"
[2026-06-25 19:13:51]  delete mode 100644 "Life/Calendula/Calendula/2026/\320\230\321\216\320\273\321\214/27-07-26/27.3-07-26 \320\234\321\213\321\201\320\273\320\270.md"
[2026-06-25 19:13:51]  delete mode 100644 "Life/Calendula/Calendula/2026/\320\230\321\216\320\273\321\214/28-07-26/28-07-26.md"
[2026-06-25 19:13:51]  delete mode 100644 "Life/Calendula/Calendula/2026/\320\230\321\216\320\273\321\214/28-07-26/28.1-07-26 \320\241\320\276\321\206.md"
[2026-06-25 19:13:51]  delete mode 100644 "Life/Calendula/Calendula/2026/\320\230\321\216\320\273\321\214/28-07-26/28.2-07-26 \320\233\320\270\321\207\320\275\320\276\320\265.md"
[2026-06-25 19:13:51]  delete mode 100644 "Life/Calendula/Calendula/2026/\320\230\321\216\320\273\321\214/28-07-26/28.3-07-26 \320\234\321\213\321\201\320\273\320\270.md"
[2026-06-25 19:13:51]  delete mode 100644 "Life/Calendula/Calendula/2026/\320\230\321\216\320\273\321\214/29-07-26/29-07-26.md"
[2026-06-25 19:13:51]  delete mode 100644 "Life/Calendula/Calendula/2026/\320\230\321\216\320\273\321\214/29-07-26/29.1-07-26 \320\241\320\276\321\206.md"
[2026-06-25 19:13:51]  delete mode 100644 "Life/Calendula/Calendula/2026/\320\230\321\216\320\273\321\214/29-07-26/29.2-07-26 \320\233\320\270\321\207\320\275\320\276\320\265.md"
[2026-06-25 19:13:51]  delete mode 100644 "Life/Calendula/Calendula/2026/\320\230\321\216\320\273\321\214/29-07-26/29.3-07-26 \320\234\321\213\321\201\320\273\320\270.md"
[2026-06-25 19:13:51]  delete mode 100644 "Life/Calendula/Calendula/2026/\320\230\321\216\320\273\321\214/30-07-26/30-07-26.md"
[2026-06-25 19:13:51]  delete mode 100644 "Life/Calendula/Calendula/2026/\320\230\321\216\320\273\321\214/30-07-26/30.1-07-26 \320\241\320\276\321\206.md"
[2026-06-25 19:13:51]  delete mode 100644 "Life/Calendula/Calendula/2026/\320\230\321\216\320\273\321\214/30-07-26/30.2-07-26 \320\233\320\270\321\207\320\275\320\276\320\265.md"
[2026-06-25 19:13:51]  delete mode 100644 "Life/Calendula/Calendula/2026/\320\230\321\216\320\273\321\214/30-07-26/30.3-07-26 \320\234\321\213\321\201\320\273\320\270.md"
[2026-06-25 19:13:51]  delete mode 100644 "Life/Calendula/Calendula/2026/\320\230\321\216\320\273\321\214/31-07-26/31-07-26.md"
[2026-06-25 19:13:51]  delete mode 100644 "Life/Calendula/Calendula/2026/\320\230\321\216\320\273\321\214/31-07-26/31.1-07-26 \320\241\320\276\321\206.md"
[2026-06-25 19:13:51]  delete mode 100644 "Life/Calendula/Calendula/2026/\320\230\321\216\320\273\321\214/31-07-26/31.2-07-26 \320\233\320\270\321\207\320\275\320\276\320\265.md"
[2026-06-25 19:13:51]  delete mode 100644 "Life/Calendula/Calendula/2026/\320\230\321\216\320\273\321\214/31-07-26/31.3-07-26 \320\234\321\213\321\201\320\273\320\270.md"
[2026-06-25 19:13:51]  delete mode 100644 "Life/Calendula/Calendula/2026/\320\230\321\216\320\273\321\214/move_files.ps1"
[2026-06-25 19:13:51]  delete mode 100644 "Life/Calendula/Calendula/2026/\320\230\321\216\320\275\321\214/01-06-26/01-06-26.md"
[2026-06-25 19:13:51]  delete mode 100644 "Life/Calendula/Calendula/2026/\320\230\321\216\320\275\321\214/01-06-26/01.1-06-26 \320\241\320\276\321\206.md"
[2026-06-25 19:13:51]  delete mode 100644 "Life/Calendula/Calendula/2026/\320\230\321\216\320\275\321\214/01-06-26/01.2-06-26 \320\233\320\270\321\207\320\275\320\276\320\265.md"
[2026-06-25 19:13:51]  delete mode 100644 "Life/Calendula/Calendula/2026/\320\230\321\216\320\275\321\214/01-06-26/01.3-06-26 \320\234\321\213\321\201\320\273\320\270.md"
[2026-06-25 19:13:51]  delete mode 100644 "Life/Calendula/Calendula/2026/\320\230\321\216\320\275\321\214/02-06-26/02-06-26.md"
[2026-06-25 19:13:51]  delete mode 100644 "Life/Calendula/Calendula/2026/\320\230\321\216\320\275\321\214/02-06-26/02.1-06-26.md"
[2026-06-25 19:13:51]  delete mode 100644 "Life/Calendula/Calendula/2026/\320\230\321\216\320\275\321\214/03-06-26/03-06-26.md"
[2026-06-25 19:13:51]  delete mode 100644 "Life/Calendula/Calendula/2026/\320\230\321\216\320\275\321\214/03-06-26/03.1-06-26 \320\241\320\276\321\206.md"
[2026-06-25 19:13:51]  delete mode 100644 "Life/Calendula/Calendula/2026/\320\230\321\216\320\275\321\214/03-06-26/03.2-06-26 \320\233\320\270\321\207\320\275\320\276\320\265.md"
[2026-06-25 19:13:51]  delete mode 100644 "Life/Calendula/Calendula/2026/\320\230\321\216\320\275\321\214/03-06-26/03.3-06-26 \320\234\321\213\321\201\320\273\320\270.md"
[2026-06-25 19:13:51]  delete mode 100644 "Life/Calendula/Calendula/2026/\320\230\321\216\320\275\321\214/04-06-26/04-06-26.md"
[2026-06-25 19:13:51]  delete mode 100644 "Life/Calendula/Calendula/2026/\320\230\321\216\320\275\321\214/04-06-26/04.1-06-26 \320\241\320\276\321\206.md"
[2026-06-25 19:13:51]  delete mode 100644 "Life/Calendula/Calendula/2026/\320\230\321\216\320\275\321\214/04-06-26/04.2-06-26 \320\233\320\270\321\207\320\275\320\276\320\265.md"
[2026-06-25 19:13:51]  delete mode 100644 "Life/Calendula/Calendula/2026/\320\230\321\216\320\275\321\214/04-06-26/04.3-06-26 \320\234\321\213\321\201\320\273\320\270.md"
[2026-06-25 19:13:51]  delete mode 100644 "Life/Calendula/Calendula/2026/\320\230\321\216\320\275\321\214/05-06-26/05-06-26.md"
[2026-06-25 19:13:51]  delete mode 100644 "Life/Calendula/Calendula/2026/\320\230\321\216\320\275\321\214/05-06-26/05.1-06-26 \320\241\320\276\321\206.md"
[2026-06-25 19:13:51]  delete mode 100644 "Life/Calendula/Calendula/2026/\320\230\321\216\320\275\321\214/05-06-26/05.2-06-26 \320\233\320\270\321\207\320\275\320\276\320\265.md"
[2026-06-25 19:13:51]  delete mode 100644 "Life/Calendula/Calendula/2026/\320\230\321\216\320\275\321\214/05-06-26/05.3-06-26 \320\234\321\213\321\201\320\273\320\270.md"
[2026-06-25 19:13:51]  delete mode 100644 "Life/Calendula/Calendula/2026/\320\230\321\216\320\275\321\214/06-06-26/06-06-26.md"
[2026-06-25 19:13:51]  delete mode 100644 "Life/Calendula/Calendula/2026/\320\230\321\216\320\275\321\214/06-06-26/06.1-06-26 \320\241\320\276\321\206.md"
[2026-06-25 19:13:51]  delete mode 100644 "Life/Calendula/Calendula/2026/\320\230\321\216\320\275\321\214/06-06-26/06.2-06-26 \320\233\320\270\321\207\320\275\320\276\320\265.md"
[2026-06-25 19:13:51]  delete mode 100644 "Life/Calendula/Calendula/2026/\320\230\321\216\320\275\321\214/06-06-26/06.3-06-26 \320\234\321\213\321\201\320\273\320\270.md"
[2026-06-25 19:13:51]  delete mode 100644 "Life/Calendula/Calendula/2026/\320\230\321\216\320\275\321\214/07-06-26/07-06-26.md"
[2026-06-25 19:13:51]  delete mode 100644 "Life/Calendula/Calendula/2026/\320\230\321\216\320\275\321\214/07-06-26/07.1-06-26.md"
[2026-06-25 19:13:51]  delete mode 100644 "Life/Calendula/Calendula/2026/\320\230\321\216\320\275\321\214/08-06-26/08-06-26.md"
[2026-06-25 19:13:51]  delete mode 100644 "Life/Calendula/Calendula/2026/\320\230\321\216\320\275\321\214/08-06-26/08.1-06-26 \320\241\320\276\321\206.md"
[2026-06-25 19:13:51]  delete mode 100644 "Life/Calendula/Calendula/2026/\320\230\321\216\320\275\321\214/08-06-26/08.2-06-26 \320\233\320\270\321\207\320\275\320\276\320\265.md"
[2026-06-25 19:13:51]  delete mode 100644 "Life/Calendula/Calendula/2026/\320\230\321\216\320\275\321\214/08-06-26/08.3-06-26 \320\234\321\213\321\201\320\273\320\270.md"
[2026-06-25 19:13:51]  delete mode 100644 "Life/Calendula/Calendula/2026/\320\230\321\216\320\275\321\214/09-06-26/09-06-26.md"
[2026-06-25 19:13:51]  delete mode 100644 "Life/Calendula/Calendula/2026/\320\230\321\216\320\275\321\214/09-06-26/09.1-06-26 \320\241\320\276\321\206.md"
[2026-06-25 19:13:51]  delete mode 100644 "Life/Calendula/Calendula/2026/\320\230\321\216\320\275\321\214/09-06-26/09.2-06-26 \320\233\320\270\321\207\320\275\320\276\320\265.md"
[2026-06-25 19:13:51]  delete mode 100644 "Life/Calendula/Calendula/2026/\320\230\321\216\320\275\321\214/09-06-26/09.3-06-26 \320\234\321\213\321\201\320\273\320\270.md"
[2026-06-25 19:13:51]  delete mode 100644 "Life/Calendula/Calendula/2026/\320\230\321\216\320\275\321\214/10-06-26/10-06-26.md"
[2026-06-25 19:13:51]  delete mode 100644 "Life/Calendula/Calendula/2026/\320\230\321\216\320\275\321\214/10-06-26/10.1-06-26 \320\241\320\276\321\206.md"
[2026-06-25 19:13:51]  delete mode 100644 "Life/Calendula/Calendula/2026/\320\230\321\216\320\275\321\214/10-06-26/10.2-06-26 \320\233\320\270\321\207\320\275\320\276\320\265.md"
[2026-06-25 19:13:51]  delete mode 100644 "Life/Calendula/Calendula/2026/\320\230\321\216\320\275\321\214/10-06-26/10.3-06-26 \320\234\321\213\321\201\320\273\320\270.md"
[2026-06-25 19:13:51]  delete mode 100644 "Life/Calendula/Calendula/2026/\320\230\321\216\320\275\321\214/11-06-26/11-06-26.md"
[2026-06-25 19:13:51]  delete mode 100644 "Life/Calendula/Calendula/2026/\320\230\321\216\320\275\321\214/11-06-26/11.1-06-26.md"
[2026-06-25 19:13:51]  delete mode 100644 "Life/Calendula/Calendula/2026/\320\230\321\216\320\275\321\214/12-06-26/12-06-26.md"
[2026-06-25 19:13:51]  delete mode 100644 "Life/Calendula/Calendula/2026/\320\230\321\216\320\275\321\214/12-06-26/12.1-06-26 \320\241\320\276\321\206.md"
[2026-06-25 19:13:51]  delete mode 100644 "Life/Calendula/Calendula/2026/\320\230\321\216\320\275\321\214/12-06-26/12.2-06-26 \320\233\320\270\321\207\320\275\320\276\320\265.md"
[2026-06-25 19:13:51]  delete mode 100644 "Life/Calendula/Calendula/2026/\320\230\321\216\320\275\321\214/12-06-26/12.3-06-26 \320\234\321\213\321\201\320\273\320\270.md"
[2026-06-25 19:13:51]  delete mode 100644 "Life/Calendula/Calendula/2026/\320\230\321\216\320\275\321\214/13-06-26/13-06-26.md"
[2026-06-25 19:13:51]  delete mode 100644 "Life/Calendula/Calendula/2026/\320\230\321\216\320\275\321\214/13-06-26/13.1-06-26 \320\241\320\276\321\206.md"
[2026-06-25 19:13:51]  delete mode 100644 "Life/Calendula/Calendula/2026/\320\230\321\216\320\275\321\214/13-06-26/13.2-06-26 \320\233\320\270\321\207\320\275\320\276\320\265.md"
[2026-06-25 19:13:51]  delete mode 100644 "Life/Calendula/Calendula/2026/\320\230\321\216\320\275\321\214/13-06-26/13.3-06-26 \320\234\321\213\321\201\320\273\320\270.md"
[2026-06-25 19:13:51]  delete mode 100644 "Life/Calendula/Calendula/2026/\320\230\321\216\320\275\321\214/14-06-26/14-06-26.md"
[2026-06-25 19:13:51]  delete mode 100644 "Life/Calendula/Calendula/2026/\320\230\321\216\320\275\321\214/14-06-26/14.01-06-26.md"
[2026-06-25 19:13:51]  delete mode 100644 "Life/Calendula/Calendula/2026/\320\230\321\216\320\275\321\214/14-06-26/14.1-06-26.md"
[2026-06-25 19:13:51]  delete mode 100644 "Life/Calendula/Calendula/2026/\320\230\321\216\320\275\321\214/15-06-26/15-06-26.md"
[2026-06-25 19:13:51]  delete mode 100644 "Life/Calendula/Calendula/2026/\320\230\321\216\320\275\321\214/15-06-26/15.01-06-26.md"
[2026-06-25 19:13:51]  delete mode 100644 "Life/Calendula/Calendula/2026/\320\230\321\216\320\275\321\214/15-06-26/15.1-06-26.md"
[2026-06-25 19:13:51]  delete mode 100644 "Life/Calendula/Calendula/2026/\320\230\321\216\320\275\321\214/16-06-26/16-06-26.md"
[2026-06-25 19:13:51]  delete mode 100644 "Life/Calendula/Calendula/2026/\320\230\321\216\320\275\321\214/16-06-26/16.1-06-26 \320\241\320\276\321\206.md"
[2026-06-25 19:13:51]  delete mode 100644 "Life/Calendula/Calendula/2026/\320\230\321\216\320\275\321\214/16-06-26/16.2-06-26 \320\233\320\270\321\207\320\275\320\276\320\265.md"
[2026-06-25 19:13:51]  delete mode 100644 "Life/Calendula/Calendula/2026/\320\230\321\216\320\275\321\214/16-06-26/16.3-06-26 \320\234\321\213\321\201\320\273\320\270.md"
[2026-06-25 19:13:51]  delete mode 100644 "Life/Calendula/Calendula/2026/\320\230\321\216\320\275\321\214/17-06-26/17-06-26.md"
[2026-06-25 19:13:51]  delete mode 100644 "Life/Calendula/Calendula/2026/\320\230\321\216\320\275\321\214/17-06-26/17.01-06-26.md"
[2026-06-25 19:13:51]  delete mode 100644 "Life/Calendula/Calendula/2026/\320\230\321\216\320\275\321\214/17-06-26/17.1-06-26 \320\241\320\276\321\206.md"
[2026-06-25 19:13:51]  delete mode 100644 "Life/Calendula/Calendula/2026/\320\230\321\216\320\275\321\214/17-06-26/17.2-06-26 \320\233\320\270\321\207\320\275\320\276\320\265.md"
[2026-06-25 19:13:51]  delete mode 100644 "Life/Calendula/Calendula/2026/\320\230\321\216\320\275\321\214/17-06-26/17.3-06-26 \320\234\321\213\321\201\320\273\320\270.md"
[2026-06-25 19:13:51]  delete mode 100644 "Life/Calendula/Calendula/2026/\320\230\321\216\320\275\321\214/18-06-26/18-06-26.md"
[2026-06-25 19:13:51]  delete mode 100644 "Life/Calendula/Calendula/2026/\320\230\321\216\320\275\321\214/18-06-26/18.01-06-26.md"
[2026-06-25 19:13:51]  delete mode 100644 "Life/Calendula/Calendula/2026/\320\230\321\216\320\275\321\214/18-06-26/18.1-06-26 \320\241\320\276\321\206.md"
[2026-06-25 19:13:51]  delete mode 100644 "Life/Calendula/Calendula/2026/\320\230\321\216\320\275\321\214/18-06-26/18.2-06-26 \320\233\320\270\321\207\320\275\320\276\320\265.md"
[2026-06-25 19:13:51]  delete mode 100644 "Life/Calendula/Calendula/2026/\320\230\321\216\320\275\321\214/18-06-26/18.3-06-26 \320\234\321\213\321\201\320\273\320\270.md"
[2026-06-25 19:13:51]  delete mode 100644 "Life/Calendula/Calendula/2026/\320\230\321\216\320\275\321\214/19-06-26/19-06-26.md"
[2026-06-25 19:13:51]  delete mode 100644 "Life/Calendula/Calendula/2026/\320\230\321\216\320\275\321\214/19-06-26/19.1-06-26 \320\241\320\276\321\206.md"
[2026-06-25 19:13:51]  delete mode 100644 "Life/Calendula/Calendula/2026/\320\230\321\216\320\275\321\214/19-06-26/19.2-06-26 \320\233\320\270\321\207\320\275\320\276\320\265.md"
[2026-06-25 19:13:51]  delete mode 100644 "Life/Calendula/Calendula/2026/\320\230\321\216\320\275\321\214/19-06-26/19.3-06-26 \320\234\321\213\321\201\320\273\320\270.md"
[2026-06-25 19:13:51]  delete mode 100644 "Life/Calendula/Calendula/2026/\320\230\321\216\320\275\321\214/20-06-26/20-06-26.md"
[2026-06-25 19:13:51]  delete mode 100644 "Life/Calendula/Calendula/2026/\320\230\321\216\320\275\321\214/20-06-26/20.1-06-26 \320\241\320\276\321\206.md"
[2026-06-25 19:13:51]  delete mode 100644 "Life/Calendula/Calendula/2026/\320\230\321\216\320\275\321\214/20-06-26/20.2-06-26 \320\233\320\270\321\207\320\275\320\276\320\265.md"
[2026-06-25 19:13:51]  delete mode 100644 "Life/Calendula/Calendula/2026/\320\230\321\216\320\275\321\214/20-06-26/20.3-06-26 \320\234\321\213\321\201\320\273\320\270.md"
[2026-06-25 19:13:51]  delete mode 100644 "Life/Calendula/Calendula/2026/\320\230\321\216\320\275\321\214/21-06-26/21-06-26.md"
[2026-06-25 19:13:51]  delete mode 100644 "Life/Calendula/Calendula/2026/\320\230\321\216\320\275\321\214/21-06-26/21.1-06-26 \320\241\320\276\321\206.md"
[2026-06-25 19:13:51]  delete mode 100644 "Life/Calendula/Calendula/2026/\320\230\321\216\320\275\321\214/21-06-26/21.2-06-26 \320\233\320\270\321\207\320\275\320\276\320\265.md"
[2026-06-25 19:13:51]  delete mode 100644 "Life/Calendula/Calendula/2026/\320\230\321\216\320\275\321\214/21-06-26/21.3-06-26 \320\234\321\213\321\201\320\273\320\270.md"
[2026-06-25 19:13:51]  delete mode 100644 "Life/Calendula/Calendula/2026/\320\230\321\216\320\275\321\214/22-06-26/22-06-26 \320\241\320\276\321\206.md"
[2026-06-25 19:13:51]  delete mode 100644 "Life/Calendula/Calendula/2026/\320\230\321\216\320\275\321\214/22-06-26/22-06-26 \320\273\320\270\321\207\320\275\320\260\321\217.md"
[2026-06-25 19:13:51]  delete mode 100644 "Life/Calendula/Calendula/2026/\320\230\321\216\320\275\321\214/22-06-26/22-06-26.md"
[2026-06-25 19:13:51]  delete mode 100644 "Life/Calendula/Calendula/2026/\320\230\321\216\320\275\321\214/23-06-26/23-06-26 \320\241\320\276\321\206.md"
[2026-06-25 19:13:51]  delete mode 100644 "Life/Calendula/Calendula/2026/\320\230\321\216\320\275\321\214/23-06-26/23-06-26.md"
[2026-06-25 19:13:51]  delete mode 100644 "Life/Calendula/Calendula/2026/\320\230\321\216\320\275\321\214/23-06-26/23.1-06-26 \320\241\320\276\321\206.md"
[2026-06-25 19:13:51]  delete mode 100644 "Life/Calendula/Calendula/2026/\320\230\321\216\320\275\321\214/23-06-26/23.2-06-26 \320\233\320\270\321\207\320\275\320\276\320\265.md"
[2026-06-25 19:13:51]  delete mode 100644 "Life/Calendula/Calendula/2026/\320\230\321\216\320\275\321\214/23-06-26/23.3-06-26 \320\234\321\213\321\201\320\273\320\270.md"
[2026-06-25 19:13:51]  delete mode 100644 "Life/Calendula/Calendula/2026/\320\230\321\216\320\275\321\214/24-06-26/24-06-26 \320\234\321\213\321\201\320\273\320\270.md"
[2026-06-25 19:13:51]  delete mode 100644 "Life/Calendula/Calendula/2026/\320\230\321\216\320\275\321\214/24-06-26/24-06-26.md"
[2026-06-25 19:13:51]  delete mode 100644 "Life/Calendula/Calendula/2026/\320\230\321\216\320\275\321\214/24-06-26/24.1-06-26 \320\241\320\276\321\206.md"
[2026-06-25 19:13:51]  delete mode 100644 "Life/Calendula/Calendula/2026/\320\230\321\216\320\275\321\214/24-06-26/24.11-06-26 \320\241\320\276\321\206.md"
[2026-06-25 19:13:51]  delete mode 100644 "Life/Calendula/Calendula/2026/\320\230\321\216\320\275\321\214/24-06-26/24.2-06-26 \320\233\320\270\321\207\320\275\320\276\320\265.md"
[2026-06-25 19:13:51]  delete mode 100644 "Life/Calendula/Calendula/2026/\320\230\321\216\320\275\321\214/24-06-26/24.3-06-26 \320\234\321\213\321\201\320\273\320\270.md"
[2026-06-25 19:13:51]  delete mode 100644 "Life/Calendula/Calendula/2026/\320\230\321\216\320\275\321\214/25-06-26/25-06-26.md"
[2026-06-25 19:13:51]  delete mode 100644 "Life/Calendula/Calendula/2026/\320\230\321\216\320\275\321\214/25-06-26/25.1-06-26 \320\241\320\276\321\206.md"
[2026-06-25 19:13:51]  delete mode 100644 "Life/Calendula/Calendula/2026/\320\230\321\216\320\275\321\214/25-06-26/25.2-06-26 \320\233\320\270\321\207\320\275\320\276\320\265.md"
[2026-06-25 19:13:51]  delete mode 100644 "Life/Calendula/Calendula/2026/\320\230\321\216\320\275\321\214/25-06-26/25.3-06-26 \320\234\321\213\321\201\320\273\320\270.md"
[2026-06-25 19:13:51]  delete mode 100644 "Life/Calendula/Calendula/2026/\320\230\321\216\320\275\321\214/26-06-26/26-06-26.md"
[2026-06-25 19:13:51]  delete mode 100644 "Life/Calendula/Calendula/2026/\320\230\321\216\320\275\321\214/26-06-26/26.1-06-26 \320\241\320\276\321\206.md"
[2026-06-25 19:13:51]  delete mode 100644 "Life/Calendula/Calendula/2026/\320\230\321\216\320\275\321\214/26-06-26/26.2-06-26 \320\233\320\270\321\207\320\275\320\276\320\265.md"
[2026-06-25 19:13:51]  delete mode 100644 "Life/Calendula/Calendula/2026/\320\230\321\216\320\275\321\214/26-06-26/26.3-06-26 \320\234\321\213\321\201\320\273\320\270.md"
[2026-06-25 19:13:51]  delete mode 100644 "Life/Calendula/Calendula/2026/\320\230\321\216\320\275\321\214/27-06-26/27-06-26.md"
[2026-06-25 19:13:51]  delete mode 100644 "Life/Calendula/Calendula/2026/\320\230\321\216\320\275\321\214/27-06-26/27.1-06-26 \320\241\320\276\321\206.md"
[2026-06-25 19:13:51]  delete mode 100644 "Life/Calendula/Calendula/2026/\320\230\321\216\320\275\321\214/27-06-26/27.2-06-26 \320\233\320\270\321\207\320\275\320\276\320\265.md"
[2026-06-25 19:13:51]  delete mode 100644 "Life/Calendula/Calendula/2026/\320\230\321\216\320\275\321\214/27-06-26/27.3-06-26 \320\234\321\213\321\201\320\273\320\270.md"
[2026-06-25 19:13:51]  delete mode 100644 "Life/Calendula/Calendula/2026/\320\230\321\216\320\275\321\214/28-06-26/28-06-26.md"
[2026-06-25 19:13:51]  delete mode 100644 "Life/Calendula/Calendula/2026/\320\230\321\216\320\275\321\214/28-06-26/28.1-06-26 \320\241\320\276\321\206.md"
[2026-06-25 19:13:51]  delete mode 100644 "Life/Calendula/Calendula/2026/\320\230\321\216\320\275\321\214/28-06-26/28.2-06-26 \320\233\320\270\321\207\320\275\320\276\320\265.md"
[2026-06-25 19:13:51]  delete mode 100644 "Life/Calendula/Calendula/2026/\320\230\321\216\320\275\321\214/28-06-26/28.3-06-26 \320\234\321\213\321\201\320\273\320\270.md"
[2026-06-25 19:13:51]  delete mode 100644 "Life/Calendula/Calendula/2026/\320\230\321\216\320\275\321\214/29-06-26/29-06-26.md"
[2026-06-25 19:13:51]  delete mode 100644 "Life/Calendula/Calendula/2026/\320\230\321\216\320\275\321\214/29-06-26/29.1-06-26 \320\241\320\276\321\206.md"
[2026-06-25 19:13:51]  delete mode 100644 "Life/Calendula/Calendula/2026/\320\230\321\216\320\275\321\214/29-06-26/29.2-06-26 \320\233\320\270\321\207\320\275\320\276\320\265.md"
[2026-06-25 19:13:51]  delete mode 100644 "Life/Calendula/Calendula/2026/\320\230\321\216\320\275\321\214/29-06-26/29.3-06-26 \320\234\321\213\321\201\320\273\320\270.md"
[2026-06-25 19:13:51]  delete mode 100644 "Life/Calendula/Calendula/2026/\320\230\321\216\320\275\321\214/30-06-26/30-06-26.md"
[2026-06-25 19:13:51]  delete mode 100644 "Life/Calendula/Calendula/2026/\320\230\321\216\320\275\321\214/30-06-26/30.1-06-26 \320\241\320\276\321\206.md"
[2026-06-25 19:13:51]  delete mode 100644 "Life/Calendula/Calendula/2026/\320\230\321\216\320\275\321\214/30-06-26/30.2-06-26 \320\233\320\270\321\207\320\275\320\276\320\265.md"
[2026-06-25 19:13:51]  delete mode 100644 "Life/Calendula/Calendula/2026/\320\230\321\216\320\275\321\214/30-06-26/30.3-06-26 \320\234\321\213\321\201\320\273\320\270.md"
[2026-06-25 19:13:51]  delete mode 100644 "Life/Calendula/Calendula/2026/\320\230\321\216\320\275\321\214/\320\230\321\216\320\275\321\21426.md"
[2026-06-25 19:13:51]  delete mode 100644 "Life/Calendula/Calendula/2026/\320\234\320\260\320\271/01-05-26/01-05-26.md"
[2026-06-25 19:13:51]  delete mode 100644 "Life/Calendula/Calendula/2026/\320\234\320\260\320\271/01-05-26/01.1-05-26 \320\241\320\276\321\206.md"
[2026-06-25 19:13:51]  delete mode 100644 "Life/Calendula/Calendula/2026/\320\234\320\260\320\271/01-05-26/01.2-05-26 \320\233\320\270\321\207\320\275\320\276\320\265.md"
[2026-06-25 19:13:51]  delete mode 100644 "Life/Calendula/Calendula/2026/\320\234\320\260\320\271/01-05-26/01.3-05-26 \320\234\321\213\321\201\320\273\320\270.md"
[2026-06-25 19:13:51]  delete mode 100644 "Life/Calendula/Calendula/2026/\320\234\320\260\320\271/02-05-26/02-05-26.md"
[2026-06-25 19:13:51]  delete mode 100644 "Life/Calendula/Calendula/2026/\320\234\320\260\320\271/02-05-26/02.1-05-26.md"
[2026-06-25 19:13:51]  delete mode 100644 "Life/Calendula/Calendula/2026/\320\234\320\260\320\271/03-05-26/03-05-26.md"
[2026-06-25 19:13:51]  delete mode 100644 "Life/Calendula/Calendula/2026/\320\234\320\260\320\271/03-05-26/03.1-05-26.md"
[2026-06-25 19:13:51]  delete mode 100644 "Life/Calendula/Calendula/2026/\320\234\320\260\320\271/04-05-26/04-05-26.md"
[2026-06-25 19:13:51]  delete mode 100644 "Life/Calendula/Calendula/2026/\320\234\320\260\320\271/04-05-26/04.1-05-26 \320\241\320\276\321\206.md"
[2026-06-25 19:13:51]  delete mode 100644 "Life/Calendula/Calendula/2026/\320\234\320\260\320\271/04-05-26/04.2-05-26 \320\233\320\270\321\207\320\275\320\276\320\265.md"
[2026-06-25 19:13:51]  delete mode 100644 "Life/Calendula/Calendula/2026/\320\234\320\260\320\271/04-05-26/04.3-05-26 \320\234\321\213\321\201\320\273\320\270.md"
[2026-06-25 19:13:51]  delete mode 100644 "Life/Calendula/Calendula/2026/\320\234\320\260\320\271/05-05-26/05-05-26.md"
[2026-06-25 19:13:51]  delete mode 100644 "Life/Calendula/Calendula/2026/\320\234\320\260\320\271/05-05-26/05.1-05-26 \320\241\320\276\321\206.md"
[2026-06-25 19:13:51]  delete mode 100644 "Life/Calendula/Calendula/2026/\320\234\320\260\320\271/05-05-26/05.2-05-26 \320\233\320\270\321\207\320\275\320\276\320\265.md"
[2026-06-25 19:13:51]  delete mode 100644 "Life/Calendula/Calendula/2026/\320\234\320\260\320\271/05-05-26/05.3-05-26 \320\234\321\213\321\201\320\273\320\270.md"
[2026-06-25 19:13:51]  delete mode 100644 "Life/Calendula/Calendula/2026/\320\234\320\260\320\271/06-05-26/06-05-26.md"
[2026-06-25 19:13:51]  delete mode 100644 "Life/Calendula/Calendula/2026/\320\234\320\260\320\271/06-05-26/06.1-05-26 \320\241\320\276\321\206.md"
[2026-06-25 19:13:51]  delete mode 100644 "Life/Calendula/Calendula/2026/\320\234\320\260\320\271/06-05-26/06.2-05-26 \320\233\320\270\321\207\320\275\320\276\320\265.md"
[2026-06-25 19:13:51]  delete mode 100644 "Life/Calendula/Calendula/2026/\320\234\320\260\320\271/06-05-26/06.3-05-26 \320\234\321\213\321\201\320\273\320\270.md"
[2026-06-25 19:13:51]  delete mode 100644 "Life/Calendula/Calendula/2026/\320\234\320\260\320\271/07-05-26/07-05-26.md"
[2026-06-25 19:13:51]  delete mode 100644 "Life/Calendula/Calendula/2026/\320\234\320\260\320\271/07-05-26/07.1-05-26 \320\241\320\276\321\206.md"
[2026-06-25 19:13:51]  delete mode 100644 "Life/Calendula/Calendula/2026/\320\234\320\260\320\271/07-05-26/07.2-05-26 \320\233\320\270\321\207\320\275\320\276\320\265.md"
[2026-06-25 19:13:51]  delete mode 100644 "Life/Calendula/Calendula/2026/\320\234\320\260\320\271/07-05-26/07.3-05-26 \320\234\321\213\321\201\320\273\320\270.md"
[2026-06-25 19:13:51]  delete mode 100644 "Life/Calendula/Calendula/2026/\320\234\320\260\320\271/08-05-26/08-05-26.md"
[2026-06-25 19:13:51]  delete mode 100644 "Life/Calendula/Calendula/2026/\320\234\320\260\320\271/08-05-26/08.1-05-26 \320\241\320\276\321\206.md"
[2026-06-25 19:13:51]  delete mode 100644 "Life/Calendula/Calendula/2026/\320\234\320\260\320\271/08-05-26/08.2-05-26 \320\233\320\270\321\207\320\275\320\276\320\265.md"
[2026-06-25 19:13:51]  delete mode 100644 "Life/Calendula/Calendula/2026/\320\234\320\260\320\271/08-05-26/08.3-05-26 \320\234\321\213\321\201\320\273\320\270.md"
[2026-06-25 19:13:51]  delete mode 100644 "Life/Calendula/Calendula/2026/\320\234\320\260\320\271/09-05-26/09-05-26.md"
[2026-06-25 19:13:51]  delete mode 100644 "Life/Calendula/Calendula/2026/\320\234\320\260\320\271/09-05-26/09.1-05-26 \320\241\320\276\321\206.md"
[2026-06-25 19:13:51]  delete mode 100644 "Life/Calendula/Calendula/2026/\320\234\320\260\320\271/09-05-26/09.2-05-26 \320\233\320\270\321\207\320\275\320\276\320\265.md"
[2026-06-25 19:13:51]  delete mode 100644 "Life/Calendula/Calendula/2026/\320\234\320\260\320\271/09-05-26/09.3-05-26 \320\234\321\213\321\201\320\273\320\270.md"
[2026-06-25 19:13:51]  delete mode 100644 "Life/Calendula/Calendula/2026/\320\234\320\260\320\271/10-05-26/10-05-26.md"
[2026-06-25 19:13:51]  delete mode 100644 "Life/Calendula/Calendula/2026/\320\234\320\260\320\271/10-05-26/10.1-05-26 \320\241\320\276\321\206.md"
[2026-06-25 19:13:51]  delete mode 100644 "Life/Calendula/Calendula/2026/\320\234\320\260\320\271/10-05-26/10.2-05-26 \320\233\320\270\321\207\320\275\320\276\320\265.md"
[2026-06-25 19:13:51]  delete mode 100644 "Life/Calendula/Calendula/2026/\320\234\320\260\320\271/10-05-26/10.3-05-26 \320\234\321\213\321\201\320\273\320\270.md"
[2026-06-25 19:13:51]  delete mode 100644 "Life/Calendula/Calendula/2026/\320\234\320\260\320\271/11-05-26/11-05-26.md"
[2026-06-25 19:13:51]  delete mode 100644 "Life/Calendula/Calendula/2026/\320\234\320\260\320\271/11-05-26/11.1-05-26 \320\241\320\276\321\206.md"
[2026-06-25 19:13:51]  delete mode 100644 "Life/Calendula/Calendula/2026/\320\234\320\260\320\271/11-05-26/11.2-05-26 \320\233\320\270\321\207\320\275\320\276\320\265.md"
[2026-06-25 19:13:51]  delete mode 100644 "Life/Calendula/Calendula/2026/\320\234\320\260\320\271/11-05-26/11.3-05-26 \320\234\321\213\321\201\320\273\320\270.md"
[2026-06-25 19:13:51]  delete mode 100644 "Life/Calendula/Calendula/2026/\320\234\320\260\320\271/12-05-26/12-05-26.md"
[2026-06-25 19:13:51]  delete mode 100644 "Life/Calendula/Calendula/2026/\320\234\320\260\320\271/12-05-26/12.1-05-26 \320\241\320\276\321\206.md"
[2026-06-25 19:13:51]  delete mode 100644 "Life/Calendula/Calendula/2026/\320\234\320\260\320\271/12-05-26/12.2-05-26 \320\233\320\270\321\207\320\275\320\276\320\265.md"
[2026-06-25 19:13:51]  delete mode 100644 "Life/Calendula/Calendula/2026/\320\234\320\260\320\271/12-05-26/12.3-05-26 \320\234\321\213\321\201\320\273\320\270.md"
[2026-06-25 19:13:51]  delete mode 100644 "Life/Calendula/Calendula/2026/\320\234\320\260\320\271/13-05-26/13-05-26.md"
[2026-06-25 19:13:51]  delete mode 100644 "Life/Calendula/Calendula/2026/\320\234\320\260\320\271/13-05-26/13.1-05-26.md"
[2026-06-25 19:13:51]  delete mode 100644 "Life/Calendula/Calendula/2026/\320\234\320\260\320\271/14-05-26/14-05-26.md"
[2026-06-25 19:13:51]  delete mode 100644 "Life/Calendula/Calendula/2026/\320\234\320\260\320\271/14-05-26/14.1-05-26 \320\241\320\276\321\206.md"
[2026-06-25 19:13:51]  delete mode 100644 "Life/Calendula/Calendula/2026/\320\234\320\260\320\271/14-05-26/14.2-05-26 \320\233\320\270\321\207\320\275\320\276\320\265.md"
[2026-06-25 19:13:51]  delete mode 100644 "Life/Calendula/Calendula/2026/\320\234\320\260\320\271/14-05-26/14.3-05-26 \320\234\321\213\321\201\320\273\320\270.md"
[2026-06-25 19:13:51]  delete mode 100644 "Life/Calendula/Calendula/2026/\320\234\320\260\320\271/15-05-26/15-05-26.md"
[2026-06-25 19:13:51]  delete mode 100644 "Life/Calendula/Calendula/2026/\320\234\320\260\320\271/15-05-26/15.1-05-26.md"
[2026-06-25 19:13:51]  delete mode 100644 "Life/Calendula/Calendula/2026/\320\234\320\260\320\271/16-05-26/16-05-26.md"
[2026-06-25 19:13:51]  delete mode 100644 "Life/Calendula/Calendula/2026/\320\234\320\260\320\271/16-05-26/16.1-05-26.md"
[2026-06-25 19:13:51]  delete mode 100644 "Life/Calendula/Calendula/2026/\320\234\320\260\320\271/17-05-26/17-05-26.md"
[2026-06-25 19:13:51]  delete mode 100644 "Life/Calendula/Calendula/2026/\320\234\320\260\320\271/17-05-26/17.1-05-26.md"
[2026-06-25 19:13:51]  delete mode 100644 "Life/Calendula/Calendula/2026/\320\234\320\260\320\271/18-05-26/18-05-26.md"
[2026-06-25 19:13:51]  delete mode 100644 "Life/Calendula/Calendula/2026/\320\234\320\260\320\271/18-05-26/18.1-05-26 \320\241\320\276\321\206.md"
[2026-06-25 19:13:51]  delete mode 100644 "Life/Calendula/Calendula/2026/\320\234\320\260\320\271/18-05-26/18.2-05-26 \320\233\320\270\321\207\320\275\320\276\320\265.md"
[2026-06-25 19:13:51]  delete mode 100644 "Life/Calendula/Calendula/2026/\320\234\320\260\320\271/18-05-26/18.3-05-26 \320\234\321\213\321\201\320\273\320\270.md"
[2026-06-25 19:13:51]  delete mode 100644 "Life/Calendula/Calendula/2026/\320\234\320\260\320\271/19-05-26/19-05-26.md"
[2026-06-25 19:13:51]  delete mode 100644 "Life/Calendula/Calendula/2026/\320\234\320\260\320\271/19-05-26/19.1-05-26 \320\241\320\276\321\206.md"
[2026-06-25 19:13:51]  delete mode 100644 "Life/Calendula/Calendula/2026/\320\234\320\260\320\271/19-05-26/19.2-05-26 \320\233\320\270\321\207\320\275\320\276\320\265.md"
[2026-06-25 19:13:51]  delete mode 100644 "Life/Calendula/Calendula/2026/\320\234\320\260\320\271/19-05-26/19.3-05-26 \320\234\321\213\321\201\320\273\320\270.md"
[2026-06-25 19:13:51]  delete mode 100644 "Life/Calendula/Calendula/2026/\320\234\320\260\320\271/20-05-26/20-05-26.md"
[2026-06-25 19:13:51]  delete mode 100644 "Life/Calendula/Calendula/2026/\320\234\320\260\320\271/20-05-26/20.1-05-26 \320\241\320\276\321\206.md"
[2026-06-25 19:13:51]  delete mode 100644 "Life/Calendula/Calendula/2026/\320\234\320\260\320\271/20-05-26/20.2-05-26 \320\233\320\270\321\207\320\275\320\276\320\265.md"
[2026-06-25 19:13:51]  delete mode 100644 "Life/Calendula/Calendula/2026/\320\234\320\260\320\271/20-05-26/20.3-05-26 \320\234\321\213\321\201\320\273\320\270.md"
[2026-06-25 19:13:51]  delete mode 100644 "Life/Calendula/Calendula/2026/\320\234\320\260\320\271/21-05-26/21-05-26.md"
[2026-06-25 19:13:51]  delete mode 100644 "Life/Calendula/Calendula/2026/\320\234\320\260\320\271/21-05-26/21.1-05-26 \320\241\320\276\321\206.md"
[2026-06-25 19:13:51]  delete mode 100644 "Life/Calendula/Calendula/2026/\320\234\320\260\320\271/21-05-26/21.2-05-26 \320\233\320\270\321\207\320\275\320\276\320\265.md"
[2026-06-25 19:13:51]  delete mode 100644 "Life/Calendula/Calendula/2026/\320\234\320\260\320\271/21-05-26/21.3-05-26 \320\234\321\213\321\201\320\273\320\270.md"
[2026-06-25 19:13:51]  delete mode 100644 "Life/Calendula/Calendula/2026/\320\234\320\260\320\271/22-05-26/22-05-26.md"
[2026-06-25 19:13:51]  delete mode 100644 "Life/Calendula/Calendula/2026/\320\234\320\260\320\271/22-05-26/22.1-05-26.md"
[2026-06-25 19:13:51]  delete mode 100644 "Life/Calendula/Calendula/2026/\320\234\320\260\320\271/23-05-26/23-05-26.md"
[2026-06-25 19:13:51]  delete mode 100644 "Life/Calendula/Calendula/2026/\320\234\320\260\320\271/23-05-26/23.1-05-26 \320\241\320\276\321\206.md"
[2026-06-25 19:13:51]  delete mode 100644 "Life/Calendula/Calendula/2026/\320\234\320\260\320\271/23-05-26/23.2-05-26 \320\233\320\270\321\207\320\275\320\276\320\265.md"
[2026-06-25 19:13:51]  delete mode 100644 "Life/Calendula/Calendula/2026/\320\234\320\260\320\271/23-05-26/23.3-05-26 \320\234\321\213\321\201\320\273\320\270.md"
[2026-06-25 19:13:51]  delete mode 100644 "Life/Calendula/Calendula/2026/\320\234\320\260\320\271/24-05-26/24-05-26.md"
[2026-06-25 19:13:51]  delete mode 100644 "Life/Calendula/Calendula/2026/\320\234\320\260\320\271/24-05-26/24.1-05-26 \320\241\320\276\321\206.md"
[2026-06-25 19:13:51]  delete mode 100644 "Life/Calendula/Calendula/2026/\320\234\320\260\320\271/24-05-26/24.2-05-26 \320\233\320\270\321\207\320\275\320\276\320\265.md"
[2026-06-25 19:13:51]  delete mode 100644 "Life/Calendula/Calendula/2026/\320\234\320\260\320\271/24-05-26/24.3-05-26 \320\234\321\213\321\201\320\273\320\270.md"
[2026-06-25 19:13:51]  delete mode 100644 "Life/Calendula/Calendula/2026/\320\234\320\260\320\271/25-05-26/25-05-26.md"
[2026-06-25 19:13:51]  delete mode 100644 "Life/Calendula/Calendula/2026/\320\234\320\260\320\271/25-05-26/25.1-05-26 \320\241\320\276\321\206.md"
[2026-06-25 19:13:51]  delete mode 100644 "Life/Calendula/Calendula/2026/\320\234\320\260\320\271/25-05-26/25.2-05-26 \320\233\320\270\321\207\320\275\320\276\320\265.md"
[2026-06-25 19:13:51]  delete mode 100644 "Life/Calendula/Calendula/2026/\320\234\320\260\320\271/25-05-26/25.3-05-26 \320\234\321\213\321\201\320\273\320\270.md"
[2026-06-25 19:13:51]  delete mode 100644 "Life/Calendula/Calendula/2026/\320\234\320\260\320\271/26-05-26/26-05-26.md"
[2026-06-25 19:13:51]  delete mode 100644 "Life/Calendula/Calendula/2026/\320\234\320\260\320\271/26-05-26/26.1-05-26 \320\241\320\276\321\206.md"
[2026-06-25 19:13:51]  delete mode 100644 "Life/Calendula/Calendula/2026/\320\234\320\260\320\271/26-05-26/26.2-05-26 \320\233\320\270\321\207\320\275\320\276\320\265.md"
[2026-06-25 19:13:51]  delete mode 100644 "Life/Calendula/Calendula/2026/\320\234\320\260\320\271/26-05-26/26.3-05-26 \320\234\321\213\321\201\320\273\320\270.md"
[2026-06-25 19:13:51]  delete mode 100644 "Life/Calendula/Calendula/2026/\320\234\320\260\320\271/27-05-26/27-05-26.md"
[2026-06-25 19:13:51]  delete mode 100644 "Life/Calendula/Calendula/2026/\320\234\320\260\320\271/27-05-26/27.1-05-26 \320\241\320\276\321\206.md"
[2026-06-25 19:13:51]  delete mode 100644 "Life/Calendula/Calendula/2026/\320\234\320\260\320\271/27-05-26/27.2-05-26 \320\233\320\270\321\207\320\275\320\276\320\265.md"
[2026-06-25 19:13:51]  delete mode 100644 "Life/Calendula/Calendula/2026/\320\234\320\260\320\271/27-05-26/27.3-05-26 \320\234\321\213\321\201\320\273\320\270.md"
[2026-06-25 19:13:51]  delete mode 100644 "Life/Calendula/Calendula/2026/\320\234\320\260\320\271/28-05-26/28-05-26.md"
[2026-06-25 19:13:51]  delete mode 100644 "Life/Calendula/Calendula/2026/\320\234\320\260\320\271/28-05-26/28.1-05-26 \320\241\320\276\321\206.md"
[2026-06-25 19:13:51]  delete mode 100644 "Life/Calendula/Calendula/2026/\320\234\320\260\320\271/28-05-26/28.2-05-26 \320\233\320\270\321\207\320\275\320\276\320\265.md"
[2026-06-25 19:13:51]  delete mode 100644 "Life/Calendula/Calendula/2026/\320\234\320\260\320\271/28-05-26/28.3-05-26 \320\234\321\213\321\201\320\273\320\270.md"
[2026-06-25 19:13:51]  delete mode 100644 "Life/Calendula/Calendula/2026/\320\234\320\260\320\271/29-05-26/29-05-26.md"
[2026-06-25 19:13:51]  delete mode 100644 "Life/Calendula/Calendula/2026/\320\234\320\260\320\271/29-05-26/29.1-05-26 \320\241\320\276\321\206.md"
[2026-06-25 19:13:51]  delete mode 100644 "Life/Calendula/Calendula/2026/\320\234\320\260\320\271/29-05-26/29.2-05-26 \320\233\320\270\321\207\320\275\320\276\320\265.md"
[2026-06-25 19:13:51]  delete mode 100644 "Life/Calendula/Calendula/2026/\320\234\320\260\320\271/29-05-26/29.3-05-26 \320\234\321\213\321\201\320\273\320\270.md"
[2026-06-25 19:13:51]  delete mode 100644 "Life/Calendula/Calendula/2026/\320\234\320\260\320\271/30-05-26/30-05-26.md"
[2026-06-25 19:13:51]  delete mode 100644 "Life/Calendula/Calendula/2026/\320\234\320\260\320\271/30-05-26/30.1-05-26 \320\241\320\276\321\206.md"
[2026-06-25 19:13:51]  delete mode 100644 "Life/Calendula/Calendula/2026/\320\234\320\260\320\271/30-05-26/30.2-05-26 \320\233\320\270\321\207\320\275\320\276\320\265.md"
[2026-06-25 19:13:51]  delete mode 100644 "Life/Calendula/Calendula/2026/\320\234\320\260\320\271/30-05-26/30.3-05-26 \320\234\321\213\321\201\320\273\320\270.md"
[2026-06-25 19:13:51]  delete mode 100644 "Life/Calendula/Calendula/2026/\320\234\320\260\320\271/31-05-26/31-05-26.md"
[2026-06-25 19:13:51]  delete mode 100644 "Life/Calendula/Calendula/2026/\320\234\320\260\320\271/31-05-26/31.1-05-26 \320\241\320\276\321\206.md"
[2026-06-25 19:13:51]  delete mode 100644 "Life/Calendula/Calendula/2026/\320\234\320\260\320\271/31-05-26/31.2-05-26 \320\233\320\270\321\207\320\275\320\276\320\265.md"
[2026-06-25 19:13:51]  delete mode 100644 "Life/Calendula/Calendula/2026/\320\234\320\260\320\271/31-05-26/31.3-05-26 \320\234\321\213\321\201\320\273\320\270.md"
[2026-06-25 19:13:51]  delete mode 100644 "Life/Calendula/Calendula/2026/\320\234\320\260\320\271/\320\234\320\260\320\27126.md"
[2026-06-25 19:13:51]  delete mode 100644 "Life/Calendula/Calendula/2026/\320\234\320\260\321\200\321\202/01-03-26/01-03-26.md"
[2026-06-25 19:13:51]  delete mode 100644 "Life/Calendula/Calendula/2026/\320\234\320\260\321\200\321\202/01-03-26/01.1-03-26 \320\241\320\276\321\206.md"
[2026-06-25 19:13:51]  delete mode 100644 "Life/Calendula/Calendula/2026/\320\234\320\260\321\200\321\202/01-03-26/01.2-03-26 \320\233\320\270\321\207\320\275\320\276\320\265.md"
[2026-06-25 19:13:51]  delete mode 100644 "Life/Calendula/Calendula/2026/\320\234\320\260\321\200\321\202/02-03-26/02-03-26.md"
[2026-06-25 19:13:51]  delete mode 100644 "Life/Calendula/Calendula/2026/\320\234\320\260\321\200\321\202/02-03-26/02.1-03-26 \320\241\320\276\321\206.md"
[2026-06-25 19:13:51]  delete mode 100644 "Life/Calendula/Calendula/2026/\320\234\320\260\321\200\321\202/02-03-26/02.2-03-26 \320\233\320\270\321\207\320\275\320\276\320\265.md"
[2026-06-25 19:13:51]  delete mode 100644 "Life/Calendula/Calendula/2026/\320\234\320\260\321\200\321\202/03-03-26/03-03-26.md"
[2026-06-25 19:13:51]  delete mode 100644 "Life/Calendula/Calendula/2026/\320\234\320\260\321\200\321\202/03-03-26/03.1-03-26 \320\241\320\276\321\206.md"
[2026-06-25 19:13:51]  delete mode 100644 "Life/Calendula/Calendula/2026/\320\234\320\260\321\200\321\202/03-03-26/03.2-03-26 \320\233\320\270\321\207\320\275\320\276\320\265.md"
[2026-06-25 19:13:51]  delete mode 100644 "Life/Calendula/Calendula/2026/\320\234\320\260\321\200\321\202/04-03-26/04-03-26.md"
[2026-06-25 19:13:51]  delete mode 100644 "Life/Calendula/Calendula/2026/\320\234\320\260\321\200\321\202/04-03-26/04.1-03-26 \320\241\320\276\321\206.md"
[2026-06-25 19:13:51]  delete mode 100644 "Life/Calendula/Calendula/2026/\320\234\320\260\321\200\321\202/04-03-26/04.2-03-26 \320\233\320\270\321\207\320\275\320\276\320\265.md"
[2026-06-25 19:13:51]  delete mode 100644 "Life/Calendula/Calendula/2026/\320\234\320\260\321\200\321\202/05-03-26/05-03-26.md"
[2026-06-25 19:13:51]  delete mode 100644 "Life/Calendula/Calendula/2026/\320\234\320\260\321\200\321\202/05-03-26/05.1-03-26 \320\241\320\276\321\206.md"
[2026-06-25 19:13:51]  delete mode 100644 "Life/Calendula/Calendula/2026/\320\234\320\260\321\200\321\202/05-03-26/05.2-03-26 \320\233\320\270\321\207\320\275\320\276\320\265.md"
[2026-06-25 19:13:51]  delete mode 100644 "Life/Calendula/Calendula/2026/\320\234\320\260\321\200\321\202/06-03-26/06-03-26 \320\273\320\270\321\207.md"
[2026-06-25 19:13:51]  delete mode 100644 "Life/Calendula/Calendula/2026/\320\234\320\260\321\200\321\202/06-03-26/06-03-26.md"
[2026-06-25 19:13:51]  delete mode 100644 "Life/Calendula/Calendula/2026/\320\234\320\260\321\200\321\202/06-03-26/06.1-03-26 \320\274\321\213\321\201\320\273\320\270.md"
[2026-06-25 19:13:51]  delete mode 100644 "Life/Calendula/Calendula/2026/\320\234\320\260\321\200\321\202/06-03-26/06.2-03-26 \321\201\320\276\321\206.md"
[2026-06-25 19:13:51]  delete mode 100644 "Life/Calendula/Calendula/2026/\320\234\320\260\321\200\321\202/07-03-26/07-03-26.md"
[2026-06-25 19:13:51]  delete mode 100644 "Life/Calendula/Calendula/2026/\320\234\320\260\321\200\321\202/07-03-26/07.1-03-26 \320\241\320\276\321\206.md"
[2026-06-25 19:13:51]  delete mode 100644 "Life/Calendula/Calendula/2026/\320\234\320\260\321\200\321\202/07-03-26/07.2-03-26 \320\233\320\270\321\207\320\275\320\276\320\265.md"
[2026-06-25 19:13:51]  delete mode 100644 "Life/Calendula/Calendula/2026/\320\234\320\260\321\200\321\202/07-03-26/07.3-03-26 \320\234\321\213\321\201\320\273\320\270.md"
[2026-06-25 19:13:51]  delete mode 100644 "Life/Calendula/Calendula/2026/\320\234\320\260\321\200\321\202/08-03-26/08-03-26.md"
[2026-06-25 19:13:51]  delete mode 100644 "Life/Calendula/Calendula/2026/\320\234\320\260\321\200\321\202/08-03-26/08.1-03-26 \320\241\320\276\321\206.md"
[2026-06-25 19:13:51]  delete mode 100644 "Life/Calendula/Calendula/2026/\320\234\320\260\321\200\321\202/08-03-26/08.2-03-26 \320\233\320\270\321\207\320\275\320\276\320\265.md"
[2026-06-25 19:13:51]  delete mode 100644 "Life/Calendula/Calendula/2026/\320\234\320\260\321\200\321\202/09-03-26/09-03-26.md"
[2026-06-25 19:13:51]  delete mode 100644 "Life/Calendula/Calendula/2026/\320\234\320\260\321\200\321\202/09-03-26/09.1-03-26 \320\241\320\276\321\206.md"
[2026-06-25 19:13:51]  delete mode 100644 "Life/Calendula/Calendula/2026/\320\234\320\260\321\200\321\202/09-03-26/09.2-03-26 \320\233\320\270\321\207\320\275\320\276\320\265.md"
[2026-06-25 19:13:51]  delete mode 100644 "Life/Calendula/Calendula/2026/\320\234\320\260\321\200\321\202/09-03-26/09.3-03-26 \320\234\321\213\321\201\320\273\320\270.md"
[2026-06-25 19:13:51]  delete mode 100644 "Life/Calendula/Calendula/2026/\320\234\320\260\321\200\321\202/10-03-26/10-03-26.md"
[2026-06-25 19:13:51]  delete mode 100644 "Life/Calendula/Calendula/2026/\320\234\320\260\321\200\321\202/10-03-26/10.1-03-26 \320\241\320\276\321\206.md"
[2026-06-25 19:13:51]  delete mode 100644 "Life/Calendula/Calendula/2026/\320\234\320\260\321\200\321\202/10-03-26/10.2-03-26 \320\233\320\270\321\207\320\275\320\276\320\265.md"
[2026-06-25 19:13:51]  delete mode 100644 "Life/Calendula/Calendula/2026/\320\234\320\260\321\200\321\202/10-03-26/10.3-03-26 \320\234\321\213\321\201\320\273\320\270.md"
[2026-06-25 19:13:51]  delete mode 100644 "Life/Calendula/Calendula/2026/\320\234\320\260\321\200\321\202/11-03-26/11-03-26.md"
[2026-06-25 19:13:51]  delete mode 100644 "Life/Calendula/Calendula/2026/\320\234\320\260\321\200\321\202/11-03-26/11.1-03-26 \320\241\320\276\321\206.md"
[2026-06-25 19:13:51]  delete mode 100644 "Life/Calendula/Calendula/2026/\320\234\320\260\321\200\321\202/11-03-26/11.2-03-26 \320\233\320\270\321\207\320\275\320\276\320\265.md"
[2026-06-25 19:13:51]  delete mode 100644 "Life/Calendula/Calendula/2026/\320\234\320\260\321\200\321\202/11-03-26/11.3-03-26 \320\234\321\213\321\201\320\273\320\270.md"
[2026-06-25 19:13:51]  delete mode 100644 "Life/Calendula/Calendula/2026/\320\234\320\260\321\200\321\202/12-03-26/12-03-26.md"
[2026-06-25 19:13:51]  delete mode 100644 "Life/Calendula/Calendula/2026/\320\234\320\260\321\200\321\202/12-03-26/12.1-03-26 \320\241\320\276\321\206.md"
[2026-06-25 19:13:51]  delete mode 100644 "Life/Calendula/Calendula/2026/\320\234\320\260\321\200\321\202/12-03-26/12.2-03-26 \320\233\320\270\321\207\320\275\320\276\320\265.md"
[2026-06-25 19:13:51]  delete mode 100644 "Life/Calendula/Calendula/2026/\320\234\320\260\321\200\321\202/12-03-26/12.3-03-26 \320\234\321\213\321\201\320\273\320\270.md"
[2026-06-25 19:13:51]  delete mode 100644 "Life/Calendula/Calendula/2026/\320\234\320\260\321\200\321\202/13-03-26/13-03-26.md"
[2026-06-25 19:13:51]  delete mode 100644 "Life/Calendula/Calendula/2026/\320\234\320\260\321\200\321\202/13-03-26/13.1-03-26 \320\241\320\276\321\206.md"
[2026-06-25 19:13:51]  delete mode 100644 "Life/Calendula/Calendula/2026/\320\234\320\260\321\200\321\202/13-03-26/13.2-03-26 \320\233\320\270\321\207\320\275\320\276\320\265.md"
[2026-06-25 19:13:51]  delete mode 100644 "Life/Calendula/Calendula/2026/\320\234\320\260\321\200\321\202/13-03-26/13.3-03-26 \320\234\321\213\321\201\320\273\320\270.md"
[2026-06-25 19:13:51]  delete mode 100644 "Life/Calendula/Calendula/2026/\320\234\320\260\321\200\321\202/14-03-26/14-03-26.md"
[2026-06-25 19:13:51]  delete mode 100644 "Life/Calendula/Calendula/2026/\320\234\320\260\321\200\321\202/14-03-26/14.1-03-26 \320\241\320\276\321\206.md"
[2026-06-25 19:13:51]  delete mode 100644 "Life/Calendula/Calendula/2026/\320\234\320\260\321\200\321\202/14-03-26/14.2-03-26 \320\233\320\270\321\207\320\275\320\276\320\265.md"
[2026-06-25 19:13:51]  delete mode 100644 "Life/Calendula/Calendula/2026/\320\234\320\260\321\200\321\202/14-03-26/14.3-03-26 \320\234\321\213\321\201\320\273\320\270.md"
[2026-06-25 19:13:51]  delete mode 100644 "Life/Calendula/Calendula/2026/\320\234\320\260\321\200\321\202/15-03-26/15-03-26.md"
[2026-06-25 19:13:51]  delete mode 100644 "Life/Calendula/Calendula/2026/\320\234\320\260\321\200\321\202/15-03-26/15.1-03-26 \320\241\320\276\321\206.md"
[2026-06-25 19:13:51]  delete mode 100644 "Life/Calendula/Calendula/2026/\320\234\320\260\321\200\321\202/15-03-26/15.2-03-26 \320\233\320\270\321\207\320\275\320\276\320\265.md"
[2026-06-25 19:13:51]  delete mode 100644 "Life/Calendula/Calendula/2026/\320\234\320\260\321\200\321\202/15-03-26/15.3-03-26 \320\234\321\213\321\201\320\273\320\270.md"
[2026-06-25 19:13:51]  delete mode 100644 "Life/Calendula/Calendula/2026/\320\234\320\260\321\200\321\202/16-03-26/16-03-26.md"
[2026-06-25 19:13:51]  delete mode 100644 "Life/Calendula/Calendula/2026/\320\234\320\260\321\200\321\202/16-03-26/16.1-03-26 \320\241\320\276\321\206.md"
[2026-06-25 19:13:51]  delete mode 100644 "Life/Calendula/Calendula/2026/\320\234\320\260\321\200\321\202/16-03-26/16.2-03-26 \320\233\320\270\321\207\320\275\320\276\320\265.md"
[2026-06-25 19:13:51]  delete mode 100644 "Life/Calendula/Calendula/2026/\320\234\320\260\321\200\321\202/16-03-26/16.3-03-26 \320\234\321\213\321\201\320\273\320\270.md"
[2026-06-25 19:13:51]  delete mode 100644 "Life/Calendula/Calendula/2026/\320\234\320\260\321\200\321\202/17-03-26/17-03-26.md"
[2026-06-25 19:13:51]  delete mode 100644 "Life/Calendula/Calendula/2026/\320\234\320\260\321\200\321\202/17-03-26/17.1-03-26 \320\241\320\276\321\206.md"
[2026-06-25 19:13:51]  delete mode 100644 "Life/Calendula/Calendula/2026/\320\234\320\260\321\200\321\202/17-03-26/17.2-03-26 \320\233\320\270\321\207\320\275\320\276\320\265.md"
[2026-06-25 19:13:51]  delete mode 100644 "Life/Calendula/Calendula/2026/\320\234\320\260\321\200\321\202/17-03-26/17.3-03-26 \320\234\321\213\321\201\320\273\320\270.md"
[2026-06-25 19:13:51]  delete mode 100644 "Life/Calendula/Calendula/2026/\320\234\320\260\321\200\321\202/18-03-26/18-03-26.md"
[2026-06-25 19:13:51]  delete mode 100644 "Life/Calendula/Calendula/2026/\320\234\320\260\321\200\321\202/18-03-26/18.1-03-26 \320\241\320\276\321\206.md"
[2026-06-25 19:13:51]  delete mode 100644 "Life/Calendula/Calendula/2026/\320\234\320\260\321\200\321\202/18-03-26/18.2-03-26 \320\233\320\270\321\207\320\275\320\276\320\265.md"
[2026-06-25 19:13:51]  delete mode 100644 "Life/Calendula/Calendula/2026/\320\234\320\260\321\200\321\202/18-03-26/18.3-03-26 \320\234\321\213\321\201\320\273\320\270.md"
[2026-06-25 19:13:51]  delete mode 100644 "Life/Calendula/Calendula/2026/\320\234\320\260\321\200\321\202/19-03-26/19-03-26 \320\273\320\270\321\207.md"
[2026-06-25 19:13:51]  delete mode 100644 "Life/Calendula/Calendula/2026/\320\234\320\260\321\200\321\202/19-03-26/19-03-26.md"
[2026-06-25 19:13:51]  delete mode 100644 "Life/Calendula/Calendula/2026/\320\234\320\260\321\200\321\202/19-03-26/19.1-03-26 \320\241\320\276\321\206.md"
[2026-06-25 19:13:51]  delete mode 100644 "Life/Calendula/Calendula/2026/\320\234\320\260\321\200\321\202/19-03-26/19.2-03-26 \320\234\321\213\321\201\320\273\320\270.md"
[2026-06-25 19:13:51]  delete mode 100644 "Life/Calendula/Calendula/2026/\320\234\320\260\321\200\321\202/20-03-26/20-03-26.md"
[2026-06-25 19:13:51]  delete mode 100644 "Life/Calendula/Calendula/2026/\320\234\320\260\321\200\321\202/20-03-26/20.1-03-26 \320\241\320\276\321\206.md"
[2026-06-25 19:13:51]  delete mode 100644 "Life/Calendula/Calendula/2026/\320\234\320\260\321\200\321\202/20-03-26/20.2-03-26 \320\233\320\270\321\207\320\275\320\276\320\265.md"
[2026-06-25 19:13:51]  delete mode 100644 "Life/Calendula/Calendula/2026/\320\234\320\260\321\200\321\202/20-03-26/20.3-03-26 \320\234\321\213\321\201\320\273\320\270.md"
[2026-06-25 19:13:51]  delete mode 100644 "Life/Calendula/Calendula/2026/\320\234\320\260\321\200\321\202/21-03-26/21-03-26.md"
[2026-06-25 19:13:51]  delete mode 100644 "Life/Calendula/Calendula/2026/\320\234\320\260\321\200\321\202/21-03-26/21.1-03-26 \320\241\320\276\321\206.md"
[2026-06-25 19:13:51]  delete mode 100644 "Life/Calendula/Calendula/2026/\320\234\320\260\321\200\321\202/21-03-26/21.2-03-26 \320\233\320\270\321\207\320\275\320\276\320\265.md"
[2026-06-25 19:13:51]  delete mode 100644 "Life/Calendula/Calendula/2026/\320\234\320\260\321\200\321\202/21-03-26/21.3-03-26 \320\234\321\213\321\201\320\273\320\270.md"
[2026-06-25 19:13:51]  delete mode 100644 "Life/Calendula/Calendula/2026/\320\234\320\260\321\200\321\202/22-03-26/22-03-26.md"
[2026-06-25 19:13:51]  delete mode 100644 "Life/Calendula/Calendula/2026/\320\234\320\260\321\200\321\202/22-03-26/22.1-03-26 \320\241\320\276\321\206.md"
[2026-06-25 19:13:51]  delete mode 100644 "Life/Calendula/Calendula/2026/\320\234\320\260\321\200\321\202/22-03-26/22.2-03-26 \320\233\320\270\321\207\320\275\320\276\320\265.md"
[2026-06-25 19:13:51]  delete mode 100644 "Life/Calendula/Calendula/2026/\320\234\320\260\321\200\321\202/22-03-26/22.3-03-26 \320\234\321\213\321\201\320\273\320\270.md"
[2026-06-25 19:13:51]  delete mode 100644 "Life/Calendula/Calendula/2026/\320\234\320\260\321\200\321\202/23-03-26/23-03-26.md"
[2026-06-25 19:13:51]  delete mode 100644 "Life/Calendula/Calendula/2026/\320\234\320\260\321\200\321\202/23-03-26/23.1-03-26 \320\241\320\276\321\206.md"
[2026-06-25 19:13:51]  delete mode 100644 "Life/Calendula/Calendula/2026/\320\234\320\260\321\200\321\202/23-03-26/23.2-03-26 \320\233\320\270\321\207\320\275\320\276\320\265.md"
[2026-06-25 19:13:51]  delete mode 100644 "Life/Calendula/Calendula/2026/\320\234\320\260\321\200\321\202/23-03-26/23.3-03-26 \320\234\321\213\321\201\320\273\320\270.md"
[2026-06-25 19:13:51]  delete mode 100644 "Life/Calendula/Calendula/2026/\320\234\320\260\321\200\321\202/24-03-26/24-03-26.md"
[2026-06-25 19:13:51]  delete mode 100644 "Life/Calendula/Calendula/2026/\320\234\320\260\321\200\321\202/24-03-26/24.1-03-26 \320\241\320\276\321\206.md"
[2026-06-25 19:13:51]  delete mode 100644 "Life/Calendula/Calendula/2026/\320\234\320\260\321\200\321\202/24-03-26/24.2-03-26 \320\233\320\270\321\207\320\275\320\276\320\265.md"
[2026-06-25 19:13:51]  delete mode 100644 "Life/Calendula/Calendula/2026/\320\234\320\260\321\200\321\202/24-03-26/24.3-03-26 \320\234\321\213\321\201\320\273\320\270.md"
[2026-06-25 19:13:51]  delete mode 100644 "Life/Calendula/Calendula/2026/\320\234\320\260\321\200\321\202/25-03-26/25-03-26.md"
[2026-06-25 19:13:51]  delete mode 100644 "Life/Calendula/Calendula/2026/\320\234\320\260\321\200\321\202/25-03-26/25.1-03-26 \320\241\320\276\321\206.md"
[2026-06-25 19:13:51]  delete mode 100644 "Life/Calendula/Calendula/2026/\320\234\320\260\321\200\321\202/25-03-26/25.2-03-26 \320\233\320\270\321\207\320\275\320\276\320\265.md"
[2026-06-25 19:13:51]  delete mode 100644 "Life/Calendula/Calendula/2026/\320\234\320\260\321\200\321\202/25-03-26/25.3-03-26 \320\234\321\213\321\201\320\273\320\270.md"
[2026-06-25 19:13:51]  delete mode 100644 "Life/Calendula/Calendula/2026/\320\234\320\260\321\200\321\202/26-03-26/26-03-26.md"
[2026-06-25 19:13:51]  delete mode 100644 "Life/Calendula/Calendula/2026/\320\234\320\260\321\200\321\202/26-03-26/26.1-03-26 \320\241\320\276\321\206.md"
[2026-06-25 19:13:51]  delete mode 100644 "Life/Calendula/Calendula/2026/\320\234\320\260\321\200\321\202/26-03-26/26.2-03-26 \320\233\320\270\321\207\320\275\320\276\320\265.md"
[2026-06-25 19:13:51]  delete mode 100644 "Life/Calendula/Calendula/2026/\320\234\320\260\321\200\321\202/26-03-26/26.3-03-26 \320\234\321\213\321\201\320\273\320\270.md"
[2026-06-25 19:13:51]  delete mode 100644 "Life/Calendula/Calendula/2026/\320\234\320\260\321\200\321\202/27-03-26/27-03-26.md"
[2026-06-25 19:13:51]  delete mode 100644 "Life/Calendula/Calendula/2026/\320\234\320\260\321\200\321\202/27-03-26/27.1-03-26 \320\241\320\276\321\206.md"
[2026-06-25 19:13:51]  delete mode 100644 "Life/Calendula/Calendula/2026/\320\234\320\260\321\200\321\202/27-03-26/27.2-03-26 \320\233\320\270\321\207\320\275\320\276\320\265.md"
[2026-06-25 19:13:51]  delete mode 100644 "Life/Calendula/Calendula/2026/\320\234\320\260\321\200\321\202/27-03-26/27.3-03-26 \320\234\321\213\321\201\320\273\320\270.md"
[2026-06-25 19:13:51]  delete mode 100644 "Life/Calendula/Calendula/2026/\320\234\320\260\321\200\321\202/28-03-26/28-03-26.md"
[2026-06-25 19:13:51]  delete mode 100644 "Life/Calendula/Calendula/2026/\320\234\320\260\321\200\321\202/28-03-26/28.1-03-26 \320\241\320\276\321\206.md"
[2026-06-25 19:13:51]  delete mode 100644 "Life/Calendula/Calendula/2026/\320\234\320\260\321\200\321\202/28-03-26/28.2-03-26 \320\233\320\270\321\207\320\275\320\276\320\265.md"
[2026-06-25 19:13:51]  delete mode 100644 "Life/Calendula/Calendula/2026/\320\234\320\260\321\200\321\202/28-03-26/28.3-03-26 \320\234\321\213\321\201\320\273\320\270.md"
[2026-06-25 19:13:51]  delete mode 100644 "Life/Calendula/Calendula/2026/\320\234\320\260\321\200\321\202/29-03-26/29-03-26.md"
[2026-06-25 19:13:51]  delete mode 100644 "Life/Calendula/Calendula/2026/\320\234\320\260\321\200\321\202/29-03-26/29.1-03-26 \320\241\320\276\321\206.md"
[2026-06-25 19:13:51]  delete mode 100644 "Life/Calendula/Calendula/2026/\320\234\320\260\321\200\321\202/29-03-26/29.2-03-26 \320\233\320\270\321\207\320\275\320\276\320\265.md"
[2026-06-25 19:13:51]  delete mode 100644 "Life/Calendula/Calendula/2026/\320\234\320\260\321\200\321\202/29-03-26/29.3-03-26 \320\234\321\213\321\201\320\273\320\270.md"
[2026-06-25 19:13:51]  delete mode 100644 "Life/Calendula/Calendula/2026/\320\234\320\260\321\200\321\202/30-03-26/30-03-26.md"
[2026-06-25 19:13:51]  delete mode 100644 "Life/Calendula/Calendula/2026/\320\234\320\260\321\200\321\202/30-03-26/30.1-03-26 \320\241\320\276\321\206.md"
[2026-06-25 19:13:51]  delete mode 100644 "Life/Calendula/Calendula/2026/\320\234\320\260\321\200\321\202/30-03-26/30.2-03-26 \320\233\320\270\321\207\320\275\320\276\320\265.md"
[2026-06-25 19:13:51]  delete mode 100644 "Life/Calendula/Calendula/2026/\320\234\320\260\321\200\321\202/30-03-26/30.3-03-26 \320\234\321\213\321\201\320\273\320\270.md"
[2026-06-25 19:13:51]  delete mode 100644 "Life/Calendula/Calendula/2026/\320\234\320\260\321\200\321\202/31-03-26/31-03-26.md"
[2026-06-25 19:13:51]  delete mode 100644 "Life/Calendula/Calendula/2026/\320\234\320\260\321\200\321\202/31-03-26/31.1-03-26 \320\241\320\276\321\206.md"
[2026-06-25 19:13:51]  delete mode 100644 "Life/Calendula/Calendula/2026/\320\234\320\260\321\200\321\202/31-03-26/31.2-03-26 \320\233\320\270\321\207\320\275\320\276\320\265.md"
[2026-06-25 19:13:51]  delete mode 100644 "Life/Calendula/Calendula/2026/\320\234\320\260\321\200\321\202/31-03-26/31.3-03-26 \320\234\321\213\321\201\320\273\320\270.md"
[2026-06-25 19:13:51]  delete mode 100644 "Life/Calendula/Calendula/2026/\320\234\320\260\321\200\321\202/\320\234\320\260\321\200\321\20226.md"
[2026-06-25 19:13:51]  delete mode 100644 "Life/Calendula/Calendula/2026/\320\235\320\276\321\217\320\261\321\200\321\214/01-11-26/01-11-26.md"
[2026-06-25 19:13:51]  delete mode 100644 "Life/Calendula/Calendula/2026/\320\235\320\276\321\217\320\261\321\200\321\214/01-11-26/01.1-11-26 \320\241\320\276\321\206.md"
[2026-06-25 19:13:51]  delete mode 100644 "Life/Calendula/Calendula/2026/\320\235\320\276\321\217\320\261\321\200\321\214/01-11-26/01.2-11-26 \320\233\320\270\321\207\320\275\320\276\320\265.md"
[2026-06-25 19:13:51]  delete mode 100644 "Life/Calendula/Calendula/2026/\320\235\320\276\321\217\320\261\321\200\321\214/01-11-26/01.3-11-26 \320\234\321\213\321\201\320\273\320\270.md"
[2026-06-25 19:13:51]  delete mode 100644 "Life/Calendula/Calendula/2026/\320\235\320\276\321\217\320\261\321\200\321\214/02-11-26/02-11-26.md"
[2026-06-25 19:13:51]  delete mode 100644 "Life/Calendula/Calendula/2026/\320\235\320\276\321\217\320\261\321\200\321\214/02-11-26/02.1-11-26 \320\241\320\276\321\206.md"
[2026-06-25 19:13:51]  delete mode 100644 "Life/Calendula/Calendula/2026/\320\235\320\276\321\217\320\261\321\200\321\214/02-11-26/02.2-11-26 \320\233\320\270\321\207\320\275\320\276\320\265.md"
[2026-06-25 19:13:51]  delete mode 100644 "Life/Calendula/Calendula/2026/\320\235\320\276\321\217\320\261\321\200\321\214/02-11-26/02.3-11-26 \320\234\321\213\321\201\320\273\320\270.md"
[2026-06-25 19:13:51]  delete mode 100644 "Life/Calendula/Calendula/2026/\320\235\320\276\321\217\320\261\321\200\321\214/03-11-26/03-11-26.md"
[2026-06-25 19:13:51]  delete mode 100644 "Life/Calendula/Calendula/2026/\320\235\320\276\321\217\320\261\321\200\321\214/03-11-26/03.1-11-26 \320\241\320\276\321\206.md"
[2026-06-25 19:13:51]  delete mode 100644 "Life/Calendula/Calendula/2026/\320\235\320\276\321\217\320\261\321\200\321\214/03-11-26/03.2-11-26 \320\233\320\270\321\207\320\275\320\276\320\265.md"
[2026-06-25 19:13:51]  delete mode 100644 "Life/Calendula/Calendula/2026/\320\235\320\276\321\217\320\261\321\200\321\214/03-11-26/03.3-11-26 \320\234\321\213\321\201\320\273\320\270.md"
[2026-06-25 19:13:51]  delete mode 100644 "Life/Calendula/Calendula/2026/\320\235\320\276\321\217\320\261\321\200\321\214/04-11-26/04-11-26.md"
[2026-06-25 19:13:51]  delete mode 100644 "Life/Calendula/Calendula/2026/\320\235\320\276\321\217\320\261\321\200\321\214/04-11-26/04.1-11-26 \320\241\320\276\321\206.md"
[2026-06-25 19:13:51]  delete mode 100644 "Life/Calendula/Calendula/2026/\320\235\320\276\321\217\320\261\321\200\321\214/04-11-26/04.2-11-26 \320\233\320\270\321\207\320\275\320\276\320\265.md"
[2026-06-25 19:13:51]  delete mode 100644 "Life/Calendula/Calendula/2026/\320\235\320\276\321\217\320\261\321\200\321\214/04-11-26/04.3-11-26 \320\234\321\213\321\201\320\273\320\270.md"
[2026-06-25 19:13:51]  delete mode 100644 "Life/Calendula/Calendula/2026/\320\235\320\276\321\217\320\261\321\200\321\214/05-11-26/05-11-26.md"
[2026-06-25 19:13:51]  delete mode 100644 "Life/Calendula/Calendula/2026/\320\235\320\276\321\217\320\261\321\200\321\214/05-11-26/05.1-11-26 \320\241\320\276\321\206.md"
[2026-06-25 19:13:51]  delete mode 100644 "Life/Calendula/Calendula/2026/\320\235\320\276\321\217\320\261\321\200\321\214/05-11-26/05.2-11-26 \320\233\320\270\321\207\320\275\320\276\320\265.md"
[2026-06-25 19:13:51]  delete mode 100644 "Life/Calendula/Calendula/2026/\320\235\320\276\321\217\320\261\321\200\321\214/05-11-26/05.3-11-26 \320\234\321\213\321\201\320\273\320\270.md"
[2026-06-25 19:13:51]  delete mode 100644 "Life/Calendula/Calendula/2026/\320\235\320\276\321\217\320\261\321\200\321\214/06-11-26/06-11-26.md"
[2026-06-25 19:13:51]  delete mode 100644 "Life/Calendula/Calendula/2026/\320\235\320\276\321\217\320\261\321\200\321\214/06-11-26/06.1-11-26 \320\241\320\276\321\206.md"
[2026-06-25 19:13:51]  delete mode 100644 "Life/Calendula/Calendula/2026/\320\235\320\276\321\217\320\261\321\200\321\214/06-11-26/06.2-11-26 \320\233\320\270\321\207\320\275\320\276\320\265.md"
[2026-06-25 19:13:51]  delete mode 100644 "Life/Calendula/Calendula/2026/\320\235\320\276\321\217\320\261\321\200\321\214/06-11-26/06.3-11-26 \320\234\321\213\321\201\320\273\320\270.md"
[2026-06-25 19:13:51]  delete mode 100644 "Life/Calendula/Calendula/2026/\320\235\320\276\321\217\320\261\321\200\321\214/07-11-26/07-11-26.md"
[2026-06-25 19:13:51]  delete mode 100644 "Life/Calendula/Calendula/2026/\320\235\320\276\321\217\320\261\321\200\321\214/07-11-26/07.1-11-26 \320\241\320\276\321\206.md"
[2026-06-25 19:13:51]  delete mode 100644 "Life/Calendula/Calendula/2026/\320\235\320\276\321\217\320\261\321\200\321\214/07-11-26/07.2-11-26 \320\233\320\270\321\207\320\275\320\276\320\265.md"
[2026-06-25 19:13:51]  delete mode 100644 "Life/Calendula/Calendula/2026/\320\235\320\276\321\217\320\261\321\200\321\214/07-11-26/07.3-11-26 \320\234\321\213\321\201\320\273\320\270.md"
[2026-06-25 19:13:51]  delete mode 100644 "Life/Calendula/Calendula/2026/\320\235\320\276\321\217\320\261\321\200\321\214/08-11-26/08-11-26.md"
[2026-06-25 19:13:51]  delete mode 100644 "Life/Calendula/Calendula/2026/\320\235\320\276\321\217\320\261\321\200\321\214/08-11-26/08.1-11-26 \320\241\320\276\321\206.md"
[2026-06-25 19:13:51]  delete mode 100644 "Life/Calendula/Calendula/2026/\320\235\320\276\321\217\320\261\321\200\321\214/08-11-26/08.2-11-26 \320\233\320\270\321\207\320\275\320\276\320\265.md"
[2026-06-25 19:13:51]  delete mode 100644 "Life/Calendula/Calendula/2026/\320\235\320\276\321\217\320\261\321\200\321\214/08-11-26/08.3-11-26 \320\234\321\213\321\201\320\273\320\270.md"
[2026-06-25 19:13:51]  delete mode 100644 "Life/Calendula/Calendula/2026/\320\235\320\276\321\217\320\261\321\200\321\214/09-11-26/09-11-26.md"
[2026-06-25 19:13:51]  delete mode 100644 "Life/Calendula/Calendula/2026/\320\235\320\276\321\217\320\261\321\200\321\214/09-11-26/09.1-11-26 \320\241\320\276\321\206.md"
[2026-06-25 19:13:51]  delete mode 100644 "Life/Calendula/Calendula/2026/\320\235\320\276\321\217\320\261\321\200\321\214/09-11-26/09.2-11-26 \320\233\320\270\321\207\320\275\320\276\320\265.md"
[2026-06-25 19:13:51]  delete mode 100644 "Life/Calendula/Calendula/2026/\320\235\320\276\321\217\320\261\321\200\321\214/09-11-26/09.3-11-26 \320\234\321\213\321\201\320\273\320\270.md"
[2026-06-25 19:13:51]  delete mode 100644 "Life/Calendula/Calendula/2026/\320\235\320\276\321\217\320\261\321\200\321\214/10-11-26/10-11-26.md"
[2026-06-25 19:13:51]  delete mode 100644 "Life/Calendula/Calendula/2026/\320\235\320\276\321\217\320\261\321\200\321\214/10-11-26/10.1-11-26 \320\241\320\276\321\206.md"
[2026-06-25 19:13:51]  delete mode 100644 "Life/Calendula/Calendula/2026/\320\235\320\276\321\217\320\261\321\200\321\214/10-11-26/10.2-11-26 \320\233\320\270\321\207\320\275\320\276\320\265.md"
[2026-06-25 19:13:51]  delete mode 100644 "Life/Calendula/Calendula/2026/\320\235\320\276\321\217\320\261\321\200\321\214/10-11-26/10.3-11-26 \320\234\321\213\321\201\320\273\320\270.md"
[2026-06-25 19:13:51]  delete mode 100644 "Life/Calendula/Calendula/2026/\320\235\320\276\321\217\320\261\321\200\321\214/11-11-26/11-11-26.md"
[2026-06-25 19:13:51]  delete mode 100644 "Life/Calendula/Calendula/2026/\320\235\320\276\321\217\320\261\321\200\321\214/11-11-26/11.1-11-26 \320\241\320\276\321\206.md"
[2026-06-25 19:13:51]  delete mode 100644 "Life/Calendula/Calendula/2026/\320\235\320\276\321\217\320\261\321\200\321\214/11-11-26/11.2-11-26 \320\233\320\270\321\207\320\275\320\276\320\265.md"
[2026-06-25 19:13:51]  delete mode 100644 "Life/Calendula/Calendula/2026/\320\235\320\276\321\217\320\261\321\200\321\214/11-11-26/11.3-11-26 \320\234\321\213\321\201\320\273\320\270.md"
[2026-06-25 19:13:51]  delete mode 100644 "Life/Calendula/Calendula/2026/\320\235\320\276\321\217\320\261\321\200\321\214/12-11-26/12-11-26.md"
[2026-06-25 19:13:51]  delete mode 100644 "Life/Calendula/Calendula/2026/\320\235\320\276\321\217\320\261\321\200\321\214/12-11-26/12.1-11-26 \320\241\320\276\321\206.md"
[2026-06-25 19:13:51]  delete mode 100644 "Life/Calendula/Calendula/2026/\320\235\320\276\321\217\320\261\321\200\321\214/12-11-26/12.2-11-26 \320\233\320\270\321\207\320\275\320\276\320\265.md"
[2026-06-25 19:13:51]  delete mode 100644 "Life/Calendula/Calendula/2026/\320\235\320\276\321\217\320\261\321\200\321\214/12-11-26/12.3-11-26 \320\234\321\213\321\201\320\273\320\270.md"
[2026-06-25 19:13:51]  delete mode 100644 "Life/Calendula/Calendula/2026/\320\235\320\276\321\217\320\261\321\200\321\214/13-11-26/13-11-26.md"
[2026-06-25 19:13:51]  delete mode 100644 "Life/Calendula/Calendula/2026/\320\235\320\276\321\217\320\261\321\200\321\214/13-11-26/13.1-11-26 \320\241\320\276\321\206.md"
[2026-06-25 19:13:51]  delete mode 100644 "Life/Calendula/Calendula/2026/\320\235\320\276\321\217\320\261\321\200\321\214/13-11-26/13.2-11-26 \320\233\320\270\321\207\320\275\320\276\320\265.md"
[2026-06-25 19:13:51]  delete mode 100644 "Life/Calendula/Calendula/2026/\320\235\320\276\321\217\320\261\321\200\321\214/13-11-26/13.3-11-26 \320\234\321\213\321\201\320\273\320\270.md"
[2026-06-25 19:13:51]  delete mode 100644 "Life/Calendula/Calendula/2026/\320\235\320\276\321\217\320\261\321\200\321\214/14-11-26/14-11-26.md"
[2026-06-25 19:13:51]  delete mode 100644 "Life/Calendula/Calendula/2026/\320\235\320\276\321\217\320\261\321\200\321\214/14-11-26/14.1-11-26 \320\241\320\276\321\206.md"
[2026-06-25 19:13:51]  delete mode 100644 "Life/Calendula/Calendula/2026/\320\235\320\276\321\217\320\261\321\200\321\214/14-11-26/14.2-11-26 \320\233\320\270\321\207\320\275\320\276\320\265.md"
[2026-06-25 19:13:51]  delete mode 100644 "Life/Calendula/Calendula/2026/\320\235\320\276\321\217\320\261\321\200\321\214/14-11-26/14.3-11-26 \320\234\321\213\321\201\320\273\320\270.md"
[2026-06-25 19:13:51]  delete mode 100644 "Life/Calendula/Calendula/2026/\320\235\320\276\321\217\320\261\321\200\321\214/15-11-26/15-11-26.md"
[2026-06-25 19:13:51]  delete mode 100644 "Life/Calendula/Calendula/2026/\320\235\320\276\321\217\320\261\321\200\321\214/15-11-26/15.1-11-26 \320\241\320\276\321\206.md"
[2026-06-25 19:13:51]  delete mode 100644 "Life/Calendula/Calendula/2026/\320\235\320\276\321\217\320\261\321\200\321\214/15-11-26/15.2-11-26 \320\233\320\270\321\207\320\275\320\276\320\265.md"
[2026-06-25 19:13:51]  delete mode 100644 "Life/Calendula/Calendula/2026/\320\235\320\276\321\217\320\261\321\200\321\214/15-11-26/15.3-11-26 \320\234\321\213\321\201\320\273\320\270.md"
[2026-06-25 19:13:51]  delete mode 100644 "Life/Calendula/Calendula/2026/\320\235\320\276\321\217\320\261\321\200\321\214/16-11-26/16-11-26.md"
[2026-06-25 19:13:51]  delete mode 100644 "Life/Calendula/Calendula/2026/\320\235\320\276\321\217\320\261\321\200\321\214/16-11-26/16.1-11-26 \320\241\320\276\321\206.md"
[2026-06-25 19:13:51]  delete mode 100644 "Life/Calendula/Calendula/2026/\320\235\320\276\321\217\320\261\321\200\321\214/16-11-26/16.2-11-26 \320\233\320\270\321\207\320\275\320\276\320\265.md"
[2026-06-25 19:13:51]  delete mode 100644 "Life/Calendula/Calendula/2026/\320\235\320\276\321\217\320\261\321\200\321\214/16-11-26/16.3-11-26 \320\234\321\213\321\201\320\273\320\270.md"
[2026-06-25 19:13:51]  delete mode 100644 "Life/Calendula/Calendula/2026/\320\235\320\276\321\217\320\261\321\200\321\214/17-11-26/17-11-26.md"
[2026-06-25 19:13:51]  delete mode 100644 "Life/Calendula/Calendula/2026/\320\235\320\276\321\217\320\261\321\200\321\214/17-11-26/17.1-11-26 \320\241\320\276\321\206.md"
[2026-06-25 19:13:51]  delete mode 100644 "Life/Calendula/Calendula/2026/\320\235\320\276\321\217\320\261\321\200\321\214/17-11-26/17.2-11-26 \320\233\320\270\321\207\320\275\320\276\320\265.md"
[2026-06-25 19:13:51]  delete mode 100644 "Life/Calendula/Calendula/2026/\320\235\320\276\321\217\320\261\321\200\321\214/17-11-26/17.3-11-26 \320\234\321\213\321\201\320\273\320\270.md"
[2026-06-25 19:13:51]  delete mode 100644 "Life/Calendula/Calendula/2026/\320\235\320\276\321\217\320\261\321\200\321\214/18-11-26/18-11-26.md"
[2026-06-25 19:13:51]  delete mode 100644 "Life/Calendula/Calendula/2026/\320\235\320\276\321\217\320\261\321\200\321\214/18-11-26/18.1-11-26 \320\241\320\276\321\206.md"
[2026-06-25 19:13:51]  delete mode 100644 "Life/Calendula/Calendula/2026/\320\235\320\276\321\217\320\261\321\200\321\214/18-11-26/18.2-11-26 \320\233\320\270\321\207\320\275\320\276\320\265.md"
[2026-06-25 19:13:51]  delete mode 100644 "Life/Calendula/Calendula/2026/\320\235\320\276\321\217\320\261\321\200\321\214/18-11-26/18.3-11-26 \320\234\321\213\321\201\320\273\320\270.md"
[2026-06-25 19:13:51]  delete mode 100644 "Life/Calendula/Calendula/2026/\320\235\320\276\321\217\320\261\321\200\321\214/19-11-26/19-11-26.md"
[2026-06-25 19:13:51]  delete mode 100644 "Life/Calendula/Calendula/2026/\320\235\320\276\321\217\320\261\321\200\321\214/19-11-26/19.1-11-26 \320\241\320\276\321\206.md"
[2026-06-25 19:13:51]  delete mode 100644 "Life/Calendula/Calendula/2026/\320\235\320\276\321\217\320\261\321\200\321\214/19-11-26/19.2-11-26 \320\233\320\270\321\207\320\275\320\276\320\265.md"
[2026-06-25 19:13:51]  delete mode 100644 "Life/Calendula/Calendula/2026/\320\235\320\276\321\217\320\261\321\200\321\214/19-11-26/19.3-11-26 \320\234\321\213\321\201\320\273\320\270.md"
[2026-06-25 19:13:51]  delete mode 100644 "Life/Calendula/Calendula/2026/\320\235\320\276\321\217\320\261\321\200\321\214/20-11-26/20-11-26.md"
[2026-06-25 19:13:51]  delete mode 100644 "Life/Calendula/Calendula/2026/\320\235\320\276\321\217\320\261\321\200\321\214/20-11-26/20.1-11-26 \320\241\320\276\321\206.md"
[2026-06-25 19:13:51]  delete mode 100644 "Life/Calendula/Calendula/2026/\320\235\320\276\321\217\320\261\321\200\321\214/20-11-26/20.2-11-26 \320\233\320\270\321\207\320\275\320\276\320\265.md"
[2026-06-25 19:13:51]  delete mode 100644 "Life/Calendula/Calendula/2026/\320\235\320\276\321\217\320\261\321\200\321\214/20-11-26/20.3-11-26 \320\234\321\213\321\201\320\273\320\270.md"
[2026-06-25 19:13:51]  delete mode 100644 "Life/Calendula/Calendula/2026/\320\235\320\276\321\217\320\261\321\200\321\214/21-11-26/21-11-26.md"
[2026-06-25 19:13:51]  delete mode 100644 "Life/Calendula/Calendula/2026/\320\235\320\276\321\217\320\261\321\200\321\214/21-11-26/21.1-11-26 \320\241\320\276\321\206.md"
[2026-06-25 19:13:51]  delete mode 100644 "Life/Calendula/Calendula/2026/\320\235\320\276\321\217\320\261\321\200\321\214/21-11-26/21.2-11-26 \320\233\320\270\321\207\320\275\320\276\320\265.md"
[2026-06-25 19:13:51]  delete mode 100644 "Life/Calendula/Calendula/2026/\320\235\320\276\321\217\320\261\321\200\321\214/21-11-26/21.3-11-26 \320\234\321\213\321\201\320\273\320\270.md"
[2026-06-25 19:13:51]  delete mode 100644 "Life/Calendula/Calendula/2026/\320\235\320\276\321\217\320\261\321\200\321\214/22-11-26/22-11-26.md"
[2026-06-25 19:13:51]  delete mode 100644 "Life/Calendula/Calendula/2026/\320\235\320\276\321\217\320\261\321\200\321\214/22-11-26/22.1-11-26 \320\241\320\276\321\206.md"
[2026-06-25 19:13:51]  delete mode 100644 "Life/Calendula/Calendula/2026/\320\235\320\276\321\217\320\261\321\200\321\214/22-11-26/22.2-11-26 \320\233\320\270\321\207\320\275\320\276\320\265.md"
[2026-06-25 19:13:51]  delete mode 100644 "Life/Calendula/Calendula/2026/\320\235\320\276\321\217\320\261\321\200\321\214/22-11-26/22.3-11-26 \320\234\321\213\321\201\320\273\320\270.md"
[2026-06-25 19:13:51]  delete mode 100644 "Life/Calendula/Calendula/2026/\320\235\320\276\321\217\320\261\321\200\321\214/23-11-26/23-11-26.md"
[2026-06-25 19:13:51]  delete mode 100644 "Life/Calendula/Calendula/2026/\320\235\320\276\321\217\320\261\321\200\321\214/23-11-26/23.1-11-26 \320\241\320\276\321\206.md"
[2026-06-25 19:13:51]  delete mode 100644 "Life/Calendula/Calendula/2026/\320\235\320\276\321\217\320\261\321\200\321\214/23-11-26/23.2-11-26 \320\233\320\270\321\207\320\275\320\276\320\265.md"
[2026-06-25 19:13:51]  delete mode 100644 "Life/Calendula/Calendula/2026/\320\235\320\276\321\217\320\261\321\200\321\214/23-11-26/23.3-11-26 \320\234\321\213\321\201\320\273\320\270.md"
[2026-06-25 19:13:51]  delete mode 100644 "Life/Calendula/Calendula/2026/\320\235\320\276\321\217\320\261\321\200\321\214/24-11-26/24-11-26.md"
[2026-06-25 19:13:51]  delete mode 100644 "Life/Calendula/Calendula/2026/\320\235\320\276\321\217\320\261\321\200\321\214/24-11-26/24.1-11-26 \320\241\320\276\321\206.md"
[2026-06-25 19:13:51]  delete mode 100644 "Life/Calendula/Calendula/2026/\320\235\320\276\321\217\320\261\321\200\321\214/24-11-26/24.2-11-26 \320\233\320\270\321\207\320\275\320\276\320\265.md"
[2026-06-25 19:13:51]  delete mode 100644 "Life/Calendula/Calendula/2026/\320\235\320\276\321\217\320\261\321\200\321\214/24-11-26/24.3-11-26 \320\234\321\213\321\201\320\273\320\270.md"
[2026-06-25 19:13:51]  delete mode 100644 "Life/Calendula/Calendula/2026/\320\235\320\276\321\217\320\261\321\200\321\214/25-11-26/25-11-26.md"
[2026-06-25 19:13:51]  delete mode 100644 "Life/Calendula/Calendula/2026/\320\235\320\276\321\217\320\261\321\200\321\214/25-11-26/25.1-11-26 \320\241\320\276\321\206.md"
[2026-06-25 19:13:51]  delete mode 100644 "Life/Calendula/Calendula/2026/\320\235\320\276\321\217\320\261\321\200\321\214/25-11-26/25.2-11-26 \320\233\320\270\321\207\320\275\320\276\320\265.md"
[2026-06-25 19:13:51]  delete mode 100644 "Life/Calendula/Calendula/2026/\320\235\320\276\321\217\320\261\321\200\321\214/25-11-26/25.3-11-26 \320\234\321\213\321\201\320\273\320\270.md"
[2026-06-25 19:13:51]  delete mode 100644 "Life/Calendula/Calendula/2026/\320\235\320\276\321\217\320\261\321\200\321\214/26-11-26/26-11-26.md"
[2026-06-25 19:13:51]  delete mode 100644 "Life/Calendula/Calendula/2026/\320\235\320\276\321\217\320\261\321\200\321\214/26-11-26/26.1-11-26 \320\241\320\276\321\206.md"
[2026-06-25 19:13:51]  delete mode 100644 "Life/Calendula/Calendula/2026/\320\235\320\276\321\217\320\261\321\200\321\214/26-11-26/26.2-11-26 \320\233\320\270\321\207\320\275\320\276\320\265.md"
[2026-06-25 19:13:51]  delete mode 100644 "Life/Calendula/Calendula/2026/\320\235\320\276\321\217\320\261\321\200\321\214/26-11-26/26.3-11-26 \320\234\321\213\321\201\320\273\320\270.md"
[2026-06-25 19:13:51]  delete mode 100644 "Life/Calendula/Calendula/2026/\320\235\320\276\321\217\320\261\321\200\321\214/27-11-26/27-11-26.md"
[2026-06-25 19:13:51]  delete mode 100644 "Life/Calendula/Calendula/2026/\320\235\320\276\321\217\320\261\321\200\321\214/27-11-26/27.1-11-26 \320\241\320\276\321\206.md"
[2026-06-25 19:13:51]  delete mode 100644 "Life/Calendula/Calendula/2026/\320\235\320\276\321\217\320\261\321\200\321\214/27-11-26/27.2-11-26 \320\233\320\270\321\207\320\275\320\276\320\265.md"
[2026-06-25 19:13:51]  delete mode 100644 "Life/Calendula/Calendula/2026/\320\235\320\276\321\217\320\261\321\200\321\214/27-11-26/27.3-11-26 \320\234\321\213\321\201\320\273\320\270.md"
[2026-06-25 19:13:51]  delete mode 100644 "Life/Calendula/Calendula/2026/\320\235\320\276\321\217\320\261\321\200\321\214/28-11-26/28-11-26.md"
[2026-06-25 19:13:51]  delete mode 100644 "Life/Calendula/Calendula/2026/\320\235\320\276\321\217\320\261\321\200\321\214/28-11-26/28.1-11-26 \320\241\320\276\321\206.md"
[2026-06-25 19:13:51]  delete mode 100644 "Life/Calendula/Calendula/2026/\320\235\320\276\321\217\320\261\321\200\321\214/28-11-26/28.2-11-26 \320\233\320\270\321\207\320\275\320\276\320\265.md"
[2026-06-25 19:13:51]  delete mode 100644 "Life/Calendula/Calendula/2026/\320\235\320\276\321\217\320\261\321\200\321\214/28-11-26/28.3-11-26 \320\234\321\213\321\201\320\273\320\270.md"
[2026-06-25 19:13:51]  delete mode 100644 "Life/Calendula/Calendula/2026/\320\235\320\276\321\217\320\261\321\200\321\214/29-11-26/29-11-26.md"
[2026-06-25 19:13:51]  delete mode 100644 "Life/Calendula/Calendula/2026/\320\235\320\276\321\217\320\261\321\200\321\214/29-11-26/29.1-11-26 \320\241\320\276\321\206.md"
[2026-06-25 19:13:51]  delete mode 100644 "Life/Calendula/Calendula/2026/\320\235\320\276\321\217\320\261\321\200\321\214/29-11-26/29.2-11-26 \320\233\320\270\321\207\320\275\320\276\320\265.md"
[2026-06-25 19:13:51]  delete mode 100644 "Life/Calendula/Calendula/2026/\320\235\320\276\321\217\320\261\321\200\321\214/29-11-26/29.3-11-26 \320\234\321\213\321\201\320\273\320\270.md"
[2026-06-25 19:13:51]  delete mode 100644 "Life/Calendula/Calendula/2026/\320\235\320\276\321\217\320\261\321\200\321\214/30-11-26/30-11-26.md"
[2026-06-25 19:13:51]  delete mode 100644 "Life/Calendula/Calendula/2026/\320\235\320\276\321\217\320\261\321\200\321\214/30-11-26/30.1-11-26 \320\241\320\276\321\206.md"
[2026-06-25 19:13:51]  delete mode 100644 "Life/Calendula/Calendula/2026/\320\235\320\276\321\217\320\261\321\200\321\214/30-11-26/30.2-11-26 \320\233\320\270\321\207\320\275\320\276\320\265.md"
[2026-06-25 19:13:51]  delete mode 100644 "Life/Calendula/Calendula/2026/\320\235\320\276\321\217\320\261\321\200\321\214/30-11-26/30.3-11-26 \320\234\321\213\321\201\320\273\320\270.md"
[2026-06-25 19:13:51]  delete mode 100644 "Life/Calendula/Calendula/2026/\320\236\320\272\321\202\321\217\320\261\321\200\321\214/01-10-26/01-10-26.md"
[2026-06-25 19:13:51]  delete mode 100644 "Life/Calendula/Calendula/2026/\320\236\320\272\321\202\321\217\320\261\321\200\321\214/01-10-26/01.1-10-26 \320\241\320\276\321\206.md"
[2026-06-25 19:13:51]  delete mode 100644 "Life/Calendula/Calendula/2026/\320\236\320\272\321\202\321\217\320\261\321\200\321\214/01-10-26/01.2-10-26 \320\233\320\270\321\207\320\275\320\276\320\265.md"
[2026-06-25 19:13:51]  delete mode 100644 "Life/Calendula/Calendula/2026/\320\236\320\272\321\202\321\217\320\261\321\200\321\214/01-10-26/01.3-10-26 \320\234\321\213\321\201\320\273\320\270.md"
[2026-06-25 19:13:51]  delete mode 100644 "Life/Calendula/Calendula/2026/\320\236\320\272\321\202\321\217\320\261\321\200\321\214/02-10-26/02-10-26.md"
[2026-06-25 19:13:51]  delete mode 100644 "Life/Calendula/Calendula/2026/\320\236\320\272\321\202\321\217\320\261\321\200\321\214/02-10-26/02.1-10-26 \320\241\320\276\321\206.md"
[2026-06-25 19:13:51]  delete mode 100644 "Life/Calendula/Calendula/2026/\320\236\320\272\321\202\321\217\320\261\321\200\321\214/02-10-26/02.2-10-26 \320\233\320\270\321\207\320\275\320\276\320\265.md"
[2026-06-25 19:13:51]  delete mode 100644 "Life/Calendula/Calendula/2026/\320\236\320\272\321\202\321\217\320\261\321\200\321\214/02-10-26/02.3-10-26 \320\234\321\213\321\201\320\273\320\270.md"
[2026-06-25 19:13:51]  delete mode 100644 "Life/Calendula/Calendula/2026/\320\236\320\272\321\202\321\217\320\261\321\200\321\214/03-10-26/03-10-26.md"
[2026-06-25 19:13:51]  delete mode 100644 "Life/Calendula/Calendula/2026/\320\236\320\272\321\202\321\217\320\261\321\200\321\214/03-10-26/03.1-10-26 \320\241\320\276\321\206.md"
[2026-06-25 19:13:51]  delete mode 100644 "Life/Calendula/Calendula/2026/\320\236\320\272\321\202\321\217\320\261\321\200\321\214/03-10-26/03.2-10-26 \320\233\320\270\321\207\320\275\320\276\320\265.md"
[2026-06-25 19:13:51]  delete mode 100644 "Life/Calendula/Calendula/2026/\320\236\320\272\321\202\321\217\320\261\321\200\321\214/03-10-26/03.3-10-26 \320\234\321\213\321\201\320\273\320\270.md"
[2026-06-25 19:13:51]  delete mode 100644 "Life/Calendula/Calendula/2026/\320\236\320\272\321\202\321\217\320\261\321\200\321\214/04-10-26/04-10-26.md"
[2026-06-25 19:13:51]  delete mode 100644 "Life/Calendula/Calendula/2026/\320\236\320\272\321\202\321\217\320\261\321\200\321\214/04-10-26/04.1-10-26 \320\241\320\276\321\206.md"
[2026-06-25 19:13:51]  delete mode 100644 "Life/Calendula/Calendula/2026/\320\236\320\272\321\202\321\217\320\261\321\200\321\214/04-10-26/04.2-10-26 \320\233\320\270\321\207\320\275\320\276\320\265.md"
[2026-06-25 19:13:51]  delete mode 100644 "Life/Calendula/Calendula/2026/\320\236\320\272\321\202\321\217\320\261\321\200\321\214/04-10-26/04.3-10-26 \320\234\321\213\321\201\320\273\320\270.md"
[2026-06-25 19:13:51]  delete mode 100644 "Life/Calendula/Calendula/2026/\320\236\320\272\321\202\321\217\320\261\321\200\321\214/05-10-26/05-10-26.md"
[2026-06-25 19:13:51]  delete mode 100644 "Life/Calendula/Calendula/2026/\320\236\320\272\321\202\321\217\320\261\321\200\321\214/05-10-26/05.1-10-26 \320\241\320\276\321\206.md"
[2026-06-25 19:13:51]  delete mode 100644 "Life/Calendula/Calendula/2026/\320\236\320\272\321\202\321\217\320\261\321\200\321\214/05-10-26/05.2-10-26 \320\233\320\270\321\207\320\275\320\276\320\265.md"
[2026-06-25 19:13:51]  delete mode 100644 "Life/Calendula/Calendula/2026/\320\236\320\272\321\202\321\217\320\261\321\200\321\214/05-10-26/05.3-10-26 \320\234\321\213\321\201\320\273\320\270.md"
[2026-06-25 19:13:51]  delete mode 100644 "Life/Calendula/Calendula/2026/\320\236\320\272\321\202\321\217\320\261\321\200\321\214/06-10-26/06-10-26.md"
[2026-06-25 19:13:51]  delete mode 100644 "Life/Calendula/Calendula/2026/\320\236\320\272\321\202\321\217\320\261\321\200\321\214/06-10-26/06.1-10-26 \320\241\320\276\321\206.md"
[2026-06-25 19:13:51]  delete mode 100644 "Life/Calendula/Calendula/2026/\320\236\320\272\321\202\321\217\320\261\321\200\321\214/06-10-26/06.2-10-26 \320\233\320\270\321\207\320\275\320\276\320\265.md"
[2026-06-25 19:13:51]  delete mode 100644 "Life/Calendula/Calendula/2026/\320\236\320\272\321\202\321\217\320\261\321\200\321\214/06-10-26/06.3-10-26 \320\234\321\213\321\201\320\273\320\270.md"
[2026-06-25 19:13:51]  delete mode 100644 "Life/Calendula/Calendula/2026/\320\236\320\272\321\202\321\217\320\261\321\200\321\214/07-10-26/07-10-26.md"
[2026-06-25 19:13:51]  delete mode 100644 "Life/Calendula/Calendula/2026/\320\236\320\272\321\202\321\217\320\261\321\200\321\214/07-10-26/07.1-10-26 \320\241\320\276\321\206.md"
[2026-06-25 19:13:51]  delete mode 100644 "Life/Calendula/Calendula/2026/\320\236\320\272\321\202\321\217\320\261\321\200\321\214/07-10-26/07.2-10-26 \320\233\320\270\321\207\320\275\320\276\320\265.md"
[2026-06-25 19:13:51]  delete mode 100644 "Life/Calendula/Calendula/2026/\320\236\320\272\321\202\321\217\320\261\321\200\321\214/07-10-26/07.3-10-26 \320\234\321\213\321\201\320\273\320\270.md"
[2026-06-25 19:13:51]  delete mode 100644 "Life/Calendula/Calendula/2026/\320\236\320\272\321\202\321\217\320\261\321\200\321\214/08-10-26/08-10-26.md"
[2026-06-25 19:13:51]  delete mode 100644 "Life/Calendula/Calendula/2026/\320\236\320\272\321\202\321\217\320\261\321\200\321\214/08-10-26/08.1-10-26 \320\241\320\276\321\206.md"
[2026-06-25 19:13:51]  delete mode 100644 "Life/Calendula/Calendula/2026/\320\236\320\272\321\202\321\217\320\261\321\200\321\214/08-10-26/08.2-10-26 \320\233\320\270\321\207\320\275\320\276\320\265.md"
[2026-06-25 19:13:51]  delete mode 100644 "Life/Calendula/Calendula/2026/\320\236\320\272\321\202\321\217\320\261\321\200\321\214/08-10-26/08.3-10-26 \320\234\321\213\321\201\320\273\320\270.md"
[2026-06-25 19:13:51]  delete mode 100644 "Life/Calendula/Calendula/2026/\320\236\320\272\321\202\321\217\320\261\321\200\321\214/09-10-26/09-10-26.md"
[2026-06-25 19:13:51]  delete mode 100644 "Life/Calendula/Calendula/2026/\320\236\320\272\321\202\321\217\320\261\321\200\321\214/09-10-26/09.1-10-26 \320\241\320\276\321\206.md"
[2026-06-25 19:13:51]  delete mode 100644 "Life/Calendula/Calendula/2026/\320\236\320\272\321\202\321\217\320\261\321\200\321\214/09-10-26/09.2-10-26 \320\233\320\270\321\207\320\275\320\276\320\265.md"
[2026-06-25 19:13:51]  delete mode 100644 "Life/Calendula/Calendula/2026/\320\236\320\272\321\202\321\217\320\261\321\200\321\214/09-10-26/09.3-10-26 \320\234\321\213\321\201\320\273\320\270.md"
[2026-06-25 19:13:51]  delete mode 100644 "Life/Calendula/Calendula/2026/\320\236\320\272\321\202\321\217\320\261\321\200\321\214/10-10-26/10-10-26.md"
[2026-06-25 19:13:51]  delete mode 100644 "Life/Calendula/Calendula/2026/\320\236\320\272\321\202\321\217\320\261\321\200\321\214/10-10-26/10.1-10-26 \320\241\320\276\321\206.md"
[2026-06-25 19:13:51]  delete mode 100644 "Life/Calendula/Calendula/2026/\320\236\320\272\321\202\321\217\320\261\321\200\321\214/10-10-26/10.2-10-26 \320\233\320\270\321\207\320\275\320\276\320\265.md"
[2026-06-25 19:13:51]  delete mode 100644 "Life/Calendula/Calendula/2026/\320\236\320\272\321\202\321\217\320\261\321\200\321\214/10-10-26/10.3-10-26 \320\234\321\213\321\201\320\273\320\270.md"
[2026-06-25 19:13:51]  delete mode 100644 "Life/Calendula/Calendula/2026/\320\236\320\272\321\202\321\217\320\261\321\200\321\214/11-10-26/11-10-26.md"
[2026-06-25 19:13:51]  delete mode 100644 "Life/Calendula/Calendula/2026/\320\236\320\272\321\202\321\217\320\261\321\200\321\214/11-10-26/11.1-10-26 \320\241\320\276\321\206.md"
[2026-06-25 19:13:51]  delete mode 100644 "Life/Calendula/Calendula/2026/\320\236\320\272\321\202\321\217\320\261\321\200\321\214/11-10-26/11.2-10-26 \320\233\320\270\321\207\320\275\320\276\320\265.md"
[2026-06-25 19:13:51]  delete mode 100644 "Life/Calendula/Calendula/2026/\320\236\320\272\321\202\321\217\320\261\321\200\321\214/11-10-26/11.3-10-26 \320\234\321\213\321\201\320\273\320\270.md"
[2026-06-25 19:13:51]  delete mode 100644 "Life/Calendula/Calendula/2026/\320\236\320\272\321\202\321\217\320\261\321\200\321\214/12-10-26/12-10-26.md"
[2026-06-25 19:13:51]  delete mode 100644 "Life/Calendula/Calendula/2026/\320\236\320\272\321\202\321\217\320\261\321\200\321\214/12-10-26/12.1-10-26 \320\241\320\276\321\206.md"
[2026-06-25 19:13:51]  delete mode 100644 "Life/Calendula/Calendula/2026/\320\236\320\272\321\202\321\217\320\261\321\200\321\214/12-10-26/12.2-10-26 \320\233\320\270\321\207\320\275\320\276\320\265.md"
[2026-06-25 19:13:51]  delete mode 100644 "Life/Calendula/Calendula/2026/\320\236\320\272\321\202\321\217\320\261\321\200\321\214/12-10-26/12.3-10-26 \320\234\321\213\321\201\320\273\320\270.md"
[2026-06-25 19:13:51]  delete mode 100644 "Life/Calendula/Calendula/2026/\320\236\320\272\321\202\321\217\320\261\321\200\321\214/13-10-26/13-10-26.md"
[2026-06-25 19:13:51]  delete mode 100644 "Life/Calendula/Calendula/2026/\320\236\320\272\321\202\321\217\320\261\321\200\321\214/13-10-26/13.1-10-26 \320\241\320\276\321\206.md"
[2026-06-25 19:13:51]  delete mode 100644 "Life/Calendula/Calendula/2026/\320\236\320\272\321\202\321\217\320\261\321\200\321\214/13-10-26/13.2-10-26 \320\233\320\270\321\207\320\275\320\276\320\265.md"
[2026-06-25 19:13:51]  delete mode 100644 "Life/Calendula/Calendula/2026/\320\236\320\272\321\202\321\217\320\261\321\200\321\214/13-10-26/13.3-10-26 \320\234\321\213\321\201\320\273\320\270.md"
[2026-06-25 19:13:51]  delete mode 100644 "Life/Calendula/Calendula/2026/\320\236\320\272\321\202\321\217\320\261\321\200\321\214/14-10-26/14-10-26.md"
[2026-06-25 19:13:51]  delete mode 100644 "Life/Calendula/Calendula/2026/\320\236\320\272\321\202\321\217\320\261\321\200\321\214/14-10-26/14.1-10-26 \320\241\320\276\321\206.md"
[2026-06-25 19:13:51]  delete mode 100644 "Life/Calendula/Calendula/2026/\320\236\320\272\321\202\321\217\320\261\321\200\321\214/14-10-26/14.2-10-26 \320\233\320\270\321\207\320\275\320\276\320\265.md"
[2026-06-25 19:13:51]  delete mode 100644 "Life/Calendula/Calendula/2026/\320\236\320\272\321\202\321\217\320\261\321\200\321\214/14-10-26/14.3-10-26 \320\234\321\213\321\201\320\273\320\270.md"
[2026-06-25 19:13:51]  delete mode 100644 "Life/Calendula/Calendula/2026/\320\236\320\272\321\202\321\217\320\261\321\200\321\214/15-10-26/15-10-26.md"
[2026-06-25 19:13:51]  delete mode 100644 "Life/Calendula/Calendula/2026/\320\236\320\272\321\202\321\217\320\261\321\200\321\214/15-10-26/15.1-10-26 \320\241\320\276\321\206.md"
[2026-06-25 19:13:51]  delete mode 100644 "Life/Calendula/Calendula/2026/\320\236\320\272\321\202\321\217\320\261\321\200\321\214/15-10-26/15.2-10-26 \320\233\320\270\321\207\320\275\320\276\320\265.md"
[2026-06-25 19:13:51]  delete mode 100644 "Life/Calendula/Calendula/2026/\320\236\320\272\321\202\321\217\320\261\321\200\321\214/15-10-26/15.3-10-26 \320\234\321\213\321\201\320\273\320\270.md"
[2026-06-25 19:13:51]  delete mode 100644 "Life/Calendula/Calendula/2026/\320\236\320\272\321\202\321\217\320\261\321\200\321\214/16-10-26/16-10-26.md"
[2026-06-25 19:13:51]  delete mode 100644 "Life/Calendula/Calendula/2026/\320\236\320\272\321\202\321\217\320\261\321\200\321\214/16-10-26/16.1-10-26 \320\241\320\276\321\206.md"
[2026-06-25 19:13:51]  delete mode 100644 "Life/Calendula/Calendula/2026/\320\236\320\272\321\202\321\217\320\261\321\200\321\214/16-10-26/16.2-10-26 \320\233\320\270\321\207\320\275\320\276\320\265.md"
[2026-06-25 19:13:51]  delete mode 100644 "Life/Calendula/Calendula/2026/\320\236\320\272\321\202\321\217\320\261\321\200\321\214/16-10-26/16.3-10-26 \320\234\321\213\321\201\320\273\320\270.md"
[2026-06-25 19:13:51]  delete mode 100644 "Life/Calendula/Calendula/2026/\320\236\320\272\321\202\321\217\320\261\321\200\321\214/17-10-26/17-10-26.md"
[2026-06-25 19:13:51]  delete mode 100644 "Life/Calendula/Calendula/2026/\320\236\320\272\321\202\321\217\320\261\321\200\321\214/17-10-26/17.1-10-26 \320\241\320\276\321\206.md"
[2026-06-25 19:13:51]  delete mode 100644 "Life/Calendula/Calendula/2026/\320\236\320\272\321\202\321\217\320\261\321\200\321\214/17-10-26/17.2-10-26 \320\233\320\270\321\207\320\275\320\276\320\265.md"
[2026-06-25 19:13:51]  delete mode 100644 "Life/Calendula/Calendula/2026/\320\236\320\272\321\202\321\217\320\261\321\200\321\214/17-10-26/17.3-10-26 \320\234\321\213\321\201\320\273\320\270.md"
[2026-06-25 19:13:51]  delete mode 100644 "Life/Calendula/Calendula/2026/\320\236\320\272\321\202\321\217\320\261\321\200\321\214/18-10-26/18-10-26.md"
[2026-06-25 19:13:51]  delete mode 100644 "Life/Calendula/Calendula/2026/\320\236\320\272\321\202\321\217\320\261\321\200\321\214/18-10-26/18.1-10-26 \320\241\320\276\321\206.md"
[2026-06-25 19:13:51]  delete mode 100644 "Life/Calendula/Calendula/2026/\320\236\320\272\321\202\321\217\320\261\321\200\321\214/18-10-26/18.2-10-26 \320\233\320\270\321\207\320\275\320\276\320\265.md"
[2026-06-25 19:13:51]  delete mode 100644 "Life/Calendula/Calendula/2026/\320\236\320\272\321\202\321\217\320\261\321\200\321\214/18-10-26/18.3-10-26 \320\234\321\213\321\201\320\273\320\270.md"
[2026-06-25 19:13:51]  delete mode 100644 "Life/Calendula/Calendula/2026/\320\236\320\272\321\202\321\217\320\261\321\200\321\214/19-10-26/19-10-26.md"
[2026-06-25 19:13:51]  delete mode 100644 "Life/Calendula/Calendula/2026/\320\236\320\272\321\202\321\217\320\261\321\200\321\214/19-10-26/19.1-10-26 \320\241\320\276\321\206.md"
[2026-06-25 19:13:51]  delete mode 100644 "Life/Calendula/Calendula/2026/\320\236\320\272\321\202\321\217\320\261\321\200\321\214/19-10-26/19.2-10-26 \320\233\320\270\321\207\320\275\320\276\320\265.md"
[2026-06-25 19:13:51]  delete mode 100644 "Life/Calendula/Calendula/2026/\320\236\320\272\321\202\321\217\320\261\321\200\321\214/19-10-26/19.3-10-26 \320\234\321\213\321\201\320\273\320\270.md"
[2026-06-25 19:13:51]  delete mode 100644 "Life/Calendula/Calendula/2026/\320\236\320\272\321\202\321\217\320\261\321\200\321\214/20-10-26/20-10-26.md"
[2026-06-25 19:13:51]  delete mode 100644 "Life/Calendula/Calendula/2026/\320\236\320\272\321\202\321\217\320\261\321\200\321\214/20-10-26/20.1-10-26 \320\241\320\276\321\206.md"
[2026-06-25 19:13:51]  delete mode 100644 "Life/Calendula/Calendula/2026/\320\236\320\272\321\202\321\217\320\261\321\200\321\214/20-10-26/20.2-10-26 \320\233\320\270\321\207\320\275\320\276\320\265.md"
[2026-06-25 19:13:51]  delete mode 100644 "Life/Calendula/Calendula/2026/\320\236\320\272\321\202\321\217\320\261\321\200\321\214/20-10-26/20.3-10-26 \320\234\321\213\321\201\320\273\320\270.md"
[2026-06-25 19:13:51]  delete mode 100644 "Life/Calendula/Calendula/2026/\320\236\320\272\321\202\321\217\320\261\321\200\321\214/21-10-26/21-10-26.md"
[2026-06-25 19:13:51]  delete mode 100644 "Life/Calendula/Calendula/2026/\320\236\320\272\321\202\321\217\320\261\321\200\321\214/21-10-26/21.1-10-26 \320\241\320\276\321\206.md"
[2026-06-25 19:13:51]  delete mode 100644 "Life/Calendula/Calendula/2026/\320\236\320\272\321\202\321\217\320\261\321\200\321\214/21-10-26/21.2-10-26 \320\233\320\270\321\207\320\275\320\276\320\265.md"
[2026-06-25 19:13:51]  delete mode 100644 "Life/Calendula/Calendula/2026/\320\236\320\272\321\202\321\217\320\261\321\200\321\214/21-10-26/21.3-10-26 \320\234\321\213\321\201\320\273\320\270.md"
[2026-06-25 19:13:51]  delete mode 100644 "Life/Calendula/Calendula/2026/\320\236\320\272\321\202\321\217\320\261\321\200\321\214/22-10-26/22-10-26.md"
[2026-06-25 19:13:51]  delete mode 100644 "Life/Calendula/Calendula/2026/\320\236\320\272\321\202\321\217\320\261\321\200\321\214/22-10-26/22.1-10-26 \320\241\320\276\321\206.md"
[2026-06-25 19:13:51]  delete mode 100644 "Life/Calendula/Calendula/2026/\320\236\320\272\321\202\321\217\320\261\321\200\321\214/22-10-26/22.2-10-26 \320\233\320\270\321\207\320\275\320\276\320\265.md"
[2026-06-25 19:13:51]  delete mode 100644 "Life/Calendula/Calendula/2026/\320\236\320\272\321\202\321\217\320\261\321\200\321\214/22-10-26/22.3-10-26 \320\234\321\213\321\201\320\273\320\270.md"
[2026-06-25 19:13:51]  delete mode 100644 "Life/Calendula/Calendula/2026/\320\236\320\272\321\202\321\217\320\261\321\200\321\214/23-10-26/23-10-26.md"
[2026-06-25 19:13:51]  delete mode 100644 "Life/Calendula/Calendula/2026/\320\236\320\272\321\202\321\217\320\261\321\200\321\214/23-10-26/23.1-10-26 \320\241\320\276\321\206.md"
[2026-06-25 19:13:51]  delete mode 100644 "Life/Calendula/Calendula/2026/\320\236\320\272\321\202\321\217\320\261\321\200\321\214/23-10-26/23.2-10-26 \320\233\320\270\321\207\320\275\320\276\320\265.md"
[2026-06-25 19:13:51]  delete mode 100644 "Life/Calendula/Calendula/2026/\320\236\320\272\321\202\321\217\320\261\321\200\321\214/23-10-26/23.3-10-26 \320\234\321\213\321\201\320\273\320\270.md"
[2026-06-25 19:13:51]  delete mode 100644 "Life/Calendula/Calendula/2026/\320\236\320\272\321\202\321\217\320\261\321\200\321\214/24-10-26/24-10-26.md"
[2026-06-25 19:13:51]  delete mode 100644 "Life/Calendula/Calendula/2026/\320\236\320\272\321\202\321\217\320\261\321\200\321\214/24-10-26/24.1-10-26 \320\241\320\276\321\206.md"
[2026-06-25 19:13:51]  delete mode 100644 "Life/Calendula/Calendula/2026/\320\236\320\272\321\202\321\217\320\261\321\200\321\214/24-10-26/24.2-10-26 \320\233\320\270\321\207\320\275\320\276\320\265.md"
[2026-06-25 19:13:51]  delete mode 100644 "Life/Calendula/Calendula/2026/\320\236\320\272\321\202\321\217\320\261\321\200\321\214/24-10-26/24.3-10-26 \320\234\321\213\321\201\320\273\320\270.md"
[2026-06-25 19:13:51]  delete mode 100644 "Life/Calendula/Calendula/2026/\320\236\320\272\321\202\321\217\320\261\321\200\321\214/25-10-26/25-10-26.md"
[2026-06-25 19:13:51]  delete mode 100644 "Life/Calendula/Calendula/2026/\320\236\320\272\321\202\321\217\320\261\321\200\321\214/25-10-26/25.1-10-26 \320\241\320\276\321\206.md"
[2026-06-25 19:13:51]  delete mode 100644 "Life/Calendula/Calendula/2026/\320\236\320\272\321\202\321\217\320\261\321\200\321\214/25-10-26/25.2-10-26 \320\233\320\270\321\207\320\275\320\276\320\265.md"
[2026-06-25 19:13:51]  delete mode 100644 "Life/Calendula/Calendula/2026/\320\236\320\272\321\202\321\217\320\261\321\200\321\214/25-10-26/25.3-10-26 \320\234\321\213\321\201\320\273\320\270.md"
[2026-06-25 19:13:51]  delete mode 100644 "Life/Calendula/Calendula/2026/\320\236\320\272\321\202\321\217\320\261\321\200\321\214/26-10-26/26-10-26.md"
[2026-06-25 19:13:51]  delete mode 100644 "Life/Calendula/Calendula/2026/\320\236\320\272\321\202\321\217\320\261\321\200\321\214/26-10-26/26.1-10-26 \320\241\320\276\321\206.md"
[2026-06-25 19:13:51]  delete mode 100644 "Life/Calendula/Calendula/2026/\320\236\320\272\321\202\321\217\320\261\321\200\321\214/26-10-26/26.2-10-26 \320\233\320\270\321\207\320\275\320\276\320\265.md"
[2026-06-25 19:13:51]  delete mode 100644 "Life/Calendula/Calendula/2026/\320\236\320\272\321\202\321\217\320\261\321\200\321\214/26-10-26/26.3-10-26 \320\234\321\213\321\201\320\273\320\270.md"
[2026-06-25 19:13:51]  delete mode 100644 "Life/Calendula/Calendula/2026/\320\236\320\272\321\202\321\217\320\261\321\200\321\214/27-10-26/27-10-26.md"
[2026-06-25 19:13:51]  delete mode 100644 "Life/Calendula/Calendula/2026/\320\236\320\272\321\202\321\217\320\261\321\200\321\214/27-10-26/27.1-10-26 \320\241\320\276\321\206.md"
[2026-06-25 19:13:51]  delete mode 100644 "Life/Calendula/Calendula/2026/\320\236\320\272\321\202\321\217\320\261\321\200\321\214/27-10-26/27.2-10-26 \320\233\320\270\321\207\320\275\320\276\320\265.md"
[2026-06-25 19:13:51]  delete mode 100644 "Life/Calendula/Calendula/2026/\320\236\320\272\321\202\321\217\320\261\321\200\321\214/27-10-26/27.3-10-26 \320\234\321\213\321\201\320\273\320\270.md"
[2026-06-25 19:13:51]  delete mode 100644 "Life/Calendula/Calendula/2026/\320\236\320\272\321\202\321\217\320\261\321\200\321\214/28-10-26/28-10-26.md"
[2026-06-25 19:13:51]  delete mode 100644 "Life/Calendula/Calendula/2026/\320\236\320\272\321\202\321\217\320\261\321\200\321\214/28-10-26/28.1-10-26 \320\241\320\276\321\206.md"
[2026-06-25 19:13:51]  delete mode 100644 "Life/Calendula/Calendula/2026/\320\236\320\272\321\202\321\217\320\261\321\200\321\214/28-10-26/28.2-10-26 \320\233\320\270\321\207\320\275\320\276\320\265.md"
[2026-06-25 19:13:51]  delete mode 100644 "Life/Calendula/Calendula/2026/\320\236\320\272\321\202\321\217\320\261\321\200\321\214/28-10-26/28.3-10-26 \320\234\321\213\321\201\320\273\320\270.md"
[2026-06-25 19:13:51]  delete mode 100644 "Life/Calendula/Calendula/2026/\320\236\320\272\321\202\321\217\320\261\321\200\321\214/29-10-26/29-10-26.md"
[2026-06-25 19:13:51]  delete mode 100644 "Life/Calendula/Calendula/2026/\320\236\320\272\321\202\321\217\320\261\321\200\321\214/29-10-26/29.1-10-26 \320\241\320\276\321\206.md"
[2026-06-25 19:13:51]  delete mode 100644 "Life/Calendula/Calendula/2026/\320\236\320\272\321\202\321\217\320\261\321\200\321\214/29-10-26/29.2-10-26 \320\233\320\270\321\207\320\275\320\276\320\265.md"
[2026-06-25 19:13:51]  delete mode 100644 "Life/Calendula/Calendula/2026/\320\236\320\272\321\202\321\217\320\261\321\200\321\214/29-10-26/29.3-10-26 \320\234\321\213\321\201\320\273\320\270.md"
[2026-06-25 19:13:51]  delete mode 100644 "Life/Calendula/Calendula/2026/\320\236\320\272\321\202\321\217\320\261\321\200\321\214/30-10-26/30-10-26.md"
[2026-06-25 19:13:51]  delete mode 100644 "Life/Calendula/Calendula/2026/\320\236\320\272\321\202\321\217\320\261\321\200\321\214/30-10-26/30.1-10-26 \320\241\320\276\321\206.md"
[2026-06-25 19:13:51]  delete mode 100644 "Life/Calendula/Calendula/2026/\320\236\320\272\321\202\321\217\320\261\321\200\321\214/30-10-26/30.2-10-26 \320\233\320\270\321\207\320\275\320\276\320\265.md"
[2026-06-25 19:13:51]  delete mode 100644 "Life/Calendula/Calendula/2026/\320\236\320\272\321\202\321\217\320\261\321\200\321\214/30-10-26/30.3-10-26 \320\234\321\213\321\201\320\273\320\270.md"
[2026-06-25 19:13:51]  delete mode 100644 "Life/Calendula/Calendula/2026/\320\236\320\272\321\202\321\217\320\261\321\200\321\214/31-10-26/31-10-26.md"
[2026-06-25 19:13:51]  delete mode 100644 "Life/Calendula/Calendula/2026/\320\236\320\272\321\202\321\217\320\261\321\200\321\214/31-10-26/31.1-10-26 \320\241\320\276\321\206.md"
[2026-06-25 19:13:51]  delete mode 100644 "Life/Calendula/Calendula/2026/\320\236\320\272\321\202\321\217\320\261\321\200\321\214/31-10-26/31.2-10-26 \320\233\320\270\321\207\320\275\320\276\320\265.md"
[2026-06-25 19:13:51]  delete mode 100644 "Life/Calendula/Calendula/2026/\320\236\320\272\321\202\321\217\320\261\321\200\321\214/31-10-26/31.3-10-26 \320\234\321\213\321\201\320\273\320\270.md"
[2026-06-25 19:13:51]  delete mode 100644 "Life/Calendula/Calendula/2026/\320\241\320\265\320\275\321\202\321\217\320\261\321\200\321\214/01-09-26/01-09-26.md"
[2026-06-25 19:13:51]  delete mode 100644 "Life/Calendula/Calendula/2026/\320\241\320\265\320\275\321\202\321\217\320\261\321\200\321\214/01-09-26/01.1-09-26 \320\241\320\276\321\206.md"
[2026-06-25 19:13:51]  delete mode 100644 "Life/Calendula/Calendula/2026/\320\241\320\265\320\275\321\202\321\217\320\261\321\200\321\214/01-09-26/01.2-09-26 \320\233\320\270\321\207\320\275\320\276\320\265.md"
[2026-06-25 19:13:51]  delete mode 100644 "Life/Calendula/Calendula/2026/\320\241\320\265\320\275\321\202\321\217\320\261\321\200\321\214/01-09-26/01.3-09-26 \320\234\321\213\321\201\320\273\320\270.md"
[2026-06-25 19:13:51]  delete mode 100644 "Life/Calendula/Calendula/2026/\320\241\320\265\320\275\321\202\321\217\320\261\321\200\321\214/02-09-26/02-09-26.md"
[2026-06-25 19:13:51]  delete mode 100644 "Life/Calendula/Calendula/2026/\320\241\320\265\320\275\321\202\321\217\320\261\321\200\321\214/02-09-26/02.1-09-26 \320\241\320\276\321\206.md"
[2026-06-25 19:13:51]  delete mode 100644 "Life/Calendula/Calendula/2026/\320\241\320\265\320\275\321\202\321\217\320\261\321\200\321\214/02-09-26/02.2-09-26 \320\233\320\270\321\207\320\275\320\276\320\265.md"
[2026-06-25 19:13:51]  delete mode 100644 "Life/Calendula/Calendula/2026/\320\241\320\265\320\275\321\202\321\217\320\261\321\200\321\214/02-09-26/02.3-09-26 \320\234\321\213\321\201\320\273\320\270.md"
[2026-06-25 19:13:51]  delete mode 100644 "Life/Calendula/Calendula/2026/\320\241\320\265\320\275\321\202\321\217\320\261\321\200\321\214/03-09-26/03-09-26.md"
[2026-06-25 19:13:51]  delete mode 100644 "Life/Calendula/Calendula/2026/\320\241\320\265\320\275\321\202\321\217\320\261\321\200\321\214/03-09-26/03.1-09-26 \320\241\320\276\321\206.md"
[2026-06-25 19:13:51]  delete mode 100644 "Life/Calendula/Calendula/2026/\320\241\320\265\320\275\321\202\321\217\320\261\321\200\321\214/03-09-26/03.2-09-26 \320\233\320\270\321\207\320\275\320\276\320\265.md"
[2026-06-25 19:13:51]  delete mode 100644 "Life/Calendula/Calendula/2026/\320\241\320\265\320\275\321\202\321\217\320\261\321\200\321\214/03-09-26/03.3-09-26 \320\234\321\213\321\201\320\273\320\270.md"
[2026-06-25 19:13:51]  delete mode 100644 "Life/Calendula/Calendula/2026/\320\241\320\265\320\275\321\202\321\217\320\261\321\200\321\214/04-09-26/04-09-26.md"
[2026-06-25 19:13:51]  delete mode 100644 "Life/Calendula/Calendula/2026/\320\241\320\265\320\275\321\202\321\217\320\261\321\200\321\214/04-09-26/04.1-09-26 \320\241\320\276\321\206.md"
[2026-06-25 19:13:51]  delete mode 100644 "Life/Calendula/Calendula/2026/\320\241\320\265\320\275\321\202\321\217\320\261\321\200\321\214/04-09-26/04.2-09-26 \320\233\320\270\321\207\320\275\320\276\320\265.md"
[2026-06-25 19:13:51]  delete mode 100644 "Life/Calendula/Calendula/2026/\320\241\320\265\320\275\321\202\321\217\320\261\321\200\321\214/04-09-26/04.3-09-26 \320\234\321\213\321\201\320\273\320\270.md"
[2026-06-25 19:13:51]  delete mode 100644 "Life/Calendula/Calendula/2026/\320\241\320\265\320\275\321\202\321\217\320\261\321\200\321\214/05-09-26/05-09-26.md"
[2026-06-25 19:13:51]  delete mode 100644 "Life/Calendula/Calendula/2026/\320\241\320\265\320\275\321\202\321\217\320\261\321\200\321\214/05-09-26/05.1-09-26 \320\241\320\276\321\206.md"
[2026-06-25 19:13:51]  delete mode 100644 "Life/Calendula/Calendula/2026/\320\241\320\265\320\275\321\202\321\217\320\261\321\200\321\214/05-09-26/05.2-09-26 \320\233\320\270\321\207\320\275\320\276\320\265.md"
[2026-06-25 19:13:51]  delete mode 100644 "Life/Calendula/Calendula/2026/\320\241\320\265\320\275\321\202\321\217\320\261\321\200\321\214/05-09-26/05.3-09-26 \320\234\321\213\321\201\320\273\320\270.md"
[2026-06-25 19:13:51]  delete mode 100644 "Life/Calendula/Calendula/2026/\320\241\320\265\320\275\321\202\321\217\320\261\321\200\321\214/06-09-26/06-09-26.md"
[2026-06-25 19:13:51]  delete mode 100644 "Life/Calendula/Calendula/2026/\320\241\320\265\320\275\321\202\321\217\320\261\321\200\321\214/06-09-26/06.1-09-26 \320\241\320\276\321\206.md"
[2026-06-25 19:13:51]  delete mode 100644 "Life/Calendula/Calendula/2026/\320\241\320\265\320\275\321\202\321\217\320\261\321\200\321\214/06-09-26/06.2-09-26 \320\233\320\270\321\207\320\275\320\276\320\265.md"
[2026-06-25 19:13:51]  delete mode 100644 "Life/Calendula/Calendula/2026/\320\241\320\265\320\275\321\202\321\217\320\261\321\200\321\214/06-09-26/06.3-09-26 \320\234\321\213\321\201\320\273\320\270.md"
[2026-06-25 19:13:51]  delete mode 100644 "Life/Calendula/Calendula/2026/\320\241\320\265\320\275\321\202\321\217\320\261\321\200\321\214/07-09-26/07-09-26.md"
[2026-06-25 19:13:51]  delete mode 100644 "Life/Calendula/Calendula/2026/\320\241\320\265\320\275\321\202\321\217\320\261\321\200\321\214/07-09-26/07.1-09-26 \320\241\320\276\321\206.md"
[2026-06-25 19:13:51]  delete mode 100644 "Life/Calendula/Calendula/2026/\320\241\320\265\320\275\321\202\321\217\320\261\321\200\321\214/07-09-26/07.2-09-26 \320\233\320\270\321\207\320\275\320\276\320\265.md"
[2026-06-25 19:13:51]  delete mode 100644 "Life/Calendula/Calendula/2026/\320\241\320\265\320\275\321\202\321\217\320\261\321\200\321\214/07-09-26/07.3-09-26 \320\234\321\213\321\201\320\273\320\270.md"
[2026-06-25 19:13:51]  delete mode 100644 "Life/Calendula/Calendula/2026/\320\241\320\265\320\275\321\202\321\217\320\261\321\200\321\214/08-09-26/08-09-26.md"
[2026-06-25 19:13:51]  delete mode 100644 "Life/Calendula/Calendula/2026/\320\241\320\265\320\275\321\202\321\217\320\261\321\200\321\214/08-09-26/08.1-09-26 \320\241\320\276\321\206.md"
[2026-06-25 19:13:51]  delete mode 100644 "Life/Calendula/Calendula/2026/\320\241\320\265\320\275\321\202\321\217\320\261\321\200\321\214/08-09-26/08.2-09-26 \320\233\320\270\321\207\320\275\320\276\320\265.md"
[2026-06-25 19:13:51]  delete mode 100644 "Life/Calendula/Calendula/2026/\320\241\320\265\320\275\321\202\321\217\320\261\321\200\321\214/08-09-26/08.3-09-26 \320\234\321\213\321\201\320\273\320\270.md"
[2026-06-25 19:13:51]  delete mode 100644 "Life/Calendula/Calendula/2026/\320\241\320\265\320\275\321\202\321\217\320\261\321\200\321\214/09-09-26/09-09-26.md"
[2026-06-25 19:13:51]  delete mode 100644 "Life/Calendula/Calendula/2026/\320\241\320\265\320\275\321\202\321\217\320\261\321\200\321\214/09-09-26/09.1-09-26 \320\241\320\276\321\206.md"
[2026-06-25 19:13:51]  delete mode 100644 "Life/Calendula/Calendula/2026/\320\241\320\265\320\275\321\202\321\217\320\261\321\200\321\214/09-09-26/09.2-09-26 \320\233\320\270\321\207\320\275\320\276\320\265.md"
[2026-06-25 19:13:51]  delete mode 100644 "Life/Calendula/Calendula/2026/\320\241\320\265\320\275\321\202\321\217\320\261\321\200\321\214/09-09-26/09.3-09-26 \320\234\321\213\321\201\320\273\320\270.md"
[2026-06-25 19:13:51]  delete mode 100644 "Life/Calendula/Calendula/2026/\320\241\320\265\320\275\321\202\321\217\320\261\321\200\321\214/10-09-26/10-09-26.md"
[2026-06-25 19:13:51]  delete mode 100644 "Life/Calendula/Calendula/2026/\320\241\320\265\320\275\321\202\321\217\320\261\321\200\321\214/10-09-26/10.1-09-26 \320\241\320\276\321\206.md"
[2026-06-25 19:13:51]  delete mode 100644 "Life/Calendula/Calendula/2026/\320\241\320\265\320\275\321\202\321\217\320\261\321\200\321\214/10-09-26/10.2-09-26 \320\233\320\270\321\207\320\275\320\276\320\265.md"
[2026-06-25 19:13:51]  delete mode 100644 "Life/Calendula/Calendula/2026/\320\241\320\265\320\275\321\202\321\217\320\261\321\200\321\214/10-09-26/10.3-09-26 \320\234\321\213\321\201\320\273\320\270.md"
[2026-06-25 19:13:51]  delete mode 100644 "Life/Calendula/Calendula/2026/\320\241\320\265\320\275\321\202\321\217\320\261\321\200\321\214/11-09-26/11-09-26.md"
[2026-06-25 19:13:51]  delete mode 100644 "Life/Calendula/Calendula/2026/\320\241\320\265\320\275\321\202\321\217\320\261\321\200\321\214/11-09-26/11.1-09-26 \320\241\320\276\321\206.md"
[2026-06-25 19:13:51]  delete mode 100644 "Life/Calendula/Calendula/2026/\320\241\320\265\320\275\321\202\321\217\320\261\321\200\321\214/11-09-26/11.2-09-26 \320\233\320\270\321\207\320\275\320\276\320\265.md"
[2026-06-25 19:13:51]  delete mode 100644 "Life/Calendula/Calendula/2026/\320\241\320\265\320\275\321\202\321\217\320\261\321\200\321\214/11-09-26/11.3-09-26 \320\234\321\213\321\201\320\273\320\270.md"
[2026-06-25 19:13:51]  delete mode 100644 "Life/Calendula/Calendula/2026/\320\241\320\265\320\275\321\202\321\217\320\261\321\200\321\214/12-09-26/12-09-26.md"
[2026-06-25 19:13:51]  delete mode 100644 "Life/Calendula/Calendula/2026/\320\241\320\265\320\275\321\202\321\217\320\261\321\200\321\214/12-09-26/12.1-09-26 \320\241\320\276\321\206.md"
[2026-06-25 19:13:51]  delete mode 100644 "Life/Calendula/Calendula/2026/\320\241\320\265\320\275\321\202\321\217\320\261\321\200\321\214/12-09-26/12.2-09-26 \320\233\320\270\321\207\320\275\320\276\320\265.md"
[2026-06-25 19:13:51]  delete mode 100644 "Life/Calendula/Calendula/2026/\320\241\320\265\320\275\321\202\321\217\320\261\321\200\321\214/12-09-26/12.3-09-26 \320\234\321\213\321\201\320\273\320\270.md"
[2026-06-25 19:13:51]  delete mode 100644 "Life/Calendula/Calendula/2026/\320\241\320\265\320\275\321\202\321\217\320\261\321\200\321\214/13-09-26/13-09-26.md"
[2026-06-25 19:13:51]  delete mode 100644 "Life/Calendula/Calendula/2026/\320\241\320\265\320\275\321\202\321\217\320\261\321\200\321\214/13-09-26/13.1-09-26 \320\241\320\276\321\206.md"
[2026-06-25 19:13:51]  delete mode 100644 "Life/Calendula/Calendula/2026/\320\241\320\265\320\275\321\202\321\217\320\261\321\200\321\214/13-09-26/13.2-09-26 \320\233\320\270\321\207\320\275\320\276\320\265.md"
[2026-06-25 19:13:51]  delete mode 100644 "Life/Calendula/Calendula/2026/\320\241\320\265\320\275\321\202\321\217\320\261\321\200\321\214/13-09-26/13.3-09-26 \320\234\321\213\321\201\320\273\320\270.md"
[2026-06-25 19:13:51]  delete mode 100644 "Life/Calendula/Calendula/2026/\320\241\320\265\320\275\321\202\321\217\320\261\321\200\321\214/14-09-26/14-09-26.md"
[2026-06-25 19:13:51]  delete mode 100644 "Life/Calendula/Calendula/2026/\320\241\320\265\320\275\321\202\321\217\320\261\321\200\321\214/14-09-26/14.1-09-26 \320\241\320\276\321\206.md"
[2026-06-25 19:13:51]  delete mode 100644 "Life/Calendula/Calendula/2026/\320\241\320\265\320\275\321\202\321\217\320\261\321\200\321\214/14-09-26/14.2-09-26 \320\233\320\270\321\207\320\275\320\276\320\265.md"
[2026-06-25 19:13:51]  delete mode 100644 "Life/Calendula/Calendula/2026/\320\241\320\265\320\275\321\202\321\217\320\261\321\200\321\214/14-09-26/14.3-09-26 \320\234\321\213\321\201\320\273\320\270.md"
[2026-06-25 19:13:51]  delete mode 100644 "Life/Calendula/Calendula/2026/\320\241\320\265\320\275\321\202\321\217\320\261\321\200\321\214/15-09-26/15-09-26.md"
[2026-06-25 19:13:51]  delete mode 100644 "Life/Calendula/Calendula/2026/\320\241\320\265\320\275\321\202\321\217\320\261\321\200\321\214/15-09-26/15.1-09-26 \320\241\320\276\321\206.md"
[2026-06-25 19:13:51]  delete mode 100644 "Life/Calendula/Calendula/2026/\320\241\320\265\320\275\321\202\321\217\320\261\321\200\321\214/15-09-26/15.2-09-26 \320\233\320\270\321\207\320\275\320\276\320\265.md"
[2026-06-25 19:13:51]  delete mode 100644 "Life/Calendula/Calendula/2026/\320\241\320\265\320\275\321\202\321\217\320\261\321\200\321\214/15-09-26/15.3-09-26 \320\234\321\213\321\201\320\273\320\270.md"
[2026-06-25 19:13:51]  delete mode 100644 "Life/Calendula/Calendula/2026/\320\241\320\265\320\275\321\202\321\217\320\261\321\200\321\214/16-09-26/16-09-26.md"
[2026-06-25 19:13:51]  delete mode 100644 "Life/Calendula/Calendula/2026/\320\241\320\265\320\275\321\202\321\217\320\261\321\200\321\214/16-09-26/16.1-09-26 \320\241\320\276\321\206.md"
[2026-06-25 19:13:51]  delete mode 100644 "Life/Calendula/Calendula/2026/\320\241\320\265\320\275\321\202\321\217\320\261\321\200\321\214/16-09-26/16.2-09-26 \320\233\320\270\321\207\320\275\320\276\320\265.md"
[2026-06-25 19:13:51]  delete mode 100644 "Life/Calendula/Calendula/2026/\320\241\320\265\320\275\321\202\321\217\320\261\321\200\321\214/16-09-26/16.3-09-26 \320\234\321\213\321\201\320\273\320\270.md"
[2026-06-25 19:13:51]  delete mode 100644 "Life/Calendula/Calendula/2026/\320\241\320\265\320\275\321\202\321\217\320\261\321\200\321\214/17-09-26/17-09-26.md"
[2026-06-25 19:13:51]  delete mode 100644 "Life/Calendula/Calendula/2026/\320\241\320\265\320\275\321\202\321\217\320\261\321\200\321\214/17-09-26/17.1-09-26 \320\241\320\276\321\206.md"
[2026-06-25 19:13:51]  delete mode 100644 "Life/Calendula/Calendula/2026/\320\241\320\265\320\275\321\202\321\217\320\261\321\200\321\214/17-09-26/17.2-09-26 \320\233\320\270\321\207\320\275\320\276\320\265.md"
[2026-06-25 19:13:51]  delete mode 100644 "Life/Calendula/Calendula/2026/\320\241\320\265\320\275\321\202\321\217\320\261\321\200\321\214/17-09-26/17.3-09-26 \320\234\321\213\321\201\320\273\320\270.md"
[2026-06-25 19:13:51]  delete mode 100644 "Life/Calendula/Calendula/2026/\320\241\320\265\320\275\321\202\321\217\320\261\321\200\321\214/18-09-26/18-09-26.md"
[2026-06-25 19:13:51]  delete mode 100644 "Life/Calendula/Calendula/2026/\320\241\320\265\320\275\321\202\321\217\320\261\321\200\321\214/18-09-26/18.1-09-26 \320\241\320\276\321\206.md"
[2026-06-25 19:13:51]  delete mode 100644 "Life/Calendula/Calendula/2026/\320\241\320\265\320\275\321\202\321\217\320\261\321\200\321\214/18-09-26/18.2-09-26 \320\233\320\270\321\207\320\275\320\276\320\265.md"
[2026-06-25 19:13:51]  delete mode 100644 "Life/Calendula/Calendula/2026/\320\241\320\265\320\275\321\202\321\217\320\261\321\200\321\214/18-09-26/18.3-09-26 \320\234\321\213\321\201\320\273\320\270.md"
[2026-06-25 19:13:51]  delete mode 100644 "Life/Calendula/Calendula/2026/\320\241\320\265\320\275\321\202\321\217\320\261\321\200\321\214/19-09-26/19-09-26.md"
[2026-06-25 19:13:51]  delete mode 100644 "Life/Calendula/Calendula/2026/\320\241\320\265\320\275\321\202\321\217\320\261\321\200\321\214/19-09-26/19.1-09-26 \320\241\320\276\321\206.md"
[2026-06-25 19:13:51]  delete mode 100644 "Life/Calendula/Calendula/2026/\320\241\320\265\320\275\321\202\321\217\320\261\321\200\321\214/19-09-26/19.2-09-26 \320\233\320\270\321\207\320\275\320\276\320\265.md"
[2026-06-25 19:13:51]  delete mode 100644 "Life/Calendula/Calendula/2026/\320\241\320\265\320\275\321\202\321\217\320\261\321\200\321\214/19-09-26/19.3-09-26 \320\234\321\213\321\201\320\273\320\270.md"
[2026-06-25 19:13:51]  delete mode 100644 "Life/Calendula/Calendula/2026/\320\241\320\265\320\275\321\202\321\217\320\261\321\200\321\214/20-09-26/20-09-26.md"
[2026-06-25 19:13:51]  delete mode 100644 "Life/Calendula/Calendula/2026/\320\241\320\265\320\275\321\202\321\217\320\261\321\200\321\214/20-09-26/20.1-09-26 \320\241\320\276\321\206.md"
[2026-06-25 19:13:51]  delete mode 100644 "Life/Calendula/Calendula/2026/\320\241\320\265\320\275\321\202\321\217\320\261\321\200\321\214/20-09-26/20.2-09-26 \320\233\320\270\321\207\320\275\320\276\320\265.md"
[2026-06-25 19:13:51]  delete mode 100644 "Life/Calendula/Calendula/2026/\320\241\320\265\320\275\321\202\321\217\320\261\321\200\321\214/20-09-26/20.3-09-26 \320\234\321\213\321\201\320\273\320\270.md"
[2026-06-25 19:13:51]  delete mode 100644 "Life/Calendula/Calendula/2026/\320\241\320\265\320\275\321\202\321\217\320\261\321\200\321\214/21-09-26/21-09-26.md"
[2026-06-25 19:13:51]  delete mode 100644 "Life/Calendula/Calendula/2026/\320\241\320\265\320\275\321\202\321\217\320\261\321\200\321\214/21-09-26/21.1-09-26 \320\241\320\276\321\206.md"
[2026-06-25 19:13:51]  delete mode 100644 "Life/Calendula/Calendula/2026/\320\241\320\265\320\275\321\202\321\217\320\261\321\200\321\214/21-09-26/21.2-09-26 \320\233\320\270\321\207\320\275\320\276\320\265.md"
[2026-06-25 19:13:51]  delete mode 100644 "Life/Calendula/Calendula/2026/\320\241\320\265\320\275\321\202\321\217\320\261\321\200\321\214/21-09-26/21.3-09-26 \320\234\321\213\321\201\320\273\320\270.md"
[2026-06-25 19:13:51]  delete mode 100644 "Life/Calendula/Calendula/2026/\320\241\320\265\320\275\321\202\321\217\320\261\321\200\321\214/22-09-26/22-09-26.md"
[2026-06-25 19:13:51]  delete mode 100644 "Life/Calendula/Calendula/2026/\320\241\320\265\320\275\321\202\321\217\320\261\321\200\321\214/22-09-26/22.1-09-26 \320\241\320\276\321\206.md"
[2026-06-25 19:13:51]  delete mode 100644 "Life/Calendula/Calendula/2026/\320\241\320\265\320\275\321\202\321\217\320\261\321\200\321\214/22-09-26/22.2-09-26 \320\233\320\270\321\207\320\275\320\276\320\265.md"
[2026-06-25 19:13:51]  delete mode 100644 "Life/Calendula/Calendula/2026/\320\241\320\265\320\275\321\202\321\217\320\261\321\200\321\214/22-09-26/22.3-09-26 \320\234\321\213\321\201\320\273\320\270.md"
[2026-06-25 19:13:51]  delete mode 100644 "Life/Calendula/Calendula/2026/\320\241\320\265\320\275\321\202\321\217\320\261\321\200\321\214/23-09-26/23-09-26.md"
[2026-06-25 19:13:51]  delete mode 100644 "Life/Calendula/Calendula/2026/\320\241\320\265\320\275\321\202\321\217\320\261\321\200\321\214/23-09-26/23.1-09-26 \320\241\320\276\321\206.md"
[2026-06-25 19:13:51]  delete mode 100644 "Life/Calendula/Calendula/2026/\320\241\320\265\320\275\321\202\321\217\320\261\321\200\321\214/23-09-26/23.2-09-26 \320\233\320\270\321\207\320\275\320\276\320\265.md"
[2026-06-25 19:13:51]  delete mode 100644 "Life/Calendula/Calendula/2026/\320\241\320\265\320\275\321\202\321\217\320\261\321\200\321\214/23-09-26/23.3-09-26 \320\234\321\213\321\201\320\273\320\270.md"
[2026-06-25 19:13:51]  delete mode 100644 "Life/Calendula/Calendula/2026/\320\241\320\265\320\275\321\202\321\217\320\261\321\200\321\214/24-09-26/24-09-26.md"
[2026-06-25 19:13:51]  delete mode 100644 "Life/Calendula/Calendula/2026/\320\241\320\265\320\275\321\202\321\217\320\261\321\200\321\214/24-09-26/24.1-09-26 \320\241\320\276\321\206.md"
[2026-06-25 19:13:51]  delete mode 100644 "Life/Calendula/Calendula/2026/\320\241\320\265\320\275\321\202\321\217\320\261\321\200\321\214/24-09-26/24.2-09-26 \320\233\320\270\321\207\320\275\320\276\320\265.md"
[2026-06-25 19:13:51]  delete mode 100644 "Life/Calendula/Calendula/2026/\320\241\320\265\320\275\321\202\321\217\320\261\321\200\321\214/24-09-26/24.3-09-26 \320\234\321\213\321\201\320\273\320\270.md"
[2026-06-25 19:13:51]  delete mode 100644 "Life/Calendula/Calendula/2026/\320\241\320\265\320\275\321\202\321\217\320\261\321\200\321\214/25-09-26/25-09-26.md"
[2026-06-25 19:13:51]  delete mode 100644 "Life/Calendula/Calendula/2026/\320\241\320\265\320\275\321\202\321\217\320\261\321\200\321\214/25-09-26/25.1-09-26 \320\241\320\276\321\206.md"
[2026-06-25 19:13:51]  delete mode 100644 "Life/Calendula/Calendula/2026/\320\241\320\265\320\275\321\202\321\217\320\261\321\200\321\214/25-09-26/25.2-09-26 \320\233\320\270\321\207\320\275\320\276\320\265.md"
[2026-06-25 19:13:51]  delete mode 100644 "Life/Calendula/Calendula/2026/\320\241\320\265\320\275\321\202\321\217\320\261\321\200\321\214/25-09-26/25.3-09-26 \320\234\321\213\321\201\320\273\320\270.md"
[2026-06-25 19:13:51]  delete mode 100644 "Life/Calendula/Calendula/2026/\320\241\320\265\320\275\321\202\321\217\320\261\321\200\321\214/26-09-26/26-09-26.md"
[2026-06-25 19:13:51]  delete mode 100644 "Life/Calendula/Calendula/2026/\320\241\320\265\320\275\321\202\321\217\320\261\321\200\321\214/26-09-26/26.1-09-26 \320\241\320\276\321\206.md"
[2026-06-25 19:13:51]  delete mode 100644 "Life/Calendula/Calendula/2026/\320\241\320\265\320\275\321\202\321\217\320\261\321\200\321\214/26-09-26/26.2-09-26 \320\233\320\270\321\207\320\275\320\276\320\265.md"
[2026-06-25 19:13:51]  delete mode 100644 "Life/Calendula/Calendula/2026/\320\241\320\265\320\275\321\202\321\217\320\261\321\200\321\214/26-09-26/26.3-09-26 \320\234\321\213\321\201\320\273\320\270.md"
[2026-06-25 19:13:51]  delete mode 100644 "Life/Calendula/Calendula/2026/\320\241\320\265\320\275\321\202\321\217\320\261\321\200\321\214/27-09-26/27-09-26.md"
[2026-06-25 19:13:51]  delete mode 100644 "Life/Calendula/Calendula/2026/\320\241\320\265\320\275\321\202\321\217\320\261\321\200\321\214/27-09-26/27.1-09-26 \320\241\320\276\321\206.md"
[2026-06-25 19:13:51]  delete mode 100644 "Life/Calendula/Calendula/2026/\320\241\320\265\320\275\321\202\321\217\320\261\321\200\321\214/27-09-26/27.2-09-26 \320\233\320\270\321\207\320\275\320\276\320\265.md"
[2026-06-25 19:13:51]  delete mode 100644 "Life/Calendula/Calendula/2026/\320\241\320\265\320\275\321\202\321\217\320\261\321\200\321\214/27-09-26/27.3-09-26 \320\234\321\213\321\201\320\273\320\270.md"
[2026-06-25 19:13:51]  delete mode 100644 "Life/Calendula/Calendula/2026/\320\241\320\265\320\275\321\202\321\217\320\261\321\200\321\214/28-09-26/28-09-26.md"
[2026-06-25 19:13:51]  delete mode 100644 "Life/Calendula/Calendula/2026/\320\241\320\265\320\275\321\202\321\217\320\261\321\200\321\214/28-09-26/28.1-09-26 \320\241\320\276\321\206.md"
[2026-06-25 19:13:51]  delete mode 100644 "Life/Calendula/Calendula/2026/\320\241\320\265\320\275\321\202\321\217\320\261\321\200\321\214/28-09-26/28.2-09-26 \320\233\320\270\321\207\320\275\320\276\320\265.md"
[2026-06-25 19:13:51]  delete mode 100644 "Life/Calendula/Calendula/2026/\320\241\320\265\320\275\321\202\321\217\320\261\321\200\321\214/28-09-26/28.3-09-26 \320\234\321\213\321\201\320\273\320\270.md"
[2026-06-25 19:13:51]  delete mode 100644 "Life/Calendula/Calendula/2026/\320\241\320\265\320\275\321\202\321\217\320\261\321\200\321\214/29-09-26/29-09-26.md"
[2026-06-25 19:13:51]  delete mode 100644 "Life/Calendula/Calendula/2026/\320\241\320\265\320\275\321\202\321\217\320\261\321\200\321\214/29-09-26/29.1-09-26 \320\241\320\276\321\206.md"
[2026-06-25 19:13:51]  delete mode 100644 "Life/Calendula/Calendula/2026/\320\241\320\265\320\275\321\202\321\217\320\261\321\200\321\214/29-09-26/29.2-09-26 \320\233\320\270\321\207\320\275\320\276\320\265.md"
[2026-06-25 19:13:51]  delete mode 100644 "Life/Calendula/Calendula/2026/\320\241\320\265\320\275\321\202\321\217\320\261\321\200\321\214/29-09-26/29.3-09-26 \320\234\321\213\321\201\320\273\320\270.md"
[2026-06-25 19:13:51]  delete mode 100644 "Life/Calendula/Calendula/2026/\320\241\320\265\320\275\321\202\321\217\320\261\321\200\321\214/30-09-26/30-09-26.md"
[2026-06-25 19:13:51]  delete mode 100644 "Life/Calendula/Calendula/2026/\320\241\320\265\320\275\321\202\321\217\320\261\321\200\321\214/30-09-26/30.1-09-26 \320\241\320\276\321\206.md"
[2026-06-25 19:13:51]  delete mode 100644 "Life/Calendula/Calendula/2026/\320\241\320\265\320\275\321\202\321\217\320\261\321\200\321\214/30-09-26/30.2-09-26 \320\233\320\270\321\207\320\275\320\276\320\265.md"
[2026-06-25 19:13:51]  delete mode 100644 "Life/Calendula/Calendula/2026/\320\241\320\265\320\275\321\202\321\217\320\261\321\200\321\214/30-09-26/30.3-09-26 \320\234\321\213\321\201\320\273\320\270.md"
[2026-06-25 19:13:51]  delete mode 100644 "Life/Calendula/Calendula/2026/\320\244\320\265\320\262\321\200\320\260\320\273\321\214/01-02-26/01-02-26.md"
[2026-06-25 19:13:51]  delete mode 100644 "Life/Calendula/Calendula/2026/\320\244\320\265\320\262\321\200\320\260\320\273\321\214/01-02-26/01.1-02-26 \320\241\320\276\321\206.md"
[2026-06-25 19:13:51]  delete mode 100644 "Life/Calendula/Calendula/2026/\320\244\320\265\320\262\321\200\320\260\320\273\321\214/01-02-26/01.2-02-26 \320\233\320\270\321\207\320\275\320\276\320\265.md"
[2026-06-25 19:13:51]  delete mode 100644 "Life/Calendula/Calendula/2026/\320\244\320\265\320\262\321\200\320\260\320\273\321\214/01-02-26/01.3-02-26 \320\234\321\213\321\201\320\273\320\270.md"
[2026-06-25 19:13:51]  delete mode 100644 "Life/Calendula/Calendula/2026/\320\244\320\265\320\262\321\200\320\260\320\273\321\214/02-02-26/02-02-26.md"
[2026-06-25 19:13:51]  delete mode 100644 "Life/Calendula/Calendula/2026/\320\244\320\265\320\262\321\200\320\260\320\273\321\214/02-02-26/02.1-02-26 \320\241\320\276\321\206.md"
[2026-06-25 19:13:51]  delete mode 100644 "Life/Calendula/Calendula/2026/\320\244\320\265\320\262\321\200\320\260\320\273\321\214/02-02-26/02.2-02-26 \320\233\320\270\321\207\320\275\320\276\320\265.md"
[2026-06-25 19:13:51]  delete mode 100644 "Life/Calendula/Calendula/2026/\320\244\320\265\320\262\321\200\320\260\320\273\321\214/02-02-26/02.3-02-26 \320\234\321\213\321\201\320\273\320\270.md"
[2026-06-25 19:13:51]  delete mode 100644 "Life/Calendula/Calendula/2026/\320\244\320\265\320\262\321\200\320\260\320\273\321\214/03-02-26/03-02-26.md"
[2026-06-25 19:13:51]  delete mode 100644 "Life/Calendula/Calendula/2026/\320\244\320\265\320\262\321\200\320\260\320\273\321\214/03-02-26/03.1-02-26 \320\241\320\276\321\206.md"
[2026-06-25 19:13:51]  delete mode 100644 "Life/Calendula/Calendula/2026/\320\244\320\265\320\262\321\200\320\260\320\273\321\214/03-02-26/03.2-02-26 \320\233\320\270\321\207\320\275\320\276\320\265.md"
[2026-06-25 19:13:51]  delete mode 100644 "Life/Calendula/Calendula/2026/\320\244\320\265\320\262\321\200\320\260\320\273\321\214/03-02-26/03.3-02-26 \320\234\321\213\321\201\320\273\320\270.md"
[2026-06-25 19:13:51]  delete mode 100644 "Life/Calendula/Calendula/2026/\320\244\320\265\320\262\321\200\320\260\320\273\321\214/04-02-26/04-02-26.md"
[2026-06-25 19:13:51]  delete mode 100644 "Life/Calendula/Calendula/2026/\320\244\320\265\320\262\321\200\320\260\320\273\321\214/04-02-26/04.1-02-26 \320\241\320\276\321\206.md"
[2026-06-25 19:13:51]  delete mode 100644 "Life/Calendula/Calendula/2026/\320\244\320\265\320\262\321\200\320\260\320\273\321\214/04-02-26/04.2-02-26 \320\233\320\270\321\207\320\275\320\276\320\265.md"
[2026-06-25 19:13:51]  delete mode 100644 "Life/Calendula/Calendula/2026/\320\244\320\265\320\262\321\200\320\260\320\273\321\214/04-02-26/04.3-02-26 \320\234\321\213\321\201\320\273\320\270.md"
[2026-06-25 19:13:51]  delete mode 100644 "Life/Calendula/Calendula/2026/\320\244\320\265\320\262\321\200\320\260\320\273\321\214/05-02-26/05-02-26.md"
[2026-06-25 19:13:51]  delete mode 100644 "Life/Calendula/Calendula/2026/\320\244\320\265\320\262\321\200\320\260\320\273\321\214/05-02-26/05.1-02-26 \320\241\320\276\321\206.md"
[2026-06-25 19:13:51]  delete mode 100644 "Life/Calendula/Calendula/2026/\320\244\320\265\320\262\321\200\320\260\320\273\321\214/05-02-26/05.2-02-26 \320\233\320\270\321\207\320\275\320\276\320\265.md"
[2026-06-25 19:13:51]  delete mode 100644 "Life/Calendula/Calendula/2026/\320\244\320\265\320\262\321\200\320\260\320\273\321\214/05-02-26/05.3-02-26 \320\234\321\213\321\201\320\273\320\270.md"
[2026-06-25 19:13:51]  delete mode 100644 "Life/Calendula/Calendula/2026/\320\244\320\265\320\262\321\200\320\260\320\273\321\214/06-02-26/06-02-26.md"
[2026-06-25 19:13:51]  delete mode 100644 "Life/Calendula/Calendula/2026/\320\244\320\265\320\262\321\200\320\260\320\273\321\214/06-02-26/06.1-02-26 \320\241\320\276\321\206.md"
[2026-06-25 19:13:51]  delete mode 100644 "Life/Calendula/Calendula/2026/\320\244\320\265\320\262\321\200\320\260\320\273\321\214/06-02-26/06.2-02-26 \320\233\320\270\321\207\320\275\320\276\320\265.md"
[2026-06-25 19:13:51]  delete mode 100644 "Life/Calendula/Calendula/2026/\320\244\320\265\320\262\321\200\320\260\320\273\321\214/06-02-26/06.3-02-26 \320\234\321\213\321\201\320\273\320\270.md"
[2026-06-25 19:13:51]  delete mode 100644 "Life/Calendula/Calendula/2026/\320\244\320\265\320\262\321\200\320\260\320\273\321\214/07-02-26/07-02-26.md"
[2026-06-25 19:13:51]  delete mode 100644 "Life/Calendula/Calendula/2026/\320\244\320\265\320\262\321\200\320\260\320\273\321\214/07-02-26/07.1-02-26 \320\241\320\276\321\206.md"
[2026-06-25 19:13:51]  delete mode 100644 "Life/Calendula/Calendula/2026/\320\244\320\265\320\262\321\200\320\260\320\273\321\214/07-02-26/07.2-02-26 \320\233\320\270\321\207\320\275\320\276\320\265.md"
[2026-06-25 19:13:51]  delete mode 100644 "Life/Calendula/Calendula/2026/\320\244\320\265\320\262\321\200\320\260\320\273\321\214/07-02-26/07.3-02-26 \320\234\321\213\321\201\320\273\320\270.md"
[2026-06-25 19:13:51]  delete mode 100644 "Life/Calendula/Calendula/2026/\320\244\320\265\320\262\321\200\320\260\320\273\321\214/08-02-26/08-02-26.md"
[2026-06-25 19:13:51]  delete mode 100644 "Life/Calendula/Calendula/2026/\320\244\320\265\320\262\321\200\320\260\320\273\321\214/08-02-26/08.1-02-26 \320\241\320\276\321\206.md"
[2026-06-25 19:13:51]  delete mode 100644 "Life/Calendula/Calendula/2026/\320\244\320\265\320\262\321\200\320\260\320\273\321\214/08-02-26/08.2-02-26 \320\233\320\270\321\207\320\275\320\276\320\265.md"
[2026-06-25 19:13:51]  delete mode 100644 "Life/Calendula/Calendula/2026/\320\244\320\265\320\262\321\200\320\260\320\273\321\214/08-02-26/08.3-02-26 \320\234\321\213\321\201\320\273\320\270.md"
[2026-06-25 19:13:51]  delete mode 100644 "Life/Calendula/Calendula/2026/\320\244\320\265\320\262\321\200\320\260\320\273\321\214/09-02-26/09-02-26.md"
[2026-06-25 19:13:51]  delete mode 100644 "Life/Calendula/Calendula/2026/\320\244\320\265\320\262\321\200\320\260\320\273\321\214/09-02-26/09.1-02-26 \320\241\320\276\321\206.md"
[2026-06-25 19:13:51]  delete mode 100644 "Life/Calendula/Calendula/2026/\320\244\320\265\320\262\321\200\320\260\320\273\321\214/09-02-26/09.2-02-26 \320\233\320\270\321\207\320\275\320\276\320\265.md"
[2026-06-25 19:13:51]  delete mode 100644 "Life/Calendula/Calendula/2026/\320\244\320\265\320\262\321\200\320\260\320\273\321\214/09-02-26/09.3-02-26 \320\234\321\213\321\201\320\273\320\270.md"
[2026-06-25 19:13:51]  delete mode 100644 "Life/Calendula/Calendula/2026/\320\244\320\265\320\262\321\200\320\260\320\273\321\214/10-02-26/10-02-26.md"
[2026-06-25 19:13:51]  delete mode 100644 "Life/Calendula/Calendula/2026/\320\244\320\265\320\262\321\200\320\260\320\273\321\214/10-02-26/10.1-02-26 \320\241\320\276\321\206.md"
[2026-06-25 19:13:51]  delete mode 100644 "Life/Calendula/Calendula/2026/\320\244\320\265\320\262\321\200\320\260\320\273\321\214/10-02-26/10.2-02-26 \320\233\320\270\321\207\320\275\320\276\320\265.md"
[2026-06-25 19:13:51]  delete mode 100644 "Life/Calendula/Calendula/2026/\320\244\320\265\320\262\321\200\320\260\320\273\321\214/10-02-26/10.3-02-26 \320\234\321\213\321\201\320\273\320\270.md"
[2026-06-25 19:13:51]  delete mode 100644 "Life/Calendula/Calendula/2026/\320\244\320\265\320\262\321\200\320\260\320\273\321\214/11-02-26/11-02-26.md"
[2026-06-25 19:13:51]  delete mode 100644 "Life/Calendula/Calendula/2026/\320\244\320\265\320\262\321\200\320\260\320\273\321\214/11-02-26/11.1-02-26 \320\241\320\276\321\206.md"
[2026-06-25 19:13:51]  delete mode 100644 "Life/Calendula/Calendula/2026/\320\244\320\265\320\262\321\200\320\260\320\273\321\214/11-02-26/11.2-02-26 \320\233\320\270\321\207\320\275\320\276\320\265.md"
[2026-06-25 19:13:51]  delete mode 100644 "Life/Calendula/Calendula/2026/\320\244\320\265\320\262\321\200\320\260\320\273\321\214/11-02-26/11.3-02-26 \320\234\321\213\321\201\320\273\320\270.md"
[2026-06-25 19:13:51]  delete mode 100644 "Life/Calendula/Calendula/2026/\320\244\320\265\320\262\321\200\320\260\320\273\321\214/12-02-26/12-02-26.md"
[2026-06-25 19:13:51]  delete mode 100644 "Life/Calendula/Calendula/2026/\320\244\320\265\320\262\321\200\320\260\320\273\321\214/12-02-26/12.1-02-26 \320\241\320\276\321\206.md"
[2026-06-25 19:13:51]  delete mode 100644 "Life/Calendula/Calendula/2026/\320\244\320\265\320\262\321\200\320\260\320\273\321\214/12-02-26/12.2-02-26 \320\233\320\270\321\207\320\275\320\276\320\265.md"
[2026-06-25 19:13:51]  delete mode 100644 "Life/Calendula/Calendula/2026/\320\244\320\265\320\262\321\200\320\260\320\273\321\214/12-02-26/12.3-02-26 \320\234\321\213\321\201\320\273\320\270.md"
[2026-06-25 19:13:51]  delete mode 100644 "Life/Calendula/Calendula/2026/\320\244\320\265\320\262\321\200\320\260\320\273\321\214/13-02-26/13-02-26.md"
[2026-06-25 19:13:51]  delete mode 100644 "Life/Calendula/Calendula/2026/\320\244\320\265\320\262\321\200\320\260\320\273\321\214/13-02-26/13.1-02-26 \320\241\320\276\321\206.md"
[2026-06-25 19:13:51]  delete mode 100644 "Life/Calendula/Calendula/2026/\320\244\320\265\320\262\321\200\320\260\320\273\321\214/13-02-26/13.2-02-26 \320\233\320\270\321\207\320\275\320\276\320\265.md"
[2026-06-25 19:13:51]  delete mode 100644 "Life/Calendula/Calendula/2026/\320\244\320\265\320\262\321\200\320\260\320\273\321\214/13-02-26/13.3-02-26 \320\234\321\213\321\201\320\273\320\270.md"
[2026-06-25 19:13:51]  delete mode 100644 "Life/Calendula/Calendula/2026/\320\244\320\265\320\262\321\200\320\260\320\273\321\214/14-02-26/14-02-26.md"
[2026-06-25 19:13:51]  delete mode 100644 "Life/Calendula/Calendula/2026/\320\244\320\265\320\262\321\200\320\260\320\273\321\214/14-02-26/14.1-02-26 \320\241\320\276\321\206.md"
[2026-06-25 19:13:51]  delete mode 100644 "Life/Calendula/Calendula/2026/\320\244\320\265\320\262\321\200\320\260\320\273\321\214/14-02-26/14.2-02-26 \320\233\320\270\321\207\320\275\320\276\320\265.md"
[2026-06-25 19:13:51]  delete mode 100644 "Life/Calendula/Calendula/2026/\320\244\320\265\320\262\321\200\320\260\320\273\321\214/14-02-26/14.3-02-26 \320\234\321\213\321\201\320\273\320\270.md"
[2026-06-25 19:13:51]  delete mode 100644 "Life/Calendula/Calendula/2026/\320\244\320\265\320\262\321\200\320\260\320\273\321\214/15-02-26/15-02-26.md"
[2026-06-25 19:13:51]  delete mode 100644 "Life/Calendula/Calendula/2026/\320\244\320\265\320\262\321\200\320\260\320\273\321\214/15-02-26/15.1-02-26 \320\241\320\276\321\206.md"
[2026-06-25 19:13:51]  delete mode 100644 "Life/Calendula/Calendula/2026/\320\244\320\265\320\262\321\200\320\260\320\273\321\214/15-02-26/15.2-02-26 \320\233\320\270\321\207\320\275\320\276\320\265.md"
[2026-06-25 19:13:51]  delete mode 100644 "Life/Calendula/Calendula/2026/\320\244\320\265\320\262\321\200\320\260\320\273\321\214/15-02-26/15.3-02-26 \320\234\321\213\321\201\320\273\320\270.md"
[2026-06-25 19:13:51]  delete mode 100644 "Life/Calendula/Calendula/2026/\320\244\320\265\320\262\321\200\320\260\320\273\321\214/16-02-26/16-02-26.md"
[2026-06-25 19:13:51]  delete mode 100644 "Life/Calendula/Calendula/2026/\320\244\320\265\320\262\321\200\320\260\320\273\321\214/16-02-26/16.1-02-26 \320\241\320\276\321\206.md"
[2026-06-25 19:13:51]  delete mode 100644 "Life/Calendula/Calendula/2026/\320\244\320\265\320\262\321\200\320\260\320\273\321\214/16-02-26/16.2-02-26 \320\233\320\270\321\207\320\275\320\276\320\265.md"
[2026-06-25 19:13:51]  delete mode 100644 "Life/Calendula/Calendula/2026/\320\244\320\265\320\262\321\200\320\260\320\273\321\214/16-02-26/16.3-02-26 \320\234\321\213\321\201\320\273\320\270.md"
[2026-06-25 19:13:51]  delete mode 100644 "Life/Calendula/Calendula/2026/\320\244\320\265\320\262\321\200\320\260\320\273\321\214/17-02-26/17-02-26.md"
[2026-06-25 19:13:51]  delete mode 100644 "Life/Calendula/Calendula/2026/\320\244\320\265\320\262\321\200\320\260\320\273\321\214/17-02-26/17.1-02-26 \320\241\320\276\321\206.md"
[2026-06-25 19:13:51]  delete mode 100644 "Life/Calendula/Calendula/2026/\320\244\320\265\320\262\321\200\320\260\320\273\321\214/17-02-26/17.2-02-26 \320\233\320\270\321\207\320\275\320\276\320\265.md"
[2026-06-25 19:13:51]  delete mode 100644 "Life/Calendula/Calendula/2026/\320\244\320\265\320\262\321\200\320\260\320\273\321\214/17-02-26/17.3-02-26 \320\234\321\213\321\201\320\273\320\270.md"
[2026-06-25 19:13:51]  delete mode 100644 "Life/Calendula/Calendula/2026/\320\244\320\265\320\262\321\200\320\260\320\273\321\214/18-02-26/18-02-26.md"
[2026-06-25 19:13:51]  delete mode 100644 "Life/Calendula/Calendula/2026/\320\244\320\265\320\262\321\200\320\260\320\273\321\214/18-02-26/18.1-02-26 \320\241\320\276\321\206.md"
[2026-06-25 19:13:51]  delete mode 100644 "Life/Calendula/Calendula/2026/\320\244\320\265\320\262\321\200\320\260\320\273\321\214/18-02-26/18.2-02-26 \320\233\320\270\321\207\320\275\320\276\320\265.md"
[2026-06-25 19:13:51]  delete mode 100644 "Life/Calendula/Calendula/2026/\320\244\320\265\320\262\321\200\320\260\320\273\321\214/18-02-26/18.3-02-26 \320\234\321\213\321\201\320\273\320\270.md"
[2026-06-25 19:13:51]  delete mode 100644 "Life/Calendula/Calendula/2026/\320\244\320\265\320\262\321\200\320\260\320\273\321\214/19-02-26/19-02-26.md"
[2026-06-25 19:13:51]  delete mode 100644 "Life/Calendula/Calendula/2026/\320\244\320\265\320\262\321\200\320\260\320\273\321\214/19-02-26/19.1-02-26 \320\241\320\276\321\206.md"
[2026-06-25 19:13:51]  delete mode 100644 "Life/Calendula/Calendula/2026/\320\244\320\265\320\262\321\200\320\260\320\273\321\214/19-02-26/19.2-02-26 \320\233\320\270\321\207\320\275\320\276\320\265.md"
[2026-06-25 19:13:51]  delete mode 100644 "Life/Calendula/Calendula/2026/\320\244\320\265\320\262\321\200\320\260\320\273\321\214/19-02-26/19.3-02-26 \320\234\321\213\321\201\320\273\320\270.md"
[2026-06-25 19:13:51]  delete mode 100644 "Life/Calendula/Calendula/2026/\320\244\320\265\320\262\321\200\320\260\320\273\321\214/20-02-26/20-02-26.md"
[2026-06-25 19:13:51]  delete mode 100644 "Life/Calendula/Calendula/2026/\320\244\320\265\320\262\321\200\320\260\320\273\321\214/20-02-26/20.1-02-26 \320\241\320\276\321\206.md"
[2026-06-25 19:13:51]  delete mode 100644 "Life/Calendula/Calendula/2026/\320\244\320\265\320\262\321\200\320\260\320\273\321\214/20-02-26/20.2-02-26 \320\233\320\270\321\207\320\275\320\276\320\265.md"
[2026-06-25 19:13:51]  delete mode 100644 "Life/Calendula/Calendula/2026/\320\244\320\265\320\262\321\200\320\260\320\273\321\214/20-02-26/20.3-02-26 \320\234\321\213\321\201\320\273\320\270.md"
[2026-06-25 19:13:51]  delete mode 100644 "Life/Calendula/Calendula/2026/\320\244\320\265\320\262\321\200\320\260\320\273\321\214/21-02-26/21-02-26.md"
[2026-06-25 19:13:51]  delete mode 100644 "Life/Calendula/Calendula/2026/\320\244\320\265\320\262\321\200\320\260\320\273\321\214/21-02-26/21.1-02-26 \320\241\320\276\321\206.md"
[2026-06-25 19:13:51]  delete mode 100644 "Life/Calendula/Calendula/2026/\320\244\320\265\320\262\321\200\320\260\320\273\321\214/21-02-26/21.2-02-26 \320\233\320\270\321\207\320\275\320\276\320\265.md"
[2026-06-25 19:13:51]  delete mode 100644 "Life/Calendula/Calendula/2026/\320\244\320\265\320\262\321\200\320\260\320\273\321\214/21-02-26/21.3-02-26 \320\234\321\213\321\201\320\273\320\270.md"
[2026-06-25 19:13:51]  delete mode 100644 "Life/Calendula/Calendula/2026/\320\244\320\265\320\262\321\200\320\260\320\273\321\214/22-02-26/22-02-26.md"
[2026-06-25 19:13:51]  delete mode 100644 "Life/Calendula/Calendula/2026/\320\244\320\265\320\262\321\200\320\260\320\273\321\214/22-02-26/22.1-02-26 \320\241\320\276\321\206.md"
[2026-06-25 19:13:51]  delete mode 100644 "Life/Calendula/Calendula/2026/\320\244\320\265\320\262\321\200\320\260\320\273\321\214/22-02-26/22.2-02-26 \320\233\320\270\321\207\320\275\320\276\320\265.md"
[2026-06-25 19:13:51]  delete mode 100644 "Life/Calendula/Calendula/2026/\320\244\320\265\320\262\321\200\320\260\320\273\321\214/22-02-26/22.3-02-26 \320\234\321\213\321\201\320\273\320\270.md"
[2026-06-25 19:13:51]  delete mode 100644 "Life/Calendula/Calendula/2026/\320\244\320\265\320\262\321\200\320\260\320\273\321\214/23-02-26/23-02-26.md"
[2026-06-25 19:13:51]  delete mode 100644 "Life/Calendula/Calendula/2026/\320\244\320\265\320\262\321\200\320\260\320\273\321\214/23-02-26/23.1-02-26 \320\241\320\276\321\206.md"
[2026-06-25 19:13:51]  delete mode 100644 "Life/Calendula/Calendula/2026/\320\244\320\265\320\262\321\200\320\260\320\273\321\214/23-02-26/23.2-02-26 \320\233\320\270\321\207\320\275\320\276\320\265.md"
[2026-06-25 19:13:51]  delete mode 100644 "Life/Calendula/Calendula/2026/\320\244\320\265\320\262\321\200\320\260\320\273\321\214/23-02-26/23.3-02-26 \320\234\321\213\321\201\320\273\320\270.md"
[2026-06-25 19:13:51]  delete mode 100644 "Life/Calendula/Calendula/2026/\320\244\320\265\320\262\321\200\320\260\320\273\321\214/24-02-26/24-02-26.md"
[2026-06-25 19:13:51]  delete mode 100644 "Life/Calendula/Calendula/2026/\320\244\320\265\320\262\321\200\320\260\320\273\321\214/24-02-26/24.1-02-26 \320\241\320\276\321\206.md"
[2026-06-25 19:13:51]  delete mode 100644 "Life/Calendula/Calendula/2026/\320\244\320\265\320\262\321\200\320\260\320\273\321\214/24-02-26/24.2-02-26 \320\233\320\270\321\207\320\275\320\276\320\265.md"
[2026-06-25 19:13:51]  delete mode 100644 "Life/Calendula/Calendula/2026/\320\244\320\265\320\262\321\200\320\260\320\273\321\214/24-02-26/24.3-02-26 \320\234\321\213\321\201\320\273\320\270.md"
[2026-06-25 19:13:51]  delete mode 100644 "Life/Calendula/Calendula/2026/\320\244\320\265\320\262\321\200\320\260\320\273\321\214/25-02-26/25-02-26.md"
[2026-06-25 19:13:51]  delete mode 100644 "Life/Calendula/Calendula/2026/\320\244\320\265\320\262\321\200\320\260\320\273\321\214/25-02-26/25.1-02-26 \320\241\320\276\321\206.md"
[2026-06-25 19:13:51]  delete mode 100644 "Life/Calendula/Calendula/2026/\320\244\320\265\320\262\321\200\320\260\320\273\321\214/25-02-26/25.2-02-26 \320\233\320\270\321\207\320\275\320\276\320\265.md"
[2026-06-25 19:13:51]  delete mode 100644 "Life/Calendula/Calendula/2026/\320\244\320\265\320\262\321\200\320\260\320\273\321\214/25-02-26/25.3-02-26 \320\234\321\213\321\201\320\273\320\270.md"
[2026-06-25 19:13:51]  delete mode 100644 "Life/Calendula/Calendula/2026/\320\244\320\265\320\262\321\200\320\260\320\273\321\214/26-02-26/26-02-26.md"
[2026-06-25 19:13:51]  delete mode 100644 "Life/Calendula/Calendula/2026/\320\244\320\265\320\262\321\200\320\260\320\273\321\214/26-02-26/26.1-02-26 \320\241\320\276\321\206.md"
[2026-06-25 19:13:51]  delete mode 100644 "Life/Calendula/Calendula/2026/\320\244\320\265\320\262\321\200\320\260\320\273\321\214/26-02-26/26.2-02-26 \320\233\320\270\321\207\320\275\320\276\320\265.md"
[2026-06-25 19:13:51]  delete mode 100644 "Life/Calendula/Calendula/2026/\320\244\320\265\320\262\321\200\320\260\320\273\321\214/26-02-26/26.3-02-26 \320\234\321\213\321\201\320\273\320\270.md"
[2026-06-25 19:13:51]  delete mode 100644 "Life/Calendula/Calendula/2026/\320\244\320\265\320\262\321\200\320\260\320\273\321\214/27-02-26/27-02-26.md"
[2026-06-25 19:13:51]  delete mode 100644 "Life/Calendula/Calendula/2026/\320\244\320\265\320\262\321\200\320\260\320\273\321\214/27-02-26/27.1-02-26 \320\241\320\276\321\206.md"
[2026-06-25 19:13:51]  delete mode 100644 "Life/Calendula/Calendula/2026/\320\244\320\265\320\262\321\200\320\260\320\273\321\214/27-02-26/27.2-02-26 \320\233\320\270\321\207\320\275\320\276\320\265.md"
[2026-06-25 19:13:51]  delete mode 100644 "Life/Calendula/Calendula/2026/\320\244\320\265\320\262\321\200\320\260\320\273\321\214/27-02-26/27.3-02-26 \320\234\321\213\321\201\320\273\320\270.md"
[2026-06-25 19:13:51]  delete mode 100644 "Life/Calendula/Calendula/2026/\320\244\320\265\320\262\321\200\320\260\320\273\321\214/28-02-26/28-02-26.md"
[2026-06-25 19:13:51]  delete mode 100644 "Life/Calendula/Calendula/2026/\320\244\320\265\320\262\321\200\320\260\320\273\321\214/28-02-26/28.1-02-26 \320\241\320\276\321\206.md"
[2026-06-25 19:13:51]  delete mode 100644 "Life/Calendula/Calendula/2026/\320\244\320\265\320\262\321\200\320\260\320\273\321\214/28-02-26/28.2-02-26 \320\233\320\270\321\207\320\275\320\276\320\265.md"
[2026-06-25 19:13:51]  delete mode 100644 "Life/Calendula/Calendula/2026/\320\244\320\265\320\262\321\200\320\260\320\273\321\214/28-02-26/28.3-02-26 \320\234\321\213\321\201\320\273\320\270.md"
[2026-06-25 19:13:51]  delete mode 100644 "Life/Calendula/Calendula/2026/\320\244\320\265\320\262\321\200\320\260\320\273\321\214/\320\244\320\265\320\262\321\200\320\260\320\273\321\21426.md"
[2026-06-25 19:13:51]  delete mode 100644 "Life/Calendula/Calendula/2026/\320\257\320\275\320\262\320\260\321\200\321\214/01-01-26/01-01-26.md"
[2026-06-25 19:13:51]  delete mode 100644 "Life/Calendula/Calendula/2026/\320\257\320\275\320\262\320\260\321\200\321\214/01-01-26/01.1-01-26 \320\241\320\276\321\206.md"
[2026-06-25 19:13:51]  delete mode 100644 "Life/Calendula/Calendula/2026/\320\257\320\275\320\262\320\260\321\200\321\214/01-01-26/01.2-01-26 \320\233\320\270\321\207\320\275\320\276\320\265.md"
[2026-06-25 19:13:51]  delete mode 100644 "Life/Calendula/Calendula/2026/\320\257\320\275\320\262\320\260\321\200\321\214/01-01-26/01.3-01-26 \320\234\321\213\321\201\320\273\320\270.md"
[2026-06-25 19:13:51]  delete mode 100644 "Life/Calendula/Calendula/2026/\320\257\320\275\320\262\320\260\321\200\321\214/02-01-26/02-01-26.md"
[2026-06-25 19:13:51]  delete mode 100644 "Life/Calendula/Calendula/2026/\320\257\320\275\320\262\320\260\321\200\321\214/02-01-26/02.1-01-26 \320\241\320\276\321\206.md"
[2026-06-25 19:13:51]  delete mode 100644 "Life/Calendula/Calendula/2026/\320\257\320\275\320\262\320\260\321\200\321\214/02-01-26/02.2-01-26 \320\233\320\270\321\207\320\275\320\276\320\265.md"
[2026-06-25 19:13:51]  delete mode 100644 "Life/Calendula/Calendula/2026/\320\257\320\275\320\262\320\260\321\200\321\214/02-01-26/02.3-01-26 \320\234\321\213\321\201\320\273\320\270.md"
[2026-06-25 19:13:51]  delete mode 100644 "Life/Calendula/Calendula/2026/\320\257\320\275\320\262\320\260\321\200\321\214/03-01-26/03-01-26.md"
[2026-06-25 19:13:51]  delete mode 100644 "Life/Calendula/Calendula/2026/\320\257\320\275\320\262\320\260\321\200\321\214/03-01-26/03.1-01-26 \320\241\320\276\321\206.md"
[2026-06-25 19:13:51]  delete mode 100644 "Life/Calendula/Calendula/2026/\320\257\320\275\320\262\320\260\321\200\321\214/03-01-26/03.2-01-26 \320\233\320\270\321\207\320\275\320\276\320\265.md"
[2026-06-25 19:13:51]  delete mode 100644 "Life/Calendula/Calendula/2026/\320\257\320\275\320\262\320\260\321\200\321\214/03-01-26/03.3-01-26 \320\234\321\213\321\201\320\273\320\270.md"
[2026-06-25 19:13:51]  delete mode 100644 "Life/Calendula/Calendula/2026/\320\257\320\275\320\262\320\260\321\200\321\214/04-01-26/04-01-26.md"
[2026-06-25 19:13:51]  delete mode 100644 "Life/Calendula/Calendula/2026/\320\257\320\275\320\262\320\260\321\200\321\214/04-01-26/04.1-01-26 \320\241\320\276\321\206.md"
[2026-06-25 19:13:51]  delete mode 100644 "Life/Calendula/Calendula/2026/\320\257\320\275\320\262\320\260\321\200\321\214/04-01-26/04.2-01-26 \320\233\320\270\321\207\320\275\320\276\320\265.md"
[2026-06-25 19:13:51]  delete mode 100644 "Life/Calendula/Calendula/2026/\320\257\320\275\320\262\320\260\321\200\321\214/04-01-26/04.3-01-26 \320\234\321\213\321\201\320\273\320\270.md"
[2026-06-25 19:13:51]  delete mode 100644 "Life/Calendula/Calendula/2026/\320\257\320\275\320\262\320\260\321\200\321\214/05-01-26/05-01-26.md"
[2026-06-25 19:13:51]  delete mode 100644 "Life/Calendula/Calendula/2026/\320\257\320\275\320\262\320\260\321\200\321\214/05-01-26/05.1-01-26 \320\241\320\276\321\206.md"
[2026-06-25 19:13:51]  delete mode 100644 "Life/Calendula/Calendula/2026/\320\257\320\275\320\262\320\260\321\200\321\214/05-01-26/05.2-01-26 \320\233\320\270\321\207\320\275\320\276\320\265.md"
[2026-06-25 19:13:51]  delete mode 100644 "Life/Calendula/Calendula/2026/\320\257\320\275\320\262\320\260\321\200\321\214/05-01-26/05.3-01-26 \320\234\321\213\321\201\320\273\320\270.md"
[2026-06-25 19:13:51]  delete mode 100644 "Life/Calendula/Calendula/2026/\320\257\320\275\320\262\320\260\321\200\321\214/06-01-26/06-01-26.md"
[2026-06-25 19:13:51]  delete mode 100644 "Life/Calendula/Calendula/2026/\320\257\320\275\320\262\320\260\321\200\321\214/06-01-26/06.1-01-26 \320\241\320\276\321\206.md"
[2026-06-25 19:13:51]  delete mode 100644 "Life/Calendula/Calendula/2026/\320\257\320\275\320\262\320\260\321\200\321\214/06-01-26/06.2-01-26 \320\233\320\270\321\207\320\275\320\276\320\265.md"
[2026-06-25 19:13:51]  delete mode 100644 "Life/Calendula/Calendula/2026/\320\257\320\275\320\262\320\260\321\200\321\214/06-01-26/06.3-01-26 \320\234\321\213\321\201\320\273\320\270.md"
[2026-06-25 19:13:51]  delete mode 100644 "Life/Calendula/Calendula/2026/\320\257\320\275\320\262\320\260\321\200\321\214/07-01-26/07-01-26.md"
[2026-06-25 19:13:51]  delete mode 100644 "Life/Calendula/Calendula/2026/\320\257\320\275\320\262\320\260\321\200\321\214/07-01-26/07.1-01-26 \320\241\320\276\321\206.md"
[2026-06-25 19:13:51]  delete mode 100644 "Life/Calendula/Calendula/2026/\320\257\320\275\320\262\320\260\321\200\321\214/07-01-26/07.2-01-26 \320\233\320\270\321\207\320\275\320\276\320\265.md"
[2026-06-25 19:13:51]  delete mode 100644 "Life/Calendula/Calendula/2026/\320\257\320\275\320\262\320\260\321\200\321\214/07-01-26/07.3-01-26 \320\234\321\213\321\201\320\273\320\270.md"
[2026-06-25 19:13:51]  delete mode 100644 "Life/Calendula/Calendula/2026/\320\257\320\275\320\262\320\260\321\200\321\214/08-01-26/08-01-26.md"
[2026-06-25 19:13:51]  delete mode 100644 "Life/Calendula/Calendula/2026/\320\257\320\275\320\262\320\260\321\200\321\214/08-01-26/08.1-01-26 \320\241\320\276\321\206.md"
[2026-06-25 19:13:51]  delete mode 100644 "Life/Calendula/Calendula/2026/\320\257\320\275\320\262\320\260\321\200\321\214/08-01-26/08.2-01-26 \320\233\320\270\321\207\320\275\320\276\320\265.md"
[2026-06-25 19:13:51]  delete mode 100644 "Life/Calendula/Calendula/2026/\320\257\320\275\320\262\320\260\321\200\321\214/08-01-26/08.3-01-26 \320\234\321\213\321\201\320\273\320\270.md"
[2026-06-25 19:13:51]  delete mode 100644 "Life/Calendula/Calendula/2026/\320\257\320\275\320\262\320\260\321\200\321\214/09-01-26/09-01-26.md"
[2026-06-25 19:13:51]  delete mode 100644 "Life/Calendula/Calendula/2026/\320\257\320\275\320\262\320\260\321\200\321\214/09-01-26/09.1-01-26 \320\241\320\276\321\206.md"
[2026-06-25 19:13:51]  delete mode 100644 "Life/Calendula/Calendula/2026/\320\257\320\275\320\262\320\260\321\200\321\214/09-01-26/09.2-01-26 \320\233\320\270\321\207\320\275\320\276\320\265.md"
[2026-06-25 19:13:51]  delete mode 100644 "Life/Calendula/Calendula/2026/\320\257\320\275\320\262\320\260\321\200\321\214/09-01-26/09.3-01-26 \320\234\321\213\321\201\320\273\320\270.md"
[2026-06-25 19:13:51]  delete mode 100644 "Life/Calendula/Calendula/2026/\320\257\320\275\320\262\320\260\321\200\321\214/10-01-26/10-01-26.md"
[2026-06-25 19:13:51]  delete mode 100644 "Life/Calendula/Calendula/2026/\320\257\320\275\320\262\320\260\321\200\321\214/10-01-26/10.1-01-26 \320\241\320\276\321\206.md"
[2026-06-25 19:13:51]  delete mode 100644 "Life/Calendula/Calendula/2026/\320\257\320\275\320\262\320\260\321\200\321\214/10-01-26/10.2-01-26 \320\233\320\270\321\207\320\275\320\276\320\265.md"
[2026-06-25 19:13:51]  delete mode 100644 "Life/Calendula/Calendula/2026/\320\257\320\275\320\262\320\260\321\200\321\214/10-01-26/10.3-01-26 \320\234\321\213\321\201\320\273\320\270.md"
[2026-06-25 19:13:51]  delete mode 100644 "Life/Calendula/Calendula/2026/\320\257\320\275\320\262\320\260\321\200\321\214/11-01-26/11-01-26.md"
[2026-06-25 19:13:51]  delete mode 100644 "Life/Calendula/Calendula/2026/\320\257\320\275\320\262\320\260\321\200\321\214/11-01-26/11.1-01-26 \320\241\320\276\321\206.md"
[2026-06-25 19:13:51]  delete mode 100644 "Life/Calendula/Calendula/2026/\320\257\320\275\320\262\320\260\321\200\321\214/11-01-26/11.2-01-26 \320\233\320\270\321\207\320\275\320\276\320\265.md"
[2026-06-25 19:13:51]  delete mode 100644 "Life/Calendula/Calendula/2026/\320\257\320\275\320\262\320\260\321\200\321\214/11-01-26/11.3-01-26 \320\234\321\213\321\201\320\273\320\270.md"
[2026-06-25 19:13:51]  delete mode 100644 "Life/Calendula/Calendula/2026/\320\257\320\275\320\262\320\260\321\200\321\214/12-01-26/12-01-26.md"
[2026-06-25 19:13:51]  delete mode 100644 "Life/Calendula/Calendula/2026/\320\257\320\275\320\262\320\260\321\200\321\214/12-01-26/12.1-01-26 \320\241\320\276\321\206.md"
[2026-06-25 19:13:51]  delete mode 100644 "Life/Calendula/Calendula/2026/\320\257\320\275\320\262\320\260\321\200\321\214/12-01-26/12.2-01-26 \320\233\320\270\321\207\320\275\320\276\320\265.md"
[2026-06-25 19:13:51]  delete mode 100644 "Life/Calendula/Calendula/2026/\320\257\320\275\320\262\320\260\321\200\321\214/12-01-26/12.3-01-26 \320\234\321\213\321\201\320\273\320\270.md"
[2026-06-25 19:13:51]  delete mode 100644 "Life/Calendula/Calendula/2026/\320\257\320\275\320\262\320\260\321\200\321\214/13-01-26/13-01-26.md"
[2026-06-25 19:13:51]  delete mode 100644 "Life/Calendula/Calendula/2026/\320\257\320\275\320\262\320\260\321\200\321\214/13-01-26/13.1-01-26 \320\241\320\276\321\206.md"
[2026-06-25 19:13:51]  delete mode 100644 "Life/Calendula/Calendula/2026/\320\257\320\275\320\262\320\260\321\200\321\214/13-01-26/13.2-01-26 \320\233\320\270\321\207\320\275\320\276\320\265.md"
[2026-06-25 19:13:51]  delete mode 100644 "Life/Calendula/Calendula/2026/\320\257\320\275\320\262\320\260\321\200\321\214/13-01-26/13.3-01-26 \320\234\321\213\321\201\320\273\320\270.md"
[2026-06-25 19:13:51]  delete mode 100644 "Life/Calendula/Calendula/2026/\320\257\320\275\320\262\320\260\321\200\321\214/14-01-26/14-01-26.md"
[2026-06-25 19:13:51]  delete mode 100644 "Life/Calendula/Calendula/2026/\320\257\320\275\320\262\320\260\321\200\321\214/14-01-26/14.1-01-26 \320\241\320\276\321\206.md"
[2026-06-25 19:13:51]  delete mode 100644 "Life/Calendula/Calendula/2026/\320\257\320\275\320\262\320\260\321\200\321\214/14-01-26/14.2-01-26 \320\233\320\270\321\207\320\275\320\276\320\265.md"
[2026-06-25 19:13:51]  delete mode 100644 "Life/Calendula/Calendula/2026/\320\257\320\275\320\262\320\260\321\200\321\214/14-01-26/14.3-01-26 \320\234\321\213\321\201\320\273\320\270.md"
[2026-06-25 19:13:51]  delete mode 100644 "Life/Calendula/Calendula/2026/\320\257\320\275\320\262\320\260\321\200\321\214/15-01-26/15-01-26.md"
[2026-06-25 19:13:51]  delete mode 100644 "Life/Calendula/Calendula/2026/\320\257\320\275\320\262\320\260\321\200\321\214/15-01-26/15.1-01-26 \320\241\320\276\321\206.md"
[2026-06-25 19:13:51]  delete mode 100644 "Life/Calendula/Calendula/2026/\320\257\320\275\320\262\320\260\321\200\321\214/15-01-26/15.2-01-26 \320\233\320\270\321\207\320\275\320\276\320\265.md"
[2026-06-25 19:13:51]  delete mode 100644 "Life/Calendula/Calendula/2026/\320\257\320\275\320\262\320\260\321\200\321\214/15-01-26/15.3-01-26 \320\234\321\213\321\201\320\273\320\270.md"
[2026-06-25 19:13:51]  delete mode 100644 "Life/Calendula/Calendula/2026/\320\257\320\275\320\262\320\260\321\200\321\214/16-01-26/16-01-26.md"
[2026-06-25 19:13:51]  delete mode 100644 "Life/Calendula/Calendula/2026/\320\257\320\275\320\262\320\260\321\200\321\214/16-01-26/16.1-01-26 \320\241\320\276\321\206.md"
[2026-06-25 19:13:51]  delete mode 100644 "Life/Calendula/Calendula/2026/\320\257\320\275\320\262\320\260\321\200\321\214/16-01-26/16.2-01-26 \320\233\320\270\321\207\320\275\320\276\320\265.md"
[2026-06-25 19:13:51]  delete mode 100644 "Life/Calendula/Calendula/2026/\320\257\320\275\320\262\320\260\321\200\321\214/16-01-26/16.3-01-26 \320\234\321\213\321\201\320\273\320\270.md"
[2026-06-25 19:13:51]  delete mode 100644 "Life/Calendula/Calendula/2026/\320\257\320\275\320\262\320\260\321\200\321\214/17-01-26/17-01-26.md"
[2026-06-25 19:13:51]  delete mode 100644 "Life/Calendula/Calendula/2026/\320\257\320\275\320\262\320\260\321\200\321\214/17-01-26/17.1-01-26 \320\241\320\276\321\206.md"
[2026-06-25 19:13:51]  delete mode 100644 "Life/Calendula/Calendula/2026/\320\257\320\275\320\262\320\260\321\200\321\214/17-01-26/17.2-01-26 \320\233\320\270\321\207\320\275\320\276\320\265.md"
[2026-06-25 19:13:51]  delete mode 100644 "Life/Calendula/Calendula/2026/\320\257\320\275\320\262\320\260\321\200\321\214/17-01-26/17.3-01-26 \320\234\321\213\321\201\320\273\320\270.md"
[2026-06-25 19:13:52]  delete mode 100644 "Life/Calendula/Calendula/2026/\320\257\320\275\320\262\320\260\321\200\321\214/18-01-26/18-01-26.md"
[2026-06-25 19:13:52]  delete mode 100644 "Life/Calendula/Calendula/2026/\320\257\320\275\320\262\320\260\321\200\321\214/18-01-26/18.1-01-26 \320\241\320\276\321\206.md"
[2026-06-25 19:13:52]  delete mode 100644 "Life/Calendula/Calendula/2026/\320\257\320\275\320\262\320\260\321\200\321\214/18-01-26/18.2-01-26 \320\233\320\270\321\207\320\275\320\276\320\265.md"
[2026-06-25 19:13:52]  delete mode 100644 "Life/Calendula/Calendula/2026/\320\257\320\275\320\262\320\260\321\200\321\214/18-01-26/18.3-01-26 \320\234\321\213\321\201\320\273\320\270.md"
[2026-06-25 19:13:52]  delete mode 100644 "Life/Calendula/Calendula/2026/\320\257\320\275\320\262\320\260\321\200\321\214/19-01-26/19-01-26.md"
[2026-06-25 19:13:52]  delete mode 100644 "Life/Calendula/Calendula/2026/\320\257\320\275\320\262\320\260\321\200\321\214/19-01-26/19.1-01-26 \320\241\320\276\321\206.md"
[2026-06-25 19:13:52]  delete mode 100644 "Life/Calendula/Calendula/2026/\320\257\320\275\320\262\320\260\321\200\321\214/19-01-26/19.2-01-26 \320\233\320\270\321\207\320\275\320\276\320\265.md"
[2026-06-25 19:13:52]  delete mode 100644 "Life/Calendula/Calendula/2026/\320\257\320\275\320\262\320\260\321\200\321\214/19-01-26/19.3-01-26 \320\234\321\213\321\201\320\273\320\270.md"
[2026-06-25 19:13:52]  delete mode 100644 "Life/Calendula/Calendula/2026/\320\257\320\275\320\262\320\260\321\200\321\214/20-01-26/20-01-26.md"
[2026-06-25 19:13:52]  delete mode 100644 "Life/Calendula/Calendula/2026/\320\257\320\275\320\262\320\260\321\200\321\214/20-01-26/20.1-01-26 \320\241\320\276\321\206.md"
[2026-06-25 19:13:52]  delete mode 100644 "Life/Calendula/Calendula/2026/\320\257\320\275\320\262\320\260\321\200\321\214/20-01-26/20.2-01-26 \320\233\320\270\321\207\320\275\320\276\320\265.md"
[2026-06-25 19:13:52]  delete mode 100644 "Life/Calendula/Calendula/2026/\320\257\320\275\320\262\320\260\321\200\321\214/20-01-26/20.3-01-26 \320\234\321\213\321\201\320\273\320\270.md"
[2026-06-25 19:13:52]  delete mode 100644 "Life/Calendula/Calendula/2026/\320\257\320\275\320\262\320\260\321\200\321\214/21-01-26/21.1-01-26 \320\241\320\276\321\206.md"
[2026-06-25 19:13:52]  delete mode 100644 "Life/Calendula/Calendula/2026/\320\257\320\275\320\262\320\260\321\200\321\214/21-01-26/21.2-01-26 \320\233\320\270\321\207\320\275\320\276\320\265.md"
[2026-06-25 19:13:52]  delete mode 100644 "Life/Calendula/Calendula/2026/\320\257\320\275\320\262\320\260\321\200\321\214/21-01-26/21.3-01-26 \320\234\321\213\321\201\320\273\320\270.md"
[2026-06-25 19:13:52]  delete mode 100644 "Life/Calendula/Calendula/2026/\320\257\320\275\320\262\320\260\321\200\321\214/22-01-26/22-01-26.md"
[2026-06-25 19:13:52]  delete mode 100644 "Life/Calendula/Calendula/2026/\320\257\320\275\320\262\320\260\321\200\321\214/22-01-26/22.1-01-26 \320\241\320\276\321\206.md"
[2026-06-25 19:13:52]  delete mode 100644 "Life/Calendula/Calendula/2026/\320\257\320\275\320\262\320\260\321\200\321\214/22-01-26/22.2-01-26 \320\233\320\270\321\207\320\275\320\276\320\265.md"
[2026-06-25 19:13:52]  delete mode 100644 "Life/Calendula/Calendula/2026/\320\257\320\275\320\262\320\260\321\200\321\214/22-01-26/22.3-01-26 \320\234\321\213\321\201\320\273\320\270.md"
[2026-06-25 19:13:52]  delete mode 100644 "Life/Calendula/Calendula/2026/\320\257\320\275\320\262\320\260\321\200\321\214/23-01-26/23-01-26.md"
[2026-06-25 19:13:52]  delete mode 100644 "Life/Calendula/Calendula/2026/\320\257\320\275\320\262\320\260\321\200\321\214/23-01-26/23.1-01-26 \320\241\320\276\321\206.md"
[2026-06-25 19:13:52]  delete mode 100644 "Life/Calendula/Calendula/2026/\320\257\320\275\320\262\320\260\321\200\321\214/23-01-26/23.2-01-26 \320\233\320\270\321\207\320\275\320\276\320\265.md"
[2026-06-25 19:13:52]  delete mode 100644 "Life/Calendula/Calendula/2026/\320\257\320\275\320\262\320\260\321\200\321\214/23-01-26/23.3-01-26 \320\234\321\213\321\201\320\273\320\270.md"
[2026-06-25 19:13:52]  delete mode 100644 "Life/Calendula/Calendula/2026/\320\257\320\275\320\262\320\260\321\200\321\214/24-01-26/24-01-26.md"
[2026-06-25 19:13:52]  delete mode 100644 "Life/Calendula/Calendula/2026/\320\257\320\275\320\262\320\260\321\200\321\214/24-01-26/24.1-01-26 \320\241\320\276\321\206.md"
[2026-06-25 19:13:52]  delete mode 100644 "Life/Calendula/Calendula/2026/\320\257\320\275\320\262\320\260\321\200\321\214/24-01-26/24.2-01-26 \320\233\320\270\321\207\320\275\320\276\320\265.md"
[2026-06-25 19:13:52]  delete mode 100644 "Life/Calendula/Calendula/2026/\320\257\320\275\320\262\320\260\321\200\321\214/24-01-26/24.3-01-26 \320\234\321\213\321\201\320\273\320\270.md"
[2026-06-25 19:13:52]  delete mode 100644 "Life/Calendula/Calendula/2026/\320\257\320\275\320\262\320\260\321\200\321\214/25-01-26/25-01-26.md"
[2026-06-25 19:13:52]  delete mode 100644 "Life/Calendula/Calendula/2026/\320\257\320\275\320\262\320\260\321\200\321\214/25-01-26/25.1-01-26 \320\241\320\276\321\206.md"
[2026-06-25 19:13:52]  delete mode 100644 "Life/Calendula/Calendula/2026/\320\257\320\275\320\262\320\260\321\200\321\214/25-01-26/25.2-01-26 \320\233\320\270\321\207\320\275\320\276\320\265.md"
[2026-06-25 19:13:52]  delete mode 100644 "Life/Calendula/Calendula/2026/\320\257\320\275\320\262\320\260\321\200\321\214/25-01-26/25.3-01-26 \320\234\321\213\321\201\320\273\320\270.md"
[2026-06-25 19:13:52]  delete mode 100644 "Life/Calendula/Calendula/2026/\320\257\320\275\320\262\320\260\321\200\321\214/26-01-26/26-01-26.md"
[2026-06-25 19:13:52]  delete mode 100644 "Life/Calendula/Calendula/2026/\320\257\320\275\320\262\320\260\321\200\321\214/26-01-26/26.1-01-26 \320\241\320\276\321\206.md"
[2026-06-25 19:13:52]  delete mode 100644 "Life/Calendula/Calendula/2026/\320\257\320\275\320\262\320\260\321\200\321\214/26-01-26/26.2-01-26 \320\233\320\270\321\207\320\275\320\276\320\265.md"
[2026-06-25 19:13:52]  delete mode 100644 "Life/Calendula/Calendula/2026/\320\257\320\275\320\262\320\260\321\200\321\214/26-01-26/26.3-01-26 \320\234\321\213\321\201\320\273\320\270.md"
[2026-06-25 19:13:52]  delete mode 100644 "Life/Calendula/Calendula/2026/\320\257\320\275\320\262\320\260\321\200\321\214/27-01-26/27-01-26.md"
[2026-06-25 19:13:52]  delete mode 100644 "Life/Calendula/Calendula/2026/\320\257\320\275\320\262\320\260\321\200\321\214/27-01-26/27.1-01-26 \320\241\320\276\321\206.md"
[2026-06-25 19:13:52]  delete mode 100644 "Life/Calendula/Calendula/2026/\320\257\320\275\320\262\320\260\321\200\321\214/27-01-26/27.2-01-26 \320\233\320\270\321\207\320\275\320\276\320\265.md"
[2026-06-25 19:13:52]  delete mode 100644 "Life/Calendula/Calendula/2026/\320\257\320\275\320\262\320\260\321\200\321\214/27-01-26/27.3-01-26 \320\234\321\213\321\201\320\273\320\270.md"
[2026-06-25 19:13:52]  delete mode 100644 "Life/Calendula/Calendula/2026/\320\257\320\275\320\262\320\260\321\200\321\214/28-01-26/28-01-26.md"
[2026-06-25 19:13:52]  delete mode 100644 "Life/Calendula/Calendula/2026/\320\257\320\275\320\262\320\260\321\200\321\214/28-01-26/28.1-01-26 \320\241\320\276\321\206.md"
[2026-06-25 19:13:52]  delete mode 100644 "Life/Calendula/Calendula/2026/\320\257\320\275\320\262\320\260\321\200\321\214/28-01-26/28.2-01-26 \320\233\320\270\321\207\320\275\320\276\320\265.md"
[2026-06-25 19:13:52]  delete mode 100644 "Life/Calendula/Calendula/2026/\320\257\320\275\320\262\320\260\321\200\321\214/28-01-26/28.3-01-26 \320\234\321\213\321\201\320\273\320\270.md"
[2026-06-25 19:13:52]  delete mode 100644 "Life/Calendula/Calendula/2026/\320\257\320\275\320\262\320\260\321\200\321\214/29-01-26/29-01-26.md"
[2026-06-25 19:13:52]  delete mode 100644 "Life/Calendula/Calendula/2026/\320\257\320\275\320\262\320\260\321\200\321\214/29-01-26/29.1-01-26 \320\241\320\276\321\206.md"
[2026-06-25 19:13:52]  delete mode 100644 "Life/Calendula/Calendula/2026/\320\257\320\275\320\262\320\260\321\200\321\214/29-01-26/29.2-01-26 \320\233\320\270\321\207\320\275\320\276\320\265.md"
[2026-06-25 19:13:52]  delete mode 100644 "Life/Calendula/Calendula/2026/\320\257\320\275\320\262\320\260\321\200\321\214/29-01-26/29.3-01-26 \320\234\321\213\321\201\320\273\320\270.md"
[2026-06-25 19:13:52]  delete mode 100644 "Life/Calendula/Calendula/2026/\320\257\320\275\320\262\320\260\321\200\321\214/30-01-26/30-01-26.md"
[2026-06-25 19:13:52]  delete mode 100644 "Life/Calendula/Calendula/2026/\320\257\320\275\320\262\320\260\321\200\321\214/30-01-26/30.1-01-26 \320\241\320\276\321\206.md"
[2026-06-25 19:13:52]  delete mode 100644 "Life/Calendula/Calendula/2026/\320\257\320\275\320\262\320\260\321\200\321\214/30-01-26/30.2-01-26 \320\233\320\270\321\207\320\275\320\276\320\265.md"
[2026-06-25 19:13:52]  delete mode 100644 "Life/Calendula/Calendula/2026/\320\257\320\275\320\262\320\260\321\200\321\214/30-01-26/30.3-01-26 \320\234\321\213\321\201\320\273\320\270.md"
[2026-06-25 19:13:52]  delete mode 100644 "Life/Calendula/Calendula/2026/\320\257\320\275\320\262\320\260\321\200\321\214/31-01-26/31-01-26.md"
[2026-06-25 19:13:52]  delete mode 100644 "Life/Calendula/Calendula/2026/\320\257\320\275\320\262\320\260\321\200\321\214/31-01-26/31.1-01-26 \320\241\320\276\321\206.md"
[2026-06-25 19:13:52]  delete mode 100644 "Life/Calendula/Calendula/2026/\320\257\320\275\320\262\320\260\321\200\321\214/31-01-26/31.2-01-26 \320\233\320\270\321\207\320\275\320\276\320\265.md"
[2026-06-25 19:13:52]  delete mode 100644 "Life/Calendula/Calendula/2026/\320\257\320\275\320\262\320\260\321\200\321\214/31-01-26/31.3-01-26 \320\234\321\213\321\201\320\273\320\270.md"
[2026-06-25 19:13:52]  delete mode 100644 "Life/Calendula/Calendula/2026/\320\257\320\275\320\262\320\260\321\200\321\214/\320\257\320\275\320\262\320\260\321\200\321\21426.md"
[2026-06-25 19:13:52]  delete mode 100644 Life/Calendula/git-automation-monitor.ps1
[2026-06-25 19:13:52]  delete mode 100644 Life/Calendula/git-failures.log
[2026-06-25 19:13:52]  delete mode 100644 Life/Calendula/git-monitor.log
[2026-06-25 19:13:52]  delete mode 100644 Life/Calendula/git-monitor.ps1
[2026-06-25 19:13:52]  delete mode 100644 Life/Calendula/test-scripts.ps1
[2026-06-25 19:13:52]  delete mode 100644 "Life/Calendula/\320\222\320\265\321\207\320\275\320\276 \320\267\320\265\320\273\320\265\320\275\320\275\321\213\320\265 \320\264\320\265\320\271\321\201\321\202\320\262\320\270\321\217/Docker.md"
[2026-06-25 19:13:52]  delete mode 100644 "Life/Calendula/\320\222\320\265\321\207\320\275\320\276 \320\267\320\265\320\273\320\265\320\275\320\275\321\213\320\265 \320\264\320\265\320\271\321\201\321\202\320\262\320\270\321\217/Java.md"
[2026-06-25 19:13:52]  delete mode 100644 "Life/Calendula/\320\222\320\265\321\207\320\275\320\276 \320\267\320\265\320\273\320\265\320\275\320\275\321\213\320\265 \320\264\320\265\320\271\321\201\321\202\320\262\320\270\321\217/Regex.md"
[2026-06-25 19:13:52]  delete mode 100644 "Life/Calendula/\320\222\320\265\321\207\320\275\320\276 \320\267\320\265\320\273\320\265\320\275\320\275\321\213\320\265 \320\264\320\265\320\271\321\201\321\202\320\262\320\270\321\217/System Design.md"
[2026-06-25 19:13:52]  delete mode 100644 "Life/Calendula/\320\222\320\265\321\207\320\275\320\276 \320\267\320\265\320\273\320\265\320\275\320\275\321\213\320\265 \320\264\320\265\320\271\321\201\321\202\320\262\320\270\321\217/Vim.md"
[2026-06-25 19:13:52]  delete mode 100644 "Life/Calendula/\320\222\320\265\321\207\320\275\320\276 \320\267\320\265\320\273\320\265\320\275\320\275\321\213\320\265 \320\264\320\265\320\271\321\201\321\202\320\262\320\270\321\217/\320\223\320\276\321\202\320\276\320\262\320\272\320\260.md"
[2026-06-25 19:13:52]  delete mode 100644 "Life/Calendula/\320\222\320\265\321\207\320\275\320\276 \320\267\320\265\320\273\320\265\320\275\320\275\321\213\320\265 \320\264\320\265\320\271\321\201\321\202\320\262\320\270\321\217/\320\230\321\201\321\201\320\273\320\265\320\264\320\276\320\262\320\260\320\275\320\270\320\265/\320\237\320\276\320\270\321\201\320\272 \320\273\321\216\320\264\320\265\320\271.md"
[2026-06-25 19:13:52]  delete mode 100644 "Life/Calendula/\320\222\320\265\321\207\320\275\320\276 \320\267\320\265\320\273\320\265\320\275\320\275\321\213\320\265 \320\264\320\265\320\271\321\201\321\202\320\262\320\270\321\217/\320\230\321\201\321\201\320\273\320\265\320\264\320\276\320\262\320\260\320\275\320\270\320\265/\320\241\320\273\321\203\321\207\320\260\320\271\320\275\321\213\320\265 \321\201\320\274\320\276\320\273 \321\202\320\276\320\272\320\270.md"
[2026-06-25 19:13:52]  delete mode 100644 "Life/Calendula/\320\222\320\265\321\207\320\275\320\276 \320\267\320\265\320\273\320\265\320\275\320\275\321\213\320\265 \320\264\320\265\320\271\321\201\321\202\320\262\320\270\321\217/\320\230\321\201\321\206\320\265\320\273\320\265\320\275\320\270\320\265/\320\227\320\260\321\200\321\217\320\264\320\272\320\260.md"
[2026-06-25 19:13:52]  delete mode 100644 "Life/Calendula/\320\222\320\265\321\207\320\275\320\276 \320\267\320\265\320\273\320\265\320\275\320\275\321\213\320\265 \320\264\320\265\320\271\321\201\321\202\320\262\320\270\321\217/\320\230\321\201\321\206\320\265\320\273\320\265\320\275\320\270\320\265/\320\237\321\200\320\276\320\263\321\203\320\273\320\272\320\260 \320\262 \320\233\320\265\321\201\321\203.md"
[2026-06-25 19:13:52]  delete mode 100644 "Life/Calendula/\320\222\320\265\321\207\320\275\320\276 \320\267\320\265\320\273\320\265\320\275\320\275\321\213\320\265 \320\264\320\265\320\271\321\201\321\202\320\262\320\270\321\217/\320\230\321\201\321\206\320\265\320\273\320\265\320\275\320\270\320\265/\320\237\321\200\320\276\320\263\321\203\320\273\320\272\320\260.md"
[2026-06-25 19:13:52]  delete mode 100644 "Life/Calendula/\320\222\320\265\321\207\320\275\320\276 \320\267\320\265\320\273\320\265\320\275\320\275\321\213\320\265 \320\264\320\265\320\271\321\201\321\202\320\262\320\270\321\217/\320\230\321\201\321\206\320\265\320\273\320\265\320\275\320\270\320\265/\320\241\320\276\320\275.md"
[2026-06-25 19:13:52]  delete mode 100644 "Life/Calendula/\320\222\320\265\321\207\320\275\320\276 \320\267\320\265\320\273\320\265\320\275\320\275\321\213\320\265 \320\264\320\265\320\271\321\201\321\202\320\262\320\270\321\217/\320\230\321\201\321\206\320\265\320\273\320\265\320\275\320\270\320\265/\320\245\320\276\321\200\320\276\321\210\320\270\320\271 \321\201\320\276\320\275.md"
[2026-06-25 19:13:52]  delete mode 100644 "Life/Calendula/\320\222\320\265\321\207\320\275\320\276 \320\267\320\265\320\273\320\265\320\275\320\275\321\213\320\265 \320\264\320\265\320\271\321\201\321\202\320\262\320\270\321\217/\320\237\320\273\320\276\321\205\320\276\320\271 \320\241\320\276\320\275.md"
[2026-06-25 19:13:52]  delete mode 100644 "Life/Calendula/\320\222\320\265\321\207\320\275\320\276 \320\267\320\265\320\273\320\265\320\275\320\275\321\213\320\265 \320\264\320\265\320\271\321\201\321\202\320\262\320\270\321\217/\320\240\320\260\320\267\320\262\320\270\321\202\320\270\320\265/English.md"
[2026-06-25 19:13:52]  delete mode 100644 "Life/Calendula/\320\222\320\265\321\207\320\275\320\276 \320\267\320\265\320\273\320\265\320\275\320\275\321\213\320\265 \320\264\320\265\320\271\321\201\321\202\320\262\320\270\321\217/\320\240\320\260\320\267\320\262\320\270\321\202\320\270\320\265/LeetCode.md"
[2026-06-25 19:13:52]  delete mode 100644 "Life/Calendula/\320\222\320\265\321\207\320\275\320\276 \320\267\320\265\320\273\320\265\320\275\320\275\321\213\320\265 \320\264\320\265\320\271\321\201\321\202\320\262\320\270\321\217/\320\240\320\260\320\267\320\262\320\270\321\202\320\270\320\265/Linux terminal.md"
[2026-06-25 19:13:52]  delete mode 100644 "Life/Calendula/\320\222\320\265\321\207\320\275\320\276 \320\267\320\265\320\273\320\265\320\275\320\275\321\213\320\265 \320\264\320\265\320\271\321\201\321\202\320\262\320\270\321\217/\320\240\320\260\320\267\320\262\320\270\321\202\320\270\320\265/Obsidian.md"
[2026-06-25 19:13:52]  delete mode 100644 "Life/Calendula/\320\222\320\265\321\207\320\275\320\276 \320\267\320\265\320\273\320\265\320\275\320\275\321\213\320\265 \320\264\320\265\320\271\321\201\321\202\320\262\320\270\321\217/\320\240\320\260\320\267\320\262\320\270\321\202\320\270\320\265/Programming.md"
[2026-06-25 19:13:52]  delete mode 100644 "Life/Calendula/\320\222\320\265\321\207\320\275\320\276 \320\267\320\265\320\273\320\265\320\275\320\275\321\213\320\265 \320\264\320\265\320\271\321\201\321\202\320\262\320\270\321\217/\320\240\320\260\320\267\320\262\320\270\321\202\320\270\320\265/\320\235\320\265\320\271\321\200\320\276\320\275\320\272\320\270.md"
[2026-06-25 19:13:52]  delete mode 100644 "Life/Calendula/\320\222\320\265\321\207\320\275\320\276 \320\267\320\265\320\273\320\265\320\275\320\275\321\213\320\265 \320\264\320\265\320\271\321\201\321\202\320\262\320\270\321\217/\320\240\320\260\320\267\320\262\320\270\321\202\320\270\320\265/\320\250\320\260\321\205\320\274\320\260\321\202\321\213.md"
[2026-06-25 19:13:52]  delete mode 100644 "Life/Calendula/\320\222\320\265\321\207\320\275\320\276 \320\267\320\265\320\273\320\265\320\275\320\275\321\213\320\265 \320\264\320\265\320\271\321\201\321\202\320\262\320\270\321\217/\320\241\320\272\320\276\321\200\320\276\321\201\321\202\321\214 \320\277\320\265\321\207\320\260\321\202\320\270.md"
[2026-06-25 19:13:52]  delete mode 100644 "Life/Calendula/\320\222\320\265\321\207\320\275\320\276 \320\267\320\265\320\273\320\265\320\275\320\275\321\213\320\265 \320\264\320\265\320\271\321\201\321\202\320\262\320\270\321\217/\320\241\320\276\320\267\320\265\321\200\321\206\320\260\320\275\320\270\320\265/\320\241\320\272\321\203\320\272\320\260.md"
[2026-06-25 19:13:52]  delete mode 100644 "Life/Calendula/\320\222\320\265\321\207\320\275\320\276 \320\267\320\265\320\273\320\265\320\275\320\275\321\213\320\265 \320\264\320\265\320\271\321\201\321\202\320\262\320\270\321\217/\320\276\321\202\320\262\321\200\320\260\321\202\320\270\321\202\320\265\320\273\321\214\320\275\321\213\320\271 \321\201\320\276\320\275.md"
[2026-06-25 19:13:52]  delete mode 100644 "Life/Calendula/\320\234\320\260\321\201\320\273\320\270\320\275\321\213/0 Data Structures.md"
[2026-06-25 19:13:52]  delete mode 100644 "Life/Calendula/\320\234\320\260\321\201\320\273\320\270\320\275\321\213/0 \320\220\320\273\320\263\320\276\321\200\320\270\321\202\320\274\321\213.md"
[2026-06-25 19:13:52]  delete mode 100644 "Life/Calendula/\320\234\320\260\321\201\320\273\320\270\320\275\321\213/0 \320\230\320\275\321\204\320\276\321\200\320\274\320\260\321\206\320\270\321\217.md"
[2026-06-25 19:13:52]  delete mode 100644 "Life/Calendula/\320\234\320\260\321\201\320\273\320\270\320\275\321\213/1 Chess.md"
[2026-06-25 19:13:52]  delete mode 100644 "Life/Calendula/\320\234\320\260\321\201\320\273\320\270\320\275\321\213/1 Obsidian.md"
[2026-06-25 19:13:52]  delete mode 100644 "Life/Calendula/\320\234\320\260\321\201\320\273\320\270\320\275\321\213/1 Programming.md"
[2026-06-25 19:13:52]  delete mode 100644 "Life/Calendula/\320\234\320\260\321\201\320\273\320\270\320\275\321\213/1 \320\255\320\272\320\276\320\275\320\276\320\274\320\270\320\272\320\260.md"
[2026-06-25 19:13:52]  delete mode 100644 "Life/Calendula/\320\234\320\260\321\201\320\273\320\270\320\275\321\213/ALG-PRG-004 Big \320\236.md"
[2026-06-25 19:13:52]  delete mode 100644 "Life/Calendula/\320\234\320\260\321\201\320\273\320\270\320\275\321\213/ALG-PRG-005 \320\233\320\270\320\275\320\265\320\271\320\275\320\260\321\217 \321\201\320\273\320\276\320\266\320\275\320\276\321\201\321\202\321\214.md"
[2026-06-25 19:13:52]  delete mode 100644 "Life/Calendula/\320\234\320\260\321\201\320\273\320\270\320\275\321\213/ALG-PRG-007 \320\232\320\276\320\275\321\201\321\202\320\260\320\275\321\202\320\275\320\260\321\217 \321\201\320\273\320\276\320\266\320\275\320\276\321\201\321\202\321\214.md"
[2026-06-25 19:13:52]  delete mode 100644 "Life/Calendula/\320\234\320\260\321\201\320\273\320\270\320\275\321\213/ALG-PRG-008 2 \320\222\320\273\320\276\320\266\320\265\320\275\320\275\321\213\321\205 \321\206\320\270\320\272\320\273\320\260.md"
[2026-06-25 19:13:52]  delete mode 100644 "Life/Calendula/\320\234\320\260\321\201\320\273\320\270\320\275\321\213/CH-001 \320\247\321\202\320\276 \321\202\320\260\320\272\320\276\320\265 \321\210\320\260\321\205\320\274\320\260\321\202\321\213 1.md"
[2026-06-25 19:13:52]  delete mode 100644 "Life/Calendula/\320\234\320\260\321\201\320\273\320\270\320\275\321\213/CH-001 \320\247\321\202\320\276 \321\202\320\260\320\272\320\276\320\265 \321\210\320\260\321\205\320\274\320\260\321\202\321\213.md"
[2026-06-25 19:13:52]  delete mode 100644 "Life/Calendula/\320\234\320\260\321\201\320\273\320\270\320\275\321\213/DS-PRG-002 Array.md"
[2026-06-25 19:13:52]  delete mode 100644 "Life/Calendula/\320\234\320\260\321\201\320\273\320\270\320\275\321\213/DS-PRG-003 Slice.md"
[2026-06-25 19:13:52]  delete mode 100644 "Life/Calendula/\320\234\320\260\321\201\320\273\320\270\320\275\321\213/DS-PRG-006 List.md"
[2026-06-25 19:13:52]  delete mode 100644 "Life/Calendula/\320\234\320\260\321\201\320\273\320\270\320\275\321\213/IN-001 \320\237\320\276\321\202\321\200\320\265\320\261\320\273\320\265\320\275\320\270\320\265 \321\200\320\260\320\264\320\270 \320\277\320\276\321\202\321\200\320\265\320\261\320\273\320\265\320\275\320\270\321\217.md"
[2026-06-25 19:13:52]  delete mode 100644 "Life/Calendula/\320\234\320\260\321\201\320\273\320\270\320\275\321\213/Mo\320\267\320\263.md"
[2026-06-25 19:13:52]  delete mode 100644 "Life/Calendula/\320\234\320\260\321\201\320\273\320\270\320\275\321\213/M\321\213\321\201\320\273\320\270 \320\276 Delta.md"
[2026-06-25 19:13:52]  delete mode 100644 "Life/Calendula/\320\234\320\260\321\201\320\273\320\270\320\275\321\213/OB-001 Text source.md"
[2026-06-25 19:13:52]  delete mode 100644 "Life/Calendula/\320\234\320\260\321\201\320\273\320\270\320\275\321\213/PGR-001 \320\247\321\202\320\276 \321\202\320\260\320\272\320\276\320\265 \320\237\321\200\320\276\320\263\321\200\320\260\320\274\320\274\320\270\321\200\320\276\320\262\320\260\320\275\320\270\320\265.md"
[2026-06-25 19:13:52]  delete mode 100644 "Life/Calendula/\320\234\320\260\321\201\320\273\320\270\320\275\321\213/Z Picters/Pasted image 20260619202118.png"
[2026-06-25 19:13:52]  delete mode 100644 "Life/Calendula/\320\234\320\260\321\201\320\273\320\270\320\275\321\213/Z Picters/Pasted image 20260619202140.png"
[2026-06-25 19:13:52]  delete mode 100644 "Life/Calendula/\320\234\320\260\321\201\320\273\320\270\320\275\321\213/Z Picters/Pasted image 20260619202159.png"
[2026-06-25 19:13:52]  delete mode 100644 "Life/Calendula/\320\234\320\260\321\201\320\273\320\270\320\275\321\213/Z Picters/Pasted image 20260619203228.png"
[2026-06-25 19:13:52]  delete mode 100644 "Life/Calendula/\320\234\320\260\321\201\320\273\320\270\320\275\321\213/Z Picters/Pasted image 20260619203241.png"
[2026-06-25 19:13:52]  delete mode 100644 "Life/Calendula/\320\234\320\260\321\201\320\273\320\270\320\275\321\213/Z Picters/Pasted image 20260619203249.png"
[2026-06-25 19:13:52]  delete mode 100644 "Life/Calendula/\320\234\320\260\321\201\320\273\320\270\320\275\321\213/Z Picters/Pasted image 20260619203414.png"
[2026-06-25 19:13:52]  delete mode 100644 "Life/Calendula/\320\234\320\260\321\201\320\273\320\270\320\275\321\213/Z Picters/Pasted image 20260619203420.png"
[2026-06-25 19:13:52]  delete mode 100644 "Life/Calendula/\320\234\320\260\321\201\320\273\320\270\320\275\321\213/Z Picters/Pasted image 20260619203426.png"
[2026-06-25 19:13:52]  delete mode 100644 "Life/Calendula/\320\234\320\260\321\201\320\273\320\270\320\275\321\213/\320\220\320\271\321\201\320\261\320\265\321\200\320\263.md"
[2026-06-25 19:13:52]  delete mode 100644 "Life/Calendula/\320\234\320\260\321\201\320\273\320\270\320\275\321\213/\320\221\321\203\320\264\321\203\321\211\320\265\320\265.md"
[2026-06-25 19:13:52]  delete mode 100644 "Life/Calendula/\320\234\320\260\321\201\320\273\320\270\320\275\321\213/\320\222\320\265\321\207\320\275\320\260\321\217 \321\201\320\273\321\203\320\266\320\261\320\260.md"
[2026-06-25 19:13:52]  delete mode 100644 "Life/Calendula/\320\234\320\260\321\201\320\273\320\270\320\275\321\213/\320\222\320\276\320\271\320\275\320\260.md"
[2026-06-25 19:13:52]  delete mode 100644 "Life/Calendula/\320\234\320\260\321\201\320\273\320\270\320\275\321\213/\320\222\321\200\320\265\320\274\321\217 \320\233\321\216\320\264\320\265\320\271.md"
[2026-06-25 19:13:52]  delete mode 100644 "Life/Calendula/\320\234\320\260\321\201\320\273\320\270\320\275\321\213/\320\222\321\201\320\265 \321\201\320\273\320\276\320\266\320\275\320\276 \320\264\320\276 \321\202\320\276\320\263\320\276 \321\202\320\265\321\205 \320\277\320\276\321\200 \320\277\320\276\320\272\320\260 \320\275\320\265 \321\201\321\202\320\260\320\275\320\265\321\202 \320\277\321\200\320\276\321\201\321\202\321\213\320\274.md"
[2026-06-25 19:13:52]  delete mode 100644 "Life/Calendula/\320\234\320\260\321\201\320\273\320\270\320\275\321\213/\320\223\320\273\320\260\320\262\320\275\320\276\320\265 \320\262 \320\275\320\276\320\263\321\203 \321\201\320\265\320\261\320\265 \320\272\320\260\320\272-\321\202\320\276 \320\275\320\265 \321\201\321\202\321\200\320\265\320\273\321\214\320\275\321\203\321\202\321\214.md"
[2026-06-25 19:13:52]  delete mode 100644 "Life/Calendula/\320\234\320\260\321\201\320\273\320\270\320\275\321\213/\320\223\320\273\320\265\320\261 \320\270 \320\236\320\272\321\202.md"
[2026-06-25 19:13:52]  delete mode 100644 "Life/Calendula/\320\234\320\260\321\201\320\273\320\270\320\275\321\213/\320\223\321\200\320\260\321\204\321\204 \320\273\321\216\320\264\320\265\320\271.md"
[2026-06-25 19:13:52]  delete mode 100644 "Life/Calendula/\320\234\320\260\321\201\320\273\320\270\320\275\321\213/\320\224\320\265\320\275\321\214\320\263\320\270.md"
[2026-06-25 19:13:52]  delete mode 100644 "Life/Calendula/\320\234\320\260\321\201\320\273\320\270\320\275\321\213/\320\224\320\275\320\265\320\262\320\275\320\270\320\272.md"
[2026-06-25 19:13:52]  delete mode 100644 "Life/Calendula/\320\234\320\260\321\201\320\273\320\270\320\275\321\213/\320\227\320\264\320\276\321\200\320\276\320\262\321\214\320\265.md"
[2026-06-25 19:13:52]  delete mode 100644 "Life/Calendula/\320\234\320\260\321\201\320\273\320\270\320\275\321\213/\320\230\320\264\320\265\320\270 \320\264\320\273\321\217 \320\277\320\276\320\270\321\201\320\272\320\260 \320\273\321\216\320\264\320\265\320\271.md"
[2026-06-25 19:13:52]  delete mode 100644 "Life/Calendula/\320\234\320\260\321\201\320\273\320\270\320\275\321\213/\320\232\320\276\320\274\320\275\320\260\321\202\321\213.md"
[2026-06-25 19:13:52]  delete mode 100644 "Life/Calendula/\320\234\320\260\321\201\320\273\320\270\320\275\321\213/\320\232\320\276\320\275\321\206\320\265\320\275\321\202\321\200\320\260\321\206\320\270\321\217 \320\262\320\275\320\270\320\274\320\260\320\275\320\270\321\217.md"
[2026-06-25 19:13:52]  delete mode 100644 "Life/Calendula/\320\234\320\260\321\201\320\273\320\270\320\275\321\213/\320\232\321\202\320\276 \321\202\321\213 \320\270\320\267 \321\200\320\260\320\261\320\276\321\202\321\217\320\263.md"
[2026-06-25 19:13:52]  delete mode 100644 "Life/Calendula/\320\234\320\260\321\201\320\273\320\270\320\275\321\213/\320\233\321\216\320\264\320\270 \320\261\320\265\320\267\320\264\320\265\320\273\321\214\320\275\320\270\320\272\320\270.md"
[2026-06-25 19:13:52]  delete mode 100644 "Life/Calendula/\320\234\320\260\321\201\320\273\320\270\320\275\321\213/\320\234\320\270\320\272\321\200\320\276 \320\241\320\265\321\200\320\262\320\265\321\201\321\213.md"
[2026-06-25 19:13:52]  delete mode 100644 "Life/Calendula/\320\234\320\260\321\201\320\273\320\270\320\275\321\213/\320\234\320\273\320\265\321\207\320\275\321\213\320\271 \320\277\321\203\321\202\321\214.md"
[2026-06-25 19:13:52]  delete mode 100644 "Life/Calendula/\320\234\320\260\321\201\320\273\320\270\320\275\321\213/\320\234\320\276\320\273\320\276\321\202 \320\270 \320\232\321\203\320\262\320\260\320\273\320\264\320\260.md"
[2026-06-25 19:13:52]  delete mode 100644 "Life/Calendula/\320\234\320\260\321\201\320\273\320\270\320\275\321\213/\320\234\321\203\320\267\321\213\320\272\320\260.md"
[2026-06-25 19:13:52]  delete mode 100644 "Life/Calendula/\320\234\320\260\321\201\320\273\320\270\320\275\321\213/\320\235\320\265 \320\276\321\201\320\276\320\267\320\275\320\260\320\275\320\275\321\213\320\265 \320\266\320\270\320\262\320\276\321\202\320\275\321\213\320\265.md"
[2026-06-25 19:13:52]  delete mode 100644 "Life/Calendula/\320\234\320\260\321\201\320\273\320\270\320\275\321\213/\320\235\320\276\321\200\320\274\320\270\321\201\321\213.md"
[2026-06-25 19:13:52]  delete mode 100644 "Life/Calendula/\320\234\320\260\321\201\320\273\320\270\320\275\321\213/\320\236\320\274\321\203\321\202 \320\277\320\260\320\274\321\217\321\202\320\270.md"
[2026-06-25 19:13:52]  delete mode 100644 "Life/Calendula/\320\234\320\260\321\201\320\273\320\270\320\275\321\213/\320\236\321\201\320\276\320\267\320\275\320\260\320\275\320\275\320\276\321\201\321\202\321\214.md"
[2026-06-25 19:13:52]  delete mode 100644 "Life/Calendula/\320\234\320\260\321\201\320\273\320\270\320\275\321\213/\320\236\321\202\320\275\320\276\321\210\320\265\320\275\320\270\321\217 \321\201\320\276 \320\262\321\201\320\265\320\274\320\270.md"
[2026-06-25 19:13:52]  delete mode 100644 "Life/Calendula/\320\234\320\260\321\201\320\273\320\270\320\275\321\213/\320\237\320\273\320\260\320\275\320\270\321\200\320\276\320\262\320\260\320\275\320\270\320\265.md"
[2026-06-25 19:13:52]  delete mode 100644 "Life/Calendula/\320\234\320\260\321\201\320\273\320\270\320\275\321\213/\320\237\320\276\320\264\320\276\321\205\320\275\320\270 \320\270\320\273\320\270 \321\203\320\274\321\200\320\270.md"
[2026-06-25 19:13:52]  delete mode 100644 "Life/Calendula/\320\234\320\260\321\201\320\273\320\270\320\275\321\213/\320\237\320\276\320\270\321\201\320\272 \320\275\320\260 \321\201\320\265\320\261\321\217 \320\277\320\276\321\205\320\276\320\266\320\270\321\205.md"
[2026-06-25 19:13:52]  delete mode 100644 "Life/Calendula/\320\234\320\260\321\201\320\273\320\270\320\275\321\213/\320\237\321\200\320\276\320\265\320\272\321\202\321\213.md"
[2026-06-25 19:13:52]  delete mode 100644 "Life/Calendula/\320\234\320\260\321\201\320\273\320\270\320\275\321\213/\320\237\321\203\321\201\320\272\320\260\320\271 \320\270\320\264\320\265\321\202 \320\272\320\260\320\272 \320\270\320\264\320\265\321\202.md"
[2026-06-25 19:13:52]  delete mode 100644 "Life/Calendula/\320\234\320\260\321\201\320\273\320\270\320\275\321\213/\320\237\321\203\321\202\320\265\321\210\320\265\321\201\321\202\320\262\320\270\320\265 \320\274\320\265\320\266\320\264\321\203 \320\274\320\270\321\200\320\260\320\274\320\270.md"
[2026-06-25 19:13:52]  delete mode 100644 "Life/Calendula/\320\234\320\260\321\201\320\273\320\270\320\275\321\213/\320\240\320\260\320\261\320\276\321\202\320\260\321\202\321\214 \321\201\321\202\320\276\321\217.md"
[2026-06-25 19:13:52]  delete mode 100644 "Life/Calendula/\320\234\320\260\321\201\320\273\320\270\320\275\321\213/\320\240\320\260\321\201\320\277\320\276\321\200\321\217\320\264\320\276\320\272 \320\264\320\275\321\217.md"
[2026-06-25 19:13:52]  delete mode 100644 "Life/Calendula/\320\234\320\260\321\201\320\273\320\270\320\275\321\213/\320\240\320\265\320\264 \321\204\320\273\320\260\320\263.md"
[2026-06-25 19:13:52]  delete mode 100644 "Life/Calendula/\320\234\320\260\321\201\320\273\320\270\320\275\321\213/\320\240\320\265\320\266\320\270\320\274.md"
[2026-06-25 19:13:52]  delete mode 100644 "Life/Calendula/\320\234\320\260\321\201\320\273\320\270\320\275\321\213/\320\241\320\272\320\276\320\273\321\214\320\272\320\276 \320\273\320\270\320\275\320\276\320\272 \320\261\321\203\320\264\320\265\321\202.md"
[2026-06-25 19:13:52]  delete mode 100644 "Life/Calendula/\320\234\320\260\321\201\320\273\320\270\320\275\321\213/\320\241\320\272\320\276\321\200\320\276\321\201\321\202\321\214.md"
[2026-06-25 19:13:52]  delete mode 100644 "Life/Calendula/\320\234\320\260\321\201\320\273\320\270\320\275\321\213/\320\241\320\276\321\201\321\202\320\276\321\217\320\275\320\270\320\265 \320\222\321\200\320\265\320\274\320\265\320\275\320\270.md"
[2026-06-25 19:13:52]  delete mode 100644 "Life/Calendula/\320\234\320\260\321\201\320\273\320\270\320\275\321\213/\320\243\320\264\320\260\320\273\320\270\321\202\320\265 \320\274\320\275\320\265 \320\262\321\201\320\265 \320\241\320\276\321\202 \321\201\320\265\321\202\320\270.md"
[2026-06-25 19:13:52]  delete mode 100644 "Life/Calendula/\320\234\320\260\321\201\320\273\320\270\320\275\321\213/\320\243\320\274\320\275\321\213\320\271 \320\220\320\273\320\263\320\276\321\200\320\270\321\202\320\274.md"
[2026-06-25 19:13:52]  delete mode 100644 "Life/Calendula/\320\234\320\260\321\201\320\273\320\270\320\275\321\213/\320\243\321\201\320\277\320\265\321\205.md"
[2026-06-25 19:13:52]  delete mode 100644 "Life/Calendula/\320\234\320\260\321\201\320\273\320\270\320\275\321\213/\320\246\320\265\320\275\320\260 \320\272\320\276\320\264\320\260.md"
[2026-06-25 19:13:52]  delete mode 100644 "Life/Calendula/\320\234\320\260\321\201\320\273\320\270\320\275\321\213/\320\255\320\273\320\265\320\263\320\260\320\275\321\202\320\275\321\213\320\271 \320\272\320\276\320\264.md"
[2026-06-25 19:13:52]  delete mode 100644 "Life/Calendula/\320\234\320\260\321\201\320\273\320\270\320\275\321\213/\320\257 \320\275\320\265\320\274\320\275\320\276\320\263\320\276 \320\277\320\276\321\202\320\265\321\200\321\217\320\273 \321\201\320\272\320\270\320\273\320\273 \320\277\320\276\320\270\321\201\320\272\320\260 \320\273\321\216\320\264\320\265\320\271.md"
[2026-06-25 19:13:52]  delete mode 100644 "Life/Calendula/\320\237\320\273\320\260\320\275/2026/2026 - \320\220\320\262\320\263\321\203\321\201\321\202.md"
[2026-06-25 19:13:52]  delete mode 100644 "Life/Calendula/\320\237\320\273\320\260\320\275/2026/2026 - \320\220\320\277\321\200\320\265\320\273\321\214.md"
[2026-06-25 19:13:52]  delete mode 100644 "Life/Calendula/\320\237\320\273\320\260\320\275/2026/2026 - \320\224\320\265\320\272\320\260\320\261\321\200\321\214.md"
[2026-06-25 19:13:52]  delete mode 100644 "Life/Calendula/\320\237\320\273\320\260\320\275/2026/2026 - \320\230\321\216\320\273\321\214.md"
[2026-06-25 19:13:52]  delete mode 100644 "Life/Calendula/\320\237\320\273\320\260\320\275/2026/2026 - \320\230\321\216\320\275\321\214.md"
[2026-06-25 19:13:52]  delete mode 100644 "Life/Calendula/\320\237\320\273\320\260\320\275/2026/2026 - \320\234\320\260\320\271.md"
[2026-06-25 19:13:52]  delete mode 100644 "Life/Calendula/\320\237\320\273\320\260\320\275/2026/2026 - \320\234\320\260\321\200\321\202.md"
[2026-06-25 19:13:52]  delete mode 100644 "Life/Calendula/\320\237\320\273\320\260\320\275/2026/2026 - \320\235\320\276\321\217\320\261\321\200\321\214.md"
[2026-06-25 19:13:52]  delete mode 100644 "Life/Calendula/\320\237\320\273\320\260\320\275/2026/2026 - \320\236\320\272\321\202\321\217\320\261\321\200\321\214.md"
[2026-06-25 19:13:52]  delete mode 100644 "Life/Calendula/\320\237\320\273\320\260\320\275/2026/2026 - \320\241\320\265\320\275\321\202\321\217\320\261\321\200\321\214.md"
[2026-06-25 19:13:52]  delete mode 100644 "Life/Calendula/\320\237\320\273\320\260\320\275/2026/2026 - \320\244\320\265\320\262\321\200\320\260\320\273\321\214.md"
[2026-06-25 19:13:52]  delete mode 100644 "Life/Calendula/\320\237\320\273\320\260\320\275/2026/2026 - \320\257\320\275\320\262\320\260\321\200\321\214.md"
[2026-06-25 19:13:52]  delete mode 100644 "Life/Calendula/\320\237\320\273\320\260\320\275/2026/2026.md"
[2026-06-25 19:13:52]  delete mode 100644 "Life/Calendula/\320\237\320\273\320\260\320\275/2027/2027 - \320\220\320\262\320\263\321\203\321\201\321\202.md"
[2026-06-25 19:13:52]  delete mode 100644 "Life/Calendula/\320\237\320\273\320\260\320\275/2027/2027 - \320\220\320\277\321\200\320\265\320\273\321\214.md"
[2026-06-25 19:13:52]  delete mode 100644 "Life/Calendula/\320\237\320\273\320\260\320\275/2027/2027 - \320\224\320\265\320\272\320\260\320\261\321\200\321\214.md"
[2026-06-25 19:13:52]  delete mode 100644 "Life/Calendula/\320\237\320\273\320\260\320\275/2027/2027 - \320\230\321\216\320\273\321\214.md"
[2026-06-25 19:13:52]  delete mode 100644 "Life/Calendula/\320\237\320\273\320\260\320\275/2027/2027 - \320\230\321\216\320\275\321\214.md"
[2026-06-25 19:13:52]  delete mode 100644 "Life/Calendula/\320\237\320\273\320\260\320\275/2027/2027 - \320\234\320\260\320\271.md"
[2026-06-25 19:13:52]  delete mode 100644 "Life/Calendula/\320\237\320\273\320\260\320\275/2027/2027 - \320\234\320\260\321\200\321\202.md"
[2026-06-25 19:13:52]  delete mode 100644 "Life/Calendula/\320\237\320\273\320\260\320\275/2027/2027 - \320\235\320\276\321\217\320\261\321\200\321\214.md"
[2026-06-25 19:13:52]  delete mode 100644 "Life/Calendula/\320\237\320\273\320\260\320\275/2027/2027 - \320\236\320\272\321\202\321\217\320\261\321\200\321\214.md"
[2026-06-25 19:13:52]  delete mode 100644 "Life/Calendula/\320\237\320\273\320\260\320\275/2027/2027 - \320\241\320\265\320\275\321\202\321\217\320\261\321\200\321\214.md"
[2026-06-25 19:13:52]  delete mode 100644 "Life/Calendula/\320\237\320\273\320\260\320\275/2027/2027 - \320\244\320\265\320\262\321\200\320\260\320\273\321\214.md"
[2026-06-25 19:13:52]  delete mode 100644 "Life/Calendula/\320\237\320\273\320\260\320\275/2027/2027 - \320\257\320\275\320\262\320\260\321\200\321\214.md"
[2026-06-25 19:13:52]  delete mode 100644 "Life/Calendula/\320\237\320\273\320\260\320\275/2027/2027.md"
[2026-06-25 19:13:52]  delete mode 100644 "Life/Calendula/\320\237\320\273\320\260\320\275/2028/2028 - \320\220\320\262\320\263\321\203\321\201\321\202.md"
[2026-06-25 19:13:52]  delete mode 100644 "Life/Calendula/\320\237\320\273\320\260\320\275/2028/2028 - \320\220\320\277\321\200\320\265\320\273\321\214.md"
[2026-06-25 19:13:52]  delete mode 100644 "Life/Calendula/\320\237\320\273\320\260\320\275/2028/2028 - \320\224\320\265\320\272\320\260\320\261\321\200\321\214.md"
[2026-06-25 19:13:52]  delete mode 100644 "Life/Calendula/\320\237\320\273\320\260\320\275/2028/2028 - \320\230\321\216\320\273\321\214.md"
[2026-06-25 19:13:52]  delete mode 100644 "Life/Calendula/\320\237\320\273\320\260\320\275/2028/2028 - \320\230\321\216\320\275\321\214.md"
[2026-06-25 19:13:52]  delete mode 100644 "Life/Calendula/\320\237\320\273\320\260\320\275/2028/2028 - \320\234\320\260\320\271.md"
[2026-06-25 19:13:52]  delete mode 100644 "Life/Calendula/\320\237\320\273\320\260\320\275/2028/2028 - \320\234\320\260\321\200\321\202.md"
[2026-06-25 19:13:52]  delete mode 100644 "Life/Calendula/\320\237\320\273\320\260\320\275/2028/2028 - \320\235\320\276\321\217\320\261\321\200\321\214.md"
[2026-06-25 19:13:52]  delete mode 100644 "Life/Calendula/\320\237\320\273\320\260\320\275/2028/2028 - \320\236\320\272\321\202\321\217\320\261\321\200\321\214.md"
[2026-06-25 19:13:52]  delete mode 100644 "Life/Calendula/\320\237\320\273\320\260\320\275/2028/2028 - \320\241\320\265\320\275\321\202\321\217\320\261\321\200\321\214.md"
[2026-06-25 19:13:52]  delete mode 100644 "Life/Calendula/\320\237\320\273\320\260\320\275/2028/2028 - \320\244\320\265\320\262\321\200\320\260\320\273\321\214.md"
[2026-06-25 19:13:52]  delete mode 100644 "Life/Calendula/\320\237\320\273\320\260\320\275/2028/2028 - \320\257\320\275\320\262\320\260\321\200\321\214.md"
[2026-06-25 19:13:52]  delete mode 100644 "Life/Calendula/\320\237\320\273\320\260\320\275/2028/2028.md"
[2026-06-25 19:13:52]  delete mode 100644 "Life/Calendula/\320\237\320\273\320\260\320\275/2029/2029 - \320\220\320\262\320\263\321\203\321\201\321\202.md"
[2026-06-25 19:13:52]  delete mode 100644 "Life/Calendula/\320\237\320\273\320\260\320\275/2029/2029 - \320\220\320\277\321\200\320\265\320\273\321\214.md"
[2026-06-25 19:13:52]  delete mode 100644 "Life/Calendula/\320\237\320\273\320\260\320\275/2029/2029 - \320\224\320\265\320\272\320\260\320\261\321\200\321\214.md"
[2026-06-25 19:13:52]  delete mode 100644 "Life/Calendula/\320\237\320\273\320\260\320\275/2029/2029 - \320\230\321\216\320\273\321\214.md"
[2026-06-25 19:13:52]  delete mode 100644 "Life/Calendula/\320\237\320\273\320\260\320\275/2029/2029 - \320\230\321\216\320\275\321\214.md"
[2026-06-25 19:13:52]  delete mode 100644 "Life/Calendula/\320\237\320\273\320\260\320\275/2029/2029 - \320\234\320\260\320\271.md"
[2026-06-25 19:13:52]  delete mode 100644 "Life/Calendula/\320\237\320\273\320\260\320\275/2029/2029 - \320\234\320\260\321\200\321\202.md"
[2026-06-25 19:13:52]  delete mode 100644 "Life/Calendula/\320\237\320\273\320\260\320\275/2029/2029 - \320\235\320\276\321\217\320\261\321\200\321\214.md"
[2026-06-25 19:13:52]  delete mode 100644 "Life/Calendula/\320\237\320\273\320\260\320\275/2029/2029 - \320\236\320\272\321\202\321\217\320\261\321\200\321\214.md"
[2026-06-25 19:13:52]  delete mode 100644 "Life/Calendula/\320\237\320\273\320\260\320\275/2029/2029 - \320\241\320\265\320\275\321\202\321\217\320\261\321\200\321\214.md"
[2026-06-25 19:13:52]  delete mode 100644 "Life/Calendula/\320\237\320\273\320\260\320\275/2029/2029 - \320\244\320\265\320\262\321\200\320\260\320\273\321\214.md"
[2026-06-25 19:13:52]  delete mode 100644 "Life/Calendula/\320\237\320\273\320\260\320\275/2029/2029 - \320\257\320\275\320\262\320\260\321\200\321\214.md"
[2026-06-25 19:13:52]  delete mode 100644 "Life/Calendula/\320\237\320\273\320\260\320\275/2029/2029.md"
[2026-06-25 19:13:52]  delete mode 100644 "Life/Calendula/\320\237\320\273\320\260\320\275/2030/2030 - \320\220\320\262\320\263\321\203\321\201\321\202.md"
[2026-06-25 19:13:52]  delete mode 100644 "Life/Calendula/\320\237\320\273\320\260\320\275/2030/2030 - \320\220\320\277\321\200\320\265\320\273\321\214.md"
[2026-06-25 19:13:52]  delete mode 100644 "Life/Calendula/\320\237\320\273\320\260\320\275/2030/2030 - \320\224\320\265\320\272\320\260\320\261\321\200\321\214.md"
[2026-06-25 19:13:52]  delete mode 100644 "Life/Calendula/\320\237\320\273\320\260\320\275/2030/2030 - \320\230\321\216\320\273\321\214.md"
[2026-06-25 19:13:52]  delete mode 100644 "Life/Calendula/\320\237\320\273\320\260\320\275/2030/2030 - \320\230\321\216\320\275\321\214.md"
[2026-06-25 19:13:52]  delete mode 100644 "Life/Calendula/\320\237\320\273\320\260\320\275/2030/2030 - \320\234\320\260\320\271.md"
[2026-06-25 19:13:52]  delete mode 100644 "Life/Calendula/\320\237\320\273\320\260\320\275/2030/2030 - \320\234\320\260\321\200\321\202.md"
[2026-06-25 19:13:52]  delete mode 100644 "Life/Calendula/\320\237\320\273\320\260\320\275/2030/2030 - \320\235\320\276\321\217\320\261\321\200\321\214.md"
[2026-06-25 19:13:52]  delete mode 100644 "Life/Calendula/\320\237\320\273\320\260\320\275/2030/2030 - \320\236\320\272\321\202\321\217\320\261\321\200\321\214.md"
[2026-06-25 19:13:52]  delete mode 100644 "Life/Calendula/\320\237\320\273\320\260\320\275/2030/2030 - \320\241\320\265\320\275\321\202\321\217\320\261\321\200\321\214.md"
[2026-06-25 19:13:52]  delete mode 100644 "Life/Calendula/\320\237\320\273\320\260\320\275/2030/2030 - \320\244\320\265\320\262\321\200\320\260\320\273\321\214.md"
[2026-06-25 19:13:52]  delete mode 100644 "Life/Calendula/\320\237\320\273\320\260\320\275/2030/2030 - \320\257\320\275\320\262\320\260\321\200\321\214.md"
[2026-06-25 19:13:52]  delete mode 100644 "Life/Calendula/\320\237\320\273\320\260\320\275/2030/2030.md"
[2026-06-25 19:13:52]  delete mode 100644 "Life/Calendula/\320\237\320\273\320\260\320\275/2031/2031 - \320\220\320\262\320\263\321\203\321\201\321\202.md"
[2026-06-25 19:13:52]  delete mode 100644 "Life/Calendula/\320\237\320\273\320\260\320\275/2031/2031 - \320\220\320\277\321\200\320\265\320\273\321\214.md"
[2026-06-25 19:13:52]  delete mode 100644 "Life/Calendula/\320\237\320\273\320\260\320\275/2031/2031 - \320\224\320\265\320\272\320\260\320\261\321\200\321\214.md"
[2026-06-25 19:13:52]  delete mode 100644 "Life/Calendula/\320\237\320\273\320\260\320\275/2031/2031 - \320\230\321\216\320\273\321\214.md"
[2026-06-25 19:13:52]  delete mode 100644 "Life/Calendula/\320\237\320\273\320\260\320\275/2031/2031 - \320\230\321\216\320\275\321\214.md"
[2026-06-25 19:13:52]  delete mode 100644 "Life/Calendula/\320\237\320\273\320\260\320\275/2031/2031 - \320\234\320\260\320\271.md"
[2026-06-25 19:13:52]  delete mode 100644 "Life/Calendula/\320\237\320\273\320\260\320\275/2031/2031 - \320\234\320\260\321\200\321\202.md"
[2026-06-25 19:13:52]  delete mode 100644 "Life/Calendula/\320\237\320\273\320\260\320\275/2031/2031 - \320\235\320\276\321\217\320\261\321\200\321\214.md"
[2026-06-25 19:13:52]  delete mode 100644 "Life/Calendula/\320\237\320\273\320\260\320\275/2031/2031 - \320\236\320\272\321\202\321\217\320\261\321\200\321\214.md"
[2026-06-25 19:13:52]  delete mode 100644 "Life/Calendula/\320\237\320\273\320\260\320\275/2031/2031 - \320\241\320\265\320\275\321\202\321\217\320\261\321\200\321\214.md"
[2026-06-25 19:13:52]  delete mode 100644 "Life/Calendula/\320\237\320\273\320\260\320\275/2031/2031 - \320\244\320\265\320\262\321\200\320\260\320\273\321\214.md"
[2026-06-25 19:13:52]  delete mode 100644 "Life/Calendula/\320\237\320\273\320\260\320\275/2031/2031 - \320\257\320\275\320\262\320\260\321\200\321\214.md"
[2026-06-25 19:13:52]  delete mode 100644 "Life/Calendula/\320\237\320\273\320\260\320\275/2031/2031.md"
[2026-06-25 19:13:52]  delete mode 100644 "Life/Calendula/\320\237\320\273\320\260\320\275/2032/2032 - \320\220\320\262\320\263\321\203\321\201\321\202.md"
[2026-06-25 19:13:52]  delete mode 100644 "Life/Calendula/\320\237\320\273\320\260\320\275/2032/2032 - \320\220\320\277\321\200\320\265\320\273\321\214.md"
[2026-06-25 19:13:52]  delete mode 100644 "Life/Calendula/\320\237\320\273\320\260\320\275/2032/2032 - \320\224\320\265\320\272\320\260\320\261\321\200\321\214.md"
[2026-06-25 19:13:52]  delete mode 100644 "Life/Calendula/\320\237\320\273\320\260\320\275/2032/2032 - \320\230\321\216\320\273\321\214.md"
[2026-06-25 19:13:52]  delete mode 100644 "Life/Calendula/\320\237\320\273\320\260\320\275/2032/2032 - \320\230\321\216\320\275\321\214.md"
[2026-06-25 19:13:52]  delete mode 100644 "Life/Calendula/\320\237\320\273\320\260\320\275/2032/2032 - \320\234\320\260\320\271.md"
[2026-06-25 19:13:52]  delete mode 100644 "Life/Calendula/\320\237\320\273\320\260\320\275/2032/2032 - \320\234\320\260\321\200\321\202.md"
[2026-06-25 19:13:52]  delete mode 100644 "Life/Calendula/\320\237\320\273\320\260\320\275/2032/2032 - \320\235\320\276\321\217\320\261\321\200\321\214.md"
[2026-06-25 19:13:52]  delete mode 100644 "Life/Calendula/\320\237\320\273\320\260\320\275/2032/2032 - \320\236\320\272\321\202\321\217\320\261\321\200\321\214.md"
[2026-06-25 19:13:52]  delete mode 100644 "Life/Calendula/\320\237\320\273\320\260\320\275/2032/2032 - \320\241\320\265\320\275\321\202\321\217\320\261\321\200\321\214.md"
[2026-06-25 19:13:52]  delete mode 100644 "Life/Calendula/\320\237\320\273\320\260\320\275/2032/2032 - \320\244\320\265\320\262\321\200\320\260\320\273\321\214.md"
[2026-06-25 19:13:52]  delete mode 100644 "Life/Calendula/\320\237\320\273\320\260\320\275/2032/2032 - \320\257\320\275\320\262\320\260\321\200\321\214.md"
[2026-06-25 19:13:52]  delete mode 100644 "Life/Calendula/\320\237\320\273\320\260\320\275/2032/2032.md"
[2026-06-25 19:13:52]  delete mode 100644 "Life/Calendula/\320\237\320\273\320\260\320\275/2033/2033 - \320\220\320\262\320\263\321\203\321\201\321\202.md"
[2026-06-25 19:13:52]  delete mode 100644 "Life/Calendula/\320\237\320\273\320\260\320\275/2033/2033 - \320\220\320\277\321\200\320\265\320\273\321\214.md"
[2026-06-25 19:13:52]  delete mode 100644 "Life/Calendula/\320\237\320\273\320\260\320\275/2033/2033 - \320\224\320\265\320\272\320\260\320\261\321\200\321\214.md"
[2026-06-25 19:13:52]  delete mode 100644 "Life/Calendula/\320\237\320\273\320\260\320\275/2033/2033 - \320\230\321\216\320\273\321\214.md"
[2026-06-25 19:13:52]  delete mode 100644 "Life/Calendula/\320\237\320\273\320\260\320\275/2033/2033 - \320\230\321\216\320\275\321\214.md"
[2026-06-25 19:13:52]  delete mode 100644 "Life/Calendula/\320\237\320\273\320\260\320\275/2033/2033 - \320\234\320\260\320\271.md"
[2026-06-25 19:13:52]  delete mode 100644 "Life/Calendula/\320\237\320\273\320\260\320\275/2033/2033 - \320\234\320\260\321\200\321\202.md"
[2026-06-25 19:13:52]  delete mode 100644 "Life/Calendula/\320\237\320\273\320\260\320\275/2033/2033 - \320\235\320\276\321\217\320\261\321\200\321\214.md"
[2026-06-25 19:13:52]  delete mode 100644 "Life/Calendula/\320\237\320\273\320\260\320\275/2033/2033 - \320\236\320\272\321\202\321\217\320\261\321\200\321\214.md"
[2026-06-25 19:13:52]  delete mode 100644 "Life/Calendula/\320\237\320\273\320\260\320\275/2033/2033 - \320\241\320\265\320\275\321\202\321\217\320\261\321\200\321\214.md"
[2026-06-25 19:13:52]  delete mode 100644 "Life/Calendula/\320\237\320\273\320\260\320\275/2033/2033 - \320\244\320\265\320\262\321\200\320\260\320\273\321\214.md"
[2026-06-25 19:13:52]  delete mode 100644 "Life/Calendula/\320\237\320\273\320\260\320\275/2033/2033 - \320\257\320\275\320\262\320\260\321\200\321\214.md"
[2026-06-25 19:13:52]  delete mode 100644 "Life/Calendula/\320\237\320\273\320\260\320\275/2033/2033.md"
[2026-06-25 19:13:52]  delete mode 100644 "Life/Calendula/\320\237\320\273\320\260\320\275/2034/2034 - \320\220\320\262\320\263\321\203\321\201\321\202.md"
[2026-06-25 19:13:52]  delete mode 100644 "Life/Calendula/\320\237\320\273\320\260\320\275/2034/2034 - \320\220\320\277\321\200\320\265\320\273\321\214.md"
[2026-06-25 19:13:52]  delete mode 100644 "Life/Calendula/\320\237\320\273\320\260\320\275/2034/2034 - \320\224\320\265\320\272\320\260\320\261\321\200\321\214.md"
[2026-06-25 19:13:52]  delete mode 100644 "Life/Calendula/\320\237\320\273\320\260\320\275/2034/2034 - \320\230\321\216\320\273\321\214.md"
[2026-06-25 19:13:52]  delete mode 100644 "Life/Calendula/\320\237\320\273\320\260\320\275/2034/2034 - \320\230\321\216\320\275\321\214.md"
[2026-06-25 19:13:52]  delete mode 100644 "Life/Calendula/\320\237\320\273\320\260\320\275/2034/2034 - \320\234\320\260\320\271.md"
[2026-06-25 19:13:52]  delete mode 100644 "Life/Calendula/\320\237\320\273\320\260\320\275/2034/2034 - \320\234\320\260\321\200\321\202.md"
[2026-06-25 19:13:52]  delete mode 100644 "Life/Calendula/\320\237\320\273\320\260\320\275/2034/2034 - \320\235\320\276\321\217\320\261\321\200\321\214.md"
[2026-06-25 19:13:52]  delete mode 100644 "Life/Calendula/\320\237\320\273\320\260\320\275/2034/2034 - \320\236\320\272\321\202\321\217\320\261\321\200\321\214.md"
[2026-06-25 19:13:52]  delete mode 100644 "Life/Calendula/\320\237\320\273\320\260\320\275/2034/2034 - \320\241\320\265\320\275\321\202\321\217\320\261\321\200\321\214.md"
[2026-06-25 19:13:52]  delete mode 100644 "Life/Calendula/\320\237\320\273\320\260\320\275/2034/2034 - \320\244\320\265\320\262\321\200\320\260\320\273\321\214.md"
[2026-06-25 19:13:52]  delete mode 100644 "Life/Calendula/\320\237\320\273\320\260\320\275/2034/2034 - \320\257\320\275\320\262\320\260\321\200\321\214.md"
[2026-06-25 19:13:52]  delete mode 100644 "Life/Calendula/\320\237\320\273\320\260\320\275/2034/2034.md"
[2026-06-25 19:13:52]  delete mode 100644 "Life/Calendula/\320\237\320\273\320\260\320\275/2035/2035 - \320\220\320\262\320\263\321\203\321\201\321\202.md"
[2026-06-25 19:13:52]  delete mode 100644 "Life/Calendula/\320\237\320\273\320\260\320\275/2035/2035 - \320\220\320\277\321\200\320\265\320\273\321\214.md"
[2026-06-25 19:13:52]  delete mode 100644 "Life/Calendula/\320\237\320\273\320\260\320\275/2035/2035 - \320\224\320\265\320\272\320\260\320\261\321\200\321\214.md"
[2026-06-25 19:13:52]  delete mode 100644 "Life/Calendula/\320\237\320\273\320\260\320\275/2035/2035 - \320\230\321\216\320\273\321\214.md"
[2026-06-25 19:13:52]  delete mode 100644 "Life/Calendula/\320\237\320\273\320\260\320\275/2035/2035 - \320\230\321\216\320\275\321\214.md"
[2026-06-25 19:13:52]  delete mode 100644 "Life/Calendula/\320\237\320\273\320\260\320\275/2035/2035 - \320\234\320\260\320\271.md"
[2026-06-25 19:13:52]  delete mode 100644 "Life/Calendula/\320\237\320\273\320\260\320\275/2035/2035 - \320\234\320\260\321\200\321\202.md"
[2026-06-25 19:13:52]  delete mode 100644 "Life/Calendula/\320\237\320\273\320\260\320\275/2035/2035 - \320\235\320\276\321\217\320\261\321\200\321\214.md"
[2026-06-25 19:13:52]  delete mode 100644 "Life/Calendula/\320\237\320\273\320\260\320\275/2035/2035 - \320\236\320\272\321\202\321\217\320\261\321\200\321\214.md"
[2026-06-25 19:13:52]  delete mode 100644 "Life/Calendula/\320\237\320\273\320\260\320\275/2035/2035 - \320\241\320\265\320\275\321\202\321\217\320\261\321\200\321\214.md"
[2026-06-25 19:13:52]  delete mode 100644 "Life/Calendula/\320\237\320\273\320\260\320\275/2035/2035 - \320\244\320\265\320\262\321\200\320\260\320\273\321\214.md"
[2026-06-25 19:13:52]  delete mode 100644 "Life/Calendula/\320\237\320\273\320\260\320\275/2035/2035 - \320\257\320\275\320\262\320\260\321\200\321\214.md"
[2026-06-25 19:13:52]  delete mode 100644 "Life/Calendula/\320\237\320\273\320\260\320\275/2035/2035.md"
[2026-06-25 19:13:52]  delete mode 100644 "Life/Calendula/\320\237\320\273\320\260\320\275/2036/2036 - \320\220\320\262\320\263\321\203\321\201\321\202.md"
[2026-06-25 19:13:52]  delete mode 100644 "Life/Calendula/\320\237\320\273\320\260\320\275/2036/2036 - \320\220\320\277\321\200\320\265\320\273\321\214.md"
[2026-06-25 19:13:52]  delete mode 100644 "Life/Calendula/\320\237\320\273\320\260\320\275/2036/2036 - \320\224\320\265\320\272\320\260\320\261\321\200\321\214.md"
[2026-06-25 19:13:52]  delete mode 100644 "Life/Calendula/\320\237\320\273\320\260\320\275/2036/2036 - \320\230\321\216\320\273\321\214.md"
[2026-06-25 19:13:52]  delete mode 100644 "Life/Calendula/\320\237\320\273\320\260\320\275/2036/2036 - \320\230\321\216\320\275\321\214.md"
[2026-06-25 19:13:52]  delete mode 100644 "Life/Calendula/\320\237\320\273\320\260\320\275/2036/2036 - \320\234\320\260\320\271.md"
[2026-06-25 19:13:52]  delete mode 100644 "Life/Calendula/\320\237\320\273\320\260\320\275/2036/2036 - \320\234\320\260\321\200\321\202.md"
[2026-06-25 19:13:52]  delete mode 100644 "Life/Calendula/\320\237\320\273\320\260\320\275/2036/2036 - \320\235\320\276\321\217\320\261\321\200\321\214.md"
[2026-06-25 19:13:52]  delete mode 100644 "Life/Calendula/\320\237\320\273\320\260\320\275/2036/2036 - \320\236\320\272\321\202\321\217\320\261\321\200\321\214.md"
[2026-06-25 19:13:52]  delete mode 100644 "Life/Calendula/\320\237\320\273\320\260\320\275/2036/2036 - \320\241\320\265\320\275\321\202\321\217\320\261\321\200\321\214.md"
[2026-06-25 19:13:52]  delete mode 100644 "Life/Calendula/\320\237\320\273\320\260\320\275/2036/2036 - \320\244\320\265\320\262\321\200\320\260\320\273\321\214.md"
[2026-06-25 19:13:52]  delete mode 100644 "Life/Calendula/\320\237\320\273\320\260\320\275/2036/2036 - \320\257\320\275\320\262\320\260\321\200\321\214.md"
[2026-06-25 19:13:52]  delete mode 100644 "Life/Calendula/\320\237\320\273\320\260\320\275/2036/2036.md"
[2026-06-25 19:13:52]  delete mode 100644 "Life/Calendula/\320\237\320\273\320\260\320\275/\320\237\321\200\320\276\320\265\320\272\321\202\321\213/LeetCode Easy.md"
[2026-06-25 19:13:52]  delete mode 100644 "Life/Calendula/\320\237\320\273\320\260\320\275/\320\237\321\200\320\276\320\265\320\272\321\202\321\213/LeetCode Hard.md"
[2026-06-25 19:13:52]  delete mode 100644 "Life/Calendula/\320\237\320\273\320\260\320\275/\320\237\321\200\320\276\320\265\320\272\321\202\321\213/\320\220\320\275\320\263\320\273\320\270\320\271\321\201\320\272\320\270\320\271.md"
[2026-06-25 19:13:52]  delete mode 100644 "Life/Calendula/\320\237\320\273\320\260\320\275/\320\237\321\200\320\276\320\265\320\272\321\202\321\213/\320\233\321\216\320\264\320\270.md"
[2026-06-25 19:13:52]  delete mode 100644 "Life/Calendula/\320\237\320\273\320\260\320\275/\320\237\321\200\320\276\320\265\320\272\321\202\321\213/\320\237\320\265\321\207\320\260\321\202\321\214.md"
[2026-06-25 19:13:52]  delete mode 100644 "Life/Calendula/\320\241\320\276\321\206 \320\232\320\260\320\277\320\270\321\202\320\260\320\273/1_\320\272\321\200\321\203\320\263/Hold.md"
[2026-06-25 19:13:52]  delete mode 100644 "Life/Calendula/\320\241\320\276\321\206 \320\232\320\260\320\277\320\270\321\202\320\260\320\273/1_\320\272\321\200\321\203\320\263/Vano.md"
[2026-06-25 19:13:52]  delete mode 100644 "Life/Calendula/\320\241\320\276\321\206 \320\232\320\260\320\277\320\270\321\202\320\260\320\273/1_\320\272\321\200\321\203\320\263/Yogg.md"
[2026-06-25 19:13:52]  delete mode 100644 "Life/Calendula/\320\241\320\276\321\206 \320\232\320\260\320\277\320\270\321\202\320\260\320\273/2_\320\272\321\200\321\203\320\263/Bebra_dev.md"
[2026-06-25 19:13:52]  delete mode 100644 "Life/Calendula/\320\241\320\276\321\206 \320\232\320\260\320\277\320\270\321\202\320\260\320\273/2_\320\272\321\200\321\203\320\263/Danil.md"
[2026-06-25 19:13:52]  delete mode 100644 "Life/Calendula/\320\241\320\276\321\206 \320\232\320\260\320\277\320\270\321\202\320\260\320\273/2_\320\272\321\200\321\203\320\263/Dima Garbatenko.md"
[2026-06-25 19:13:52]  delete mode 100644 "Life/Calendula/\320\241\320\276\321\206 \320\232\320\260\320\277\320\270\321\202\320\260\320\273/2_\320\272\321\200\321\203\320\263/Eliza.md"
[2026-06-25 19:13:52]  delete mode 100644 "Life/Calendula/\320\241\320\276\321\206 \320\232\320\260\320\277\320\270\321\202\320\260\320\273/2_\320\272\321\200\321\203\320\263/Luna.md"
[2026-06-25 19:13:52]  delete mode 100644 "Life/Calendula/\320\241\320\276\321\206 \320\232\320\260\320\277\320\270\321\202\320\260\320\273/2_\320\272\321\200\321\203\320\263/\320\222\320\273\320\260\320\264 \320\224\320\276\320\273\320\265\320\275\320\272\320\276.md"
[2026-06-25 19:13:52]  delete mode 100644 "Life/Calendula/\320\241\320\276\321\206 \320\232\320\260\320\277\320\270\321\202\320\260\320\273/2_\320\272\321\200\321\203\320\263/\320\235\320\270\320\272\320\270\321\202\320\260 \320\223\321\203\321\206\321\203.md"
[2026-06-25 19:13:52]  delete mode 100644 "Life/Calendula/\320\241\320\276\321\206 \320\232\320\260\320\277\320\270\321\202\320\260\320\273/2_\320\272\321\200\321\203\320\263/\320\235\320\270\320\272\320\270\321\202\320\260 \320\234\320\260\320\273\320\265\320\272.md"
[2026-06-25 19:13:52]  delete mode 100644 "Life/Calendula/\320\241\320\276\321\206 \320\232\320\260\320\277\320\270\321\202\320\260\320\273/3_\320\272\321\200\321\203\320\263/Ashard.md"
[2026-06-25 19:13:52]  delete mode 100644 "Life/Calendula/\320\241\320\276\321\206 \320\232\320\260\320\277\320\270\321\202\320\260\320\273/3_\320\272\321\200\321\203\320\263/DeenMarchal.md"
[2026-06-25 19:13:52]  delete mode 100644 "Life/Calendula/\320\241\320\276\321\206 \320\232\320\260\320\277\320\270\321\202\320\260\320\273/3_\320\272\321\200\321\203\320\263/Denis Groas.md"
[2026-06-25 19:13:52]  delete mode 100644 "Life/Calendula/\320\241\320\276\321\206 \320\232\320\260\320\277\320\270\321\202\320\260\320\273/3_\320\272\321\200\321\203\320\263/Effi.md"
[2026-06-25 19:13:52]  delete mode 100644 "Life/Calendula/\320\241\320\276\321\206 \320\232\320\260\320\277\320\270\321\202\320\260\320\273/3_\320\272\321\200\321\203\320\263/Efie.md"
[2026-06-25 19:13:52]  delete mode 100644 "Life/Calendula/\320\241\320\276\321\206 \320\232\320\260\320\277\320\270\321\202\320\260\320\273/3_\320\272\321\200\321\203\320\263/Ilayr.md"
[2026-06-25 19:13:52]  delete mode 100644 "Life/Calendula/\320\241\320\276\321\206 \320\232\320\260\320\277\320\270\321\202\320\260\320\273/3_\320\272\321\200\321\203\320\263/Ivar.md"
[2026-06-25 19:13:52]  delete mode 100644 "Life/Calendula/\320\241\320\276\321\206 \320\232\320\260\320\277\320\270\321\202\320\260\320\273/3_\320\272\321\200\321\203\320\263/Lirik.md"
[2026-06-25 19:13:52]  delete mode 100644 "Life/Calendula/\320\241\320\276\321\206 \320\232\320\260\320\277\320\270\321\202\320\260\320\273/3_\320\272\321\200\321\203\320\263/Marakya.md"
[2026-06-25 19:13:52]  delete mode 100644 "Life/Calendula/\320\241\320\276\321\206 \320\232\320\260\320\277\320\270\321\202\320\260\320\273/3_\320\272\321\200\321\203\320\263/Maybe beibe.md"
[2026-06-25 19:13:52]  delete mode 100644 "Life/Calendula/\320\241\320\276\321\206 \320\232\320\260\320\277\320\270\321\202\320\260\320\273/3_\320\272\321\200\321\203\320\263/Murat.md"
[2026-06-25 19:13:52]  delete mode 100644 "Life/Calendula/\320\241\320\276\321\206 \320\232\320\260\320\277\320\270\321\202\320\260\320\273/3_\320\272\321\200\321\203\320\263/Nett.md"
[2026-06-25 19:13:52]  delete mode 100644 "Life/Calendula/\320\241\320\276\321\206 \320\232\320\260\320\277\320\270\321\202\320\260\320\273/3_\320\272\321\200\321\203\320\263/Resusfactor_228.md"
[2026-06-25 19:13:52]  delete mode 100644 "Life/Calendula/\320\241\320\276\321\206 \320\232\320\260\320\277\320\270\321\202\320\260\320\273/3_\320\272\321\200\321\203\320\263/Ruslan.md"
[2026-06-25 19:13:52]  delete mode 100644 "Life/Calendula/\320\241\320\276\321\206 \320\232\320\260\320\277\320\270\321\202\320\260\320\273/3_\320\272\321\200\321\203\320\263/Skuli Dropek.md"
[2026-06-25 19:13:52]  delete mode 100644 "Life/Calendula/\320\241\320\276\321\206 \320\232\320\260\320\277\320\270\321\202\320\260\320\273/3_\320\272\321\200\321\203\320\263/Temozarela.md"
[2026-06-25 19:13:52]  delete mode 100644 "Life/Calendula/\320\241\320\276\321\206 \320\232\320\260\320\277\320\270\321\202\320\260\320\273/3_\320\272\321\200\321\203\320\263/TopQuark.md"
[2026-06-25 19:13:52]  delete mode 100644 "Life/Calendula/\320\241\320\276\321\206 \320\232\320\260\320\277\320\270\321\202\320\260\320\273/3_\320\272\321\200\321\203\320\263/Zero.md"
[2026-06-25 19:13:52]  delete mode 100644 "Life/Calendula/\320\241\320\276\321\206 \320\232\320\260\320\277\320\270\321\202\320\260\320\273/3_\320\272\321\200\321\203\320\263/\320\232\320\270\321\200\320\270\320\273\320\273 \320\241\320\274\320\265\320\273\321\217\320\272.md"
[2026-06-25 19:13:52]  delete mode 100644 "Life/Calendula/\320\241\320\276\321\206 \320\232\320\260\320\277\320\270\321\202\320\260\320\273/3_\320\272\321\200\321\203\320\263/\320\232\320\276\320\273\321\217 \320\224\320\260\320\275\320\270\320\273\320\276\320\262.md"
[2026-06-25 19:13:52]  delete mode 100644 "Life/Calendula/\320\241\320\276\321\206 \320\232\320\260\320\277\320\270\321\202\320\260\320\273/3_\320\272\321\200\321\203\320\263/\320\232\321\200\320\270\321\201\321\202\320\270\320\275\320\260 \320\241\320\265\321\201\321\202\321\200\320\260.md"
[2026-06-25 19:13:52]  delete mode 100644 "Life/Calendula/\320\241\320\276\321\206 \320\232\320\260\320\277\320\270\321\202\320\260\320\273/3_\320\272\321\200\321\203\320\263/\320\234\320\270\321\210\320\260 \320\221\320\260\320\264\320\270\320\263\320\270\320\275.md"
[2026-06-25 19:13:52]  delete mode 100644 "Life/Calendula/\320\241\320\276\321\206 \320\232\320\260\320\277\320\270\321\202\320\260\320\273/3_\320\272\321\200\321\203\320\263/\320\240\320\260\320\264\320\270\320\271.md"
[2026-06-25 19:13:52]  delete mode 100644 "Life/Calendula/\320\241\320\276\321\206 \320\232\320\260\320\277\320\270\321\202\320\260\320\273/3_\320\272\321\200\321\203\320\263/\320\240\321\203\320\262\320\270\320\274 \320\232\320\260\320\275\320\270\320\275.md"
[2026-06-25 19:13:52]  delete mode 100644 "Life/Calendula/\320\241\320\276\321\206 \320\232\320\260\320\277\320\270\321\202\320\260\320\273/3_\320\272\321\200\321\203\320\263/\320\241\320\265\321\200\320\263\320\265\320\271 \320\221\321\200\320\260\321\202.md"
[2026-06-25 19:13:52]  delete mode 100644 "Life/Calendula/\320\241\320\276\321\206 \320\232\320\260\320\277\320\270\321\202\320\260\320\273/3_\320\272\321\200\321\203\320\263/\320\256\321\200\320\260 \320\233\320\260\321\200\320\274\320\265.md"
[2026-06-25 19:13:52]  delete mode 100644 "Life/Calendula/\320\241\320\276\321\206 \320\232\320\260\320\277\320\270\321\202\320\260\320\273/\320\224\320\260\321\210\320\261\320\276\321\200\320\264.md"
[2026-06-25 19:13:52]  delete mode 100644 "Life/Calendula/\320\241\320\276\321\206 \320\232\320\260\320\277\320\270\321\202\320\260\320\273/\320\236\321\201\320\276\320\261\320\265\320\275\321\213\320\265/Delta.md"
[2026-06-25 19:13:52]  delete mode 100644 "Life/Calendula/\320\241\320\276\321\206 \320\232\320\260\320\277\320\270\321\202\320\260\320\273/\320\236\321\201\320\276\320\261\320\265\320\275\321\213\320\265/\320\223\320\273\320\265\320\261\321\203\321\201\320\260.md"
[2026-06-25 19:13:52]  delete mode 100644 "Life/Calendula/\320\241\320\276\321\206 \320\232\320\260\320\277\320\270\321\202\320\260\320\273/\320\236\321\201\320\276\320\261\320\265\320\275\321\213\320\265/\320\232\320\276\321\201\321\202\321\217\320\272.md"
[2026-06-25 19:13:52]  delete mode 100644 "Life/Calendula/\320\241\320\276\321\206 \320\232\320\260\320\277\320\270\321\202\320\260\320\273/\320\236\321\201\320\276\320\261\320\265\320\275\321\213\320\265/\320\234\320\260\321\202\320\262\320\265\320\271.md"
[2026-06-25 19:13:52]  delete mode 100644 "Life/Calendula/\320\241\320\276\321\206 \320\232\320\260\320\277\320\270\321\202\320\260\320\273/\320\236\321\201\320\276\320\261\320\265\320\275\321\213\320\265/\320\236\320\272\321\202.md"
[2026-06-25 19:13:52]  delete mode 100644 "Life/Calendula/\320\241\320\276\321\206 \320\232\320\260\320\277\320\270\321\202\320\260\320\273/\320\237\320\276\320\267\320\275\320\260\320\272\320\276\320\274\320\270\320\273\320\270\321\201\321\214/Alexander B.md"
[2026-06-25 19:13:52]  delete mode 100644 "Life/Calendula/\320\241\320\276\321\206 \320\232\320\260\320\277\320\270\321\202\320\260\320\273/\320\237\320\276\320\267\320\275\320\260\320\272\320\276\320\274\320\270\320\273\320\270\321\201\321\214/Almaz.md"
[2026-06-25 19:13:52]  delete mode 100644 "Life/Calendula/\320\241\320\276\321\206 \320\232\320\260\320\277\320\270\321\202\320\260\320\273/\320\237\320\276\320\267\320\275\320\260\320\272\320\276\320\274\320\270\320\273\320\270\321\201\321\214/Andrey DS.md"
[2026-06-25 19:13:52]  delete mode 100644 "Life/Calendula/\320\241\320\276\321\206 \320\232\320\260\320\277\320\270\321\202\320\260\320\273/\320\237\320\276\320\267\320\275\320\260\320\272\320\276\320\274\320\270\320\273\320\270\321\201\321\214/Andrey.md"
[2026-06-25 19:13:52]  delete mode 100644 "Life/Calendula/\320\241\320\276\321\206 \320\232\320\260\320\277\320\270\321\202\320\260\320\273/\320\237\320\276\320\267\320\275\320\260\320\272\320\276\320\274\320\270\320\273\320\270\321\201\321\214/Cardiganes.md"
[2026-06-25 19:13:52]  delete mode 100644 "Life/Calendula/\320\241\320\276\321\206 \320\232\320\260\320\277\320\270\321\202\320\260\320\273/\320\237\320\276\320\267\320\275\320\260\320\272\320\276\320\274\320\270\320\273\320\270\321\201\321\214/Glasik.md"
[2026-06-25 19:13:52]  delete mode 100644 "Life/Calendula/\320\241\320\276\321\206 \320\232\320\260\320\277\320\270\321\202\320\260\320\273/\320\237\320\276\320\267\320\275\320\260\320\272\320\276\320\274\320\270\320\273\320\270\321\201\321\214/JuliaTsvetkova.md"
[2026-06-25 19:13:52]  delete mode 100644 "Life/Calendula/\320\241\320\276\321\206 \320\232\320\260\320\277\320\270\321\202\320\260\320\273/\320\237\320\276\320\267\320\275\320\260\320\272\320\276\320\274\320\270\320\273\320\270\321\201\321\214/King.md"
[2026-06-25 19:13:52]  delete mode 100644 "Life/Calendula/\320\241\320\276\321\206 \320\232\320\260\320\277\320\270\321\202\320\260\320\273/\320\237\320\276\320\267\320\275\320\260\320\272\320\276\320\274\320\270\320\273\320\270\321\201\321\214/Mercau.md"
[2026-06-25 19:13:52]  delete mode 100644 "Life/Calendula/\320\241\320\276\321\206 \320\232\320\260\320\277\320\270\321\202\320\260\320\273/\320\237\320\276\320\267\320\275\320\260\320\272\320\276\320\274\320\270\320\273\320\270\321\201\321\214/Nikita.md"
[2026-06-25 19:13:52]  delete mode 100644 "Life/Calendula/\320\241\320\276\321\206 \320\232\320\260\320\277\320\270\321\202\320\260\320\273/\320\237\320\276\320\267\320\275\320\260\320\272\320\276\320\274\320\270\320\273\320\270\321\201\321\214/Paul.md"
[2026-06-25 19:13:52]  delete mode 100644 "Life/Calendula/\320\241\320\276\321\206 \320\232\320\260\320\277\320\270\321\202\320\260\320\273/\320\237\320\276\320\267\320\275\320\260\320\272\320\276\320\274\320\270\320\273\320\270\321\201\321\214/REDIKAN.md"
[2026-06-25 19:13:52]  delete mode 100644 "Life/Calendula/\320\241\320\276\321\206 \320\232\320\260\320\277\320\270\321\202\320\260\320\273/\320\237\320\276\320\267\320\275\320\260\320\272\320\276\320\274\320\270\320\273\320\270\321\201\321\214/Ren.md"
[2026-06-25 19:13:52]  delete mode 100644 "Life/Calendula/\320\241\320\276\321\206 \320\232\320\260\320\277\320\270\321\202\320\260\320\273/\320\237\320\276\320\267\320\275\320\260\320\272\320\276\320\274\320\270\320\273\320\270\321\201\321\214/Romio.md"
[2026-06-25 19:13:52]  delete mode 100644 "Life/Calendula/\320\241\320\276\321\206 \320\232\320\260\320\277\320\270\321\202\320\260\320\273/\320\237\320\276\320\267\320\275\320\260\320\272\320\276\320\274\320\270\320\273\320\270\321\201\321\214/Stanislav.md"
[2026-06-25 19:13:52]  delete mode 100644 "Life/Calendula/\320\241\320\276\321\206 \320\232\320\260\320\277\320\270\321\202\320\260\320\273/\320\237\320\276\320\267\320\275\320\260\320\272\320\276\320\274\320\270\320\273\320\270\321\201\321\214/TED.md"
[2026-06-25 19:13:52]  delete mode 100644 "Life/Calendula/\320\241\320\276\321\206 \320\232\320\260\320\277\320\270\321\202\320\260\320\273/\320\237\320\276\320\267\320\275\320\260\320\272\320\276\320\274\320\270\320\273\320\270\321\201\321\214/WoodieDudy.md"
[2026-06-25 19:13:52]  delete mode 100644 "Life/Calendula/\320\241\320\276\321\206 \320\232\320\260\320\277\320\270\321\202\320\260\320\273/\320\237\320\276\320\267\320\275\320\260\320\272\320\276\320\274\320\270\320\273\320\270\321\201\321\214/\320\222\320\270\320\272\321\202\320\276\321\200 \320\232\321\203\321\202\321\203\320\267\320\276\320\262.md"
[2026-06-25 19:13:52]  delete mode 100644 "Life/Calendula/\320\241\320\276\321\206 \320\232\320\260\320\277\320\270\321\202\320\260\320\273/\320\237\320\276\320\267\320\275\320\260\320\272\320\276\320\274\320\270\320\273\320\270\321\201\321\214/\320\223\320\273\320\265\320\261.md"
[2026-06-25 19:13:52]  delete mode 100644 "Life/Calendula/\320\241\320\276\321\206 \320\232\320\260\320\277\320\270\321\202\320\260\320\273/\320\237\320\276\320\267\320\275\320\260\320\272\320\276\320\274\320\270\320\273\320\270\321\201\321\214/\320\234\320\260\320\274\321\203\320\275\320\260.md"
[2026-06-25 19:13:52]  delete mode 100644 "Life/Calendula/\320\241\320\276\321\206 \320\232\320\260\320\277\320\270\321\202\320\260\320\273/\320\237\320\276\320\267\320\275\320\260\320\272\320\276\320\274\320\270\320\273\320\270\321\201\321\214/\320\241\320\260\320\275\320\276.md"
[2026-06-25 19:13:52]  delete mode 100644 "Life/Calendula/\320\241\320\276\321\206 \320\232\320\260\320\277\320\270\321\202\320\260\320\273/\320\237\320\276\320\267\320\275\320\260\320\272\320\276\320\274\320\270\320\273\320\270\321\201\321\214/\320\241\320\262\320\265\321\202\320\273\321\213\320\271 \320\272\320\276\321\202.md"
[2026-06-25 19:13:52]  delete mode 100644 "Life/Calendula/\320\241\320\276\321\206 \320\232\320\260\320\277\320\270\321\202\320\260\320\273/\320\237\320\276\320\267\320\275\320\260\320\272\320\276\320\274\320\270\320\273\320\270\321\201\321\214/\320\261\320\276\320\277.md"
[2026-06-25 19:13:52]  delete mode 100644 "Life/Calendula/\320\241\320\276\321\206 \320\232\320\260\320\277\320\270\321\202\320\260\320\273/\320\241\321\202\320\260\321\202\320\270\321\201\321\202\320\270\320\272\320\260 \321\203\320\277\320\276\320\274\320\270\320\275\320\260\320\275\320\270\320\271.md"
[2026-06-25 19:13:52]  delete mode 100644 "Life/Calendula/\320\241\320\276\321\206 \320\232\320\260\320\277\320\270\321\202\320\260\320\273/\320\250\320\260\320\261\320\273\320\276\320\275.md"
[2026-06-25 19:13:52]  delete mode 100644 "Life/Temp/2027/\320\220\320\262\320\263\321\203\321\201\321\202/01-08-27.md"
[2026-06-25 19:13:52]  delete mode 100644 "Life/Temp/2027/\320\220\320\262\320\263\321\203\321\201\321\202/02-08-27.md"
[2026-06-25 19:13:52]  delete mode 100644 "Life/Temp/2027/\320\220\320\262\320\263\321\203\321\201\321\202/03-08-27.md"
[2026-06-25 19:13:52]  delete mode 100644 "Life/Temp/2027/\320\220\320\262\320\263\321\203\321\201\321\202/04-08-27.md"
[2026-06-25 19:13:52]  delete mode 100644 "Life/Temp/2027/\320\220\320\262\320\263\321\203\321\201\321\202/05-08-27.md"
[2026-06-25 19:13:52]  delete mode 100644 "Life/Temp/2027/\320\220\320\262\320\263\321\203\321\201\321\202/06-08-27.md"
[2026-06-25 19:13:52]  delete mode 100644 "Life/Temp/2027/\320\220\320\262\320\263\321\203\321\201\321\202/07-08-27.md"
[2026-06-25 19:13:52]  delete mode 100644 "Life/Temp/2027/\320\220\320\262\320\263\321\203\321\201\321\202/08-08-27.md"
[2026-06-25 19:13:52]  delete mode 100644 "Life/Temp/2027/\320\220\320\262\320\263\321\203\321\201\321\202/09-08-27.md"
[2026-06-25 19:13:52]  delete mode 100644 "Life/Temp/2027/\320\220\320\262\320\263\321\203\321\201\321\202/10-08-27.md"
[2026-06-25 19:13:52]  delete mode 100644 "Life/Temp/2027/\320\220\320\262\320\263\321\203\321\201\321\202/11-08-27.md"
[2026-06-25 19:13:52]  delete mode 100644 "Life/Temp/2027/\320\220\320\262\320\263\321\203\321\201\321\202/12-08-27.md"
[2026-06-25 19:13:52]  delete mode 100644 "Life/Temp/2027/\320\220\320\262\320\263\321\203\321\201\321\202/13-08-27.md"
[2026-06-25 19:13:52]  delete mode 100644 "Life/Temp/2027/\320\220\320\262\320\263\321\203\321\201\321\202/14-08-27.md"
[2026-06-25 19:13:52]  delete mode 100644 "Life/Temp/2027/\320\220\320\262\320\263\321\203\321\201\321\202/15-08-27.md"
[2026-06-25 19:13:52]  delete mode 100644 "Life/Temp/2027/\320\220\320\262\320\263\321\203\321\201\321\202/16-08-27.md"
[2026-06-25 19:13:52]  delete mode 100644 "Life/Temp/2027/\320\220\320\262\320\263\321\203\321\201\321\202/17-08-27.md"
[2026-06-25 19:13:52]  delete mode 100644 "Life/Temp/2027/\320\220\320\262\320\263\321\203\321\201\321\202/18-08-27.md"
[2026-06-25 19:13:52]  delete mode 100644 "Life/Temp/2027/\320\220\320\262\320\263\321\203\321\201\321\202/19-08-27.md"
[2026-06-25 19:13:52]  delete mode 100644 "Life/Temp/2027/\320\220\320\262\320\263\321\203\321\201\321\202/20-08-27.md"
[2026-06-25 19:13:52]  delete mode 100644 "Life/Temp/2027/\320\220\320\262\320\263\321\203\321\201\321\202/21-08-27.md"
[2026-06-25 19:13:52]  delete mode 100644 "Life/Temp/2027/\320\220\320\262\320\263\321\203\321\201\321\202/22-08-27.md"
[2026-06-25 19:13:52]  delete mode 100644 "Life/Temp/2027/\320\220\320\262\320\263\321\203\321\201\321\202/23-08-27.md"
[2026-06-25 19:13:52]  delete mode 100644 "Life/Temp/2027/\320\220\320\262\320\263\321\203\321\201\321\202/24-08-27.md"
[2026-06-25 19:13:52]  delete mode 100644 "Life/Temp/2027/\320\220\320\262\320\263\321\203\321\201\321\202/25-08-27.md"
[2026-06-25 19:13:52]  delete mode 100644 "Life/Temp/2027/\320\220\320\262\320\263\321\203\321\201\321\202/26-08-27.md"
[2026-06-25 19:13:52]  delete mode 100644 "Life/Temp/2027/\320\220\320\262\320\263\321\203\321\201\321\202/27-08-27.md"
[2026-06-25 19:13:52]  delete mode 100644 "Life/Temp/2027/\320\220\320\262\320\263\321\203\321\201\321\202/28-08-27.md"
[2026-06-25 19:13:52]  delete mode 100644 "Life/Temp/2027/\320\220\320\262\320\263\321\203\321\201\321\202/29-08-27.md"
[2026-06-25 19:13:52]  delete mode 100644 "Life/Temp/2027/\320\220\320\262\320\263\321\203\321\201\321\202/30-08-27.md"
[2026-06-25 19:13:52]  delete mode 100644 "Life/Temp/2027/\320\220\320\262\320\263\321\203\321\201\321\202/31-08-27.md"
[2026-06-25 19:13:52]  delete mode 100644 "Life/Temp/2027/\320\220\320\277\321\200\320\265\320\273\321\214/01-04-27.md"
[2026-06-25 19:13:52]  delete mode 100644 "Life/Temp/2027/\320\220\320\277\321\200\320\265\320\273\321\214/02-04-27.md"
[2026-06-25 19:13:52]  delete mode 100644 "Life/Temp/2027/\320\220\320\277\321\200\320\265\320\273\321\214/03-04-27.md"
[2026-06-25 19:13:52]  delete mode 100644 "Life/Temp/2027/\320\220\320\277\321\200\320\265\320\273\321\214/04-04-27.md"
[2026-06-25 19:13:52]  delete mode 100644 "Life/Temp/2027/\320\220\320\277\321\200\320\265\320\273\321\214/05-04-27.md"
[2026-06-25 19:13:52]  delete mode 100644 "Life/Temp/2027/\320\220\320\277\321\200\320\265\320\273\321\214/06-04-27.md"
[2026-06-25 19:13:52]  delete mode 100644 "Life/Temp/2027/\320\220\320\277\321\200\320\265\320\273\321\214/07-04-27.md"
[2026-06-25 19:13:52]  delete mode 100644 "Life/Temp/2027/\320\220\320\277\321\200\320\265\320\273\321\214/08-04-27.md"
[2026-06-25 19:13:52]  delete mode 100644 "Life/Temp/2027/\320\220\320\277\321\200\320\265\320\273\321\214/09-04-27.md"
[2026-06-25 19:13:52]  delete mode 100644 "Life/Temp/2027/\320\220\320\277\321\200\320\265\320\273\321\214/10-04-27.md"
[2026-06-25 19:13:52]  delete mode 100644 "Life/Temp/2027/\320\220\320\277\321\200\320\265\320\273\321\214/11-04-27.md"
[2026-06-25 19:13:52]  delete mode 100644 "Life/Temp/2027/\320\220\320\277\321\200\320\265\320\273\321\214/12-04-27.md"
[2026-06-25 19:13:52]  delete mode 100644 "Life/Temp/2027/\320\220\320\277\321\200\320\265\320\273\321\214/13-04-27.md"
[2026-06-25 19:13:52]  delete mode 100644 "Life/Temp/2027/\320\220\320\277\321\200\320\265\320\273\321\214/14-04-27.md"
[2026-06-25 19:13:52]  delete mode 100644 "Life/Temp/2027/\320\220\320\277\321\200\320\265\320\273\321\214/15-04-27.md"
[2026-06-25 19:13:52]  delete mode 100644 "Life/Temp/2027/\320\220\320\277\321\200\320\265\320\273\321\214/16-04-27.md"
[2026-06-25 19:13:52]  delete mode 100644 "Life/Temp/2027/\320\220\320\277\321\200\320\265\320\273\321\214/17-04-27.md"
[2026-06-25 19:13:52]  delete mode 100644 "Life/Temp/2027/\320\220\320\277\321\200\320\265\320\273\321\214/18-04-27.md"
[2026-06-25 19:13:52]  delete mode 100644 "Life/Temp/2027/\320\220\320\277\321\200\320\265\320\273\321\214/19-04-27.md"
[2026-06-25 19:13:52]  delete mode 100644 "Life/Temp/2027/\320\220\320\277\321\200\320\265\320\273\321\214/20-04-27.md"
[2026-06-25 19:13:52]  delete mode 100644 "Life/Temp/2027/\320\220\320\277\321\200\320\265\320\273\321\214/21-04-27.md"
[2026-06-25 19:13:52]  delete mode 100644 "Life/Temp/2027/\320\220\320\277\321\200\320\265\320\273\321\214/22-04-27.md"
[2026-06-25 19:13:52]  delete mode 100644 "Life/Temp/2027/\320\220\320\277\321\200\320\265\320\273\321\214/23-04-27.md"
[2026-06-25 19:13:52]  delete mode 100644 "Life/Temp/2027/\320\220\320\277\321\200\320\265\320\273\321\214/24-04-27.md"
[2026-06-25 19:13:52]  delete mode 100644 "Life/Temp/2027/\320\220\320\277\321\200\320\265\320\273\321\214/25-04-27.md"
[2026-06-25 19:13:52]  delete mode 100644 "Life/Temp/2027/\320\220\320\277\321\200\320\265\320\273\321\214/26-04-27.md"
[2026-06-25 19:13:52]  delete mode 100644 "Life/Temp/2027/\320\220\320\277\321\200\320\265\320\273\321\214/27-04-27.md"
[2026-06-25 19:13:52]  delete mode 100644 "Life/Temp/2027/\320\220\320\277\321\200\320\265\320\273\321\214/28-04-27.md"
[2026-06-25 19:13:52]  delete mode 100644 "Life/Temp/2027/\320\220\320\277\321\200\320\265\320\273\321\214/29-04-27.md"
[2026-06-25 19:13:52]  delete mode 100644 "Life/Temp/2027/\320\220\320\277\321\200\320\265\320\273\321\214/30-04-27.md"
[2026-06-25 19:13:52]  delete mode 100644 "Life/Temp/2027/\320\224\320\265\320\272\320\260\320\261\321\200\321\214/01-12-27.md"
[2026-06-25 19:13:52]  delete mode 100644 "Life/Temp/2027/\320\224\320\265\320\272\320\260\320\261\321\200\321\214/02-12-27.md"
[2026-06-25 19:13:52]  delete mode 100644 "Life/Temp/2027/\320\224\320\265\320\272\320\260\320\261\321\200\321\214/03-12-27.md"
[2026-06-25 19:13:52]  delete mode 100644 "Life/Temp/2027/\320\224\320\265\320\272\320\260\320\261\321\200\321\214/04-12-27.md"
[2026-06-25 19:13:52]  delete mode 100644 "Life/Temp/2027/\320\224\320\265\320\272\320\260\320\261\321\200\321\214/05-12-27.md"
[2026-06-25 19:13:52]  delete mode 100644 "Life/Temp/2027/\320\224\320\265\320\272\320\260\320\261\321\200\321\214/06-12-27.md"
[2026-06-25 19:13:52]  delete mode 100644 "Life/Temp/2027/\320\224\320\265\320\272\320\260\320\261\321\200\321\214/07-12-27.md"
[2026-06-25 19:13:52]  delete mode 100644 "Life/Temp/2027/\320\224\320\265\320\272\320\260\320\261\321\200\321\214/08-12-27.md"
[2026-06-25 19:13:52]  delete mode 100644 "Life/Temp/2027/\320\224\320\265\320\272\320\260\320\261\321\200\321\214/09-12-27.md"
[2026-06-25 19:13:52]  delete mode 100644 "Life/Temp/2027/\320\224\320\265\320\272\320\260\320\261\321\200\321\214/10-12-27.md"
[2026-06-25 19:13:52]  delete mode 100644 "Life/Temp/2027/\320\224\320\265\320\272\320\260\320\261\321\200\321\214/11-12-27.md"
[2026-06-25 19:13:52]  delete mode 100644 "Life/Temp/2027/\320\224\320\265\320\272\320\260\320\261\321\200\321\214/12-12-27.md"
[2026-06-25 19:13:52]  delete mode 100644 "Life/Temp/2027/\320\224\320\265\320\272\320\260\320\261\321\200\321\214/13-12-27.md"
[2026-06-25 19:13:52]  delete mode 100644 "Life/Temp/2027/\320\224\320\265\320\272\320\260\320\261\321\200\321\214/14-12-27.md"
[2026-06-25 19:13:52]  delete mode 100644 "Life/Temp/2027/\320\224\320\265\320\272\320\260\320\261\321\200\321\214/15-12-27.md"
[2026-06-25 19:13:52]  delete mode 100644 "Life/Temp/2027/\320\224\320\265\320\272\320\260\320\261\321\200\321\214/16-12-27.md"
[2026-06-25 19:13:52]  delete mode 100644 "Life/Temp/2027/\320\224\320\265\320\272\320\260\320\261\321\200\321\214/17-12-27.md"
[2026-06-25 19:13:52]  delete mode 100644 "Life/Temp/2027/\320\224\320\265\320\272\320\260\320\261\321\200\321\214/18-12-27.md"
[2026-06-25 19:13:52]  delete mode 100644 "Life/Temp/2027/\320\224\320\265\320\272\320\260\320\261\321\200\321\214/19-12-27.md"
[2026-06-25 19:13:52]  delete mode 100644 "Life/Temp/2027/\320\224\320\265\320\272\320\260\320\261\321\200\321\214/20-12-27.md"
[2026-06-25 19:13:52]  delete mode 100644 "Life/Temp/2027/\320\224\320\265\320\272\320\260\320\261\321\200\321\214/21-12-27.md"
[2026-06-25 19:13:52]  delete mode 100644 "Life/Temp/2027/\320\224\320\265\320\272\320\260\320\261\321\200\321\214/22-12-27.md"
[2026-06-25 19:13:52]  delete mode 100644 "Life/Temp/2027/\320\224\320\265\320\272\320\260\320\261\321\200\321\214/23-12-27.md"
[2026-06-25 19:13:52]  delete mode 100644 "Life/Temp/2027/\320\224\320\265\320\272\320\260\320\261\321\200\321\214/24-12-27.md"
[2026-06-25 19:13:52]  delete mode 100644 "Life/Temp/2027/\320\224\320\265\320\272\320\260\320\261\321\200\321\214/25-12-27.md"
[2026-06-25 19:13:52]  delete mode 100644 "Life/Temp/2027/\320\224\320\265\320\272\320\260\320\261\321\200\321\214/26-12-27.md"
[2026-06-25 19:13:52]  delete mode 100644 "Life/Temp/2027/\320\224\320\265\320\272\320\260\320\261\321\200\321\214/27-12-27.md"
[2026-06-25 19:13:52]  delete mode 100644 "Life/Temp/2027/\320\224\320\265\320\272\320\260\320\261\321\200\321\214/28-12-27.md"
[2026-06-25 19:13:52]  delete mode 100644 "Life/Temp/2027/\320\224\320\265\320\272\320\260\320\261\321\200\321\214/29-12-27.md"
[2026-06-25 19:13:52]  delete mode 100644 "Life/Temp/2027/\320\224\320\265\320\272\320\260\320\261\321\200\321\214/30-12-27.md"
[2026-06-25 19:13:52]  delete mode 100644 "Life/Temp/2027/\320\224\320\265\320\272\320\260\320\261\321\200\321\214/31-12-27.md"
[2026-06-25 19:13:52]  delete mode 100644 "Life/Temp/2027/\320\230\321\216\320\273\321\214/01-07-27.md"
[2026-06-25 19:13:52]  delete mode 100644 "Life/Temp/2027/\320\230\321\216\320\273\321\214/02-07-27.md"
[2026-06-25 19:13:52]  delete mode 100644 "Life/Temp/2027/\320\230\321\216\320\273\321\214/03-07-27.md"
[2026-06-25 19:13:52]  delete mode 100644 "Life/Temp/2027/\320\230\321\216\320\273\321\214/04-07-27.md"
[2026-06-25 19:13:52]  delete mode 100644 "Life/Temp/2027/\320\230\321\216\320\273\321\214/05-07-27.md"
[2026-06-25 19:13:52]  delete mode 100644 "Life/Temp/2027/\320\230\321\216\320\273\321\214/06-07-27.md"
[2026-06-25 19:13:52]  delete mode 100644 "Life/Temp/2027/\320\230\321\216\320\273\321\214/07-07-27.md"
[2026-06-25 19:13:52]  delete mode 100644 "Life/Temp/2027/\320\230\321\216\320\273\321\214/08-07-27.md"
[2026-06-25 19:13:52]  delete mode 100644 "Life/Temp/2027/\320\230\321\216\320\273\321\214/09-07-27.md"
[2026-06-25 19:13:52]  delete mode 100644 "Life/Temp/2027/\320\230\321\216\320\273\321\214/10-07-27.md"
[2026-06-25 19:13:52]  delete mode 100644 "Life/Temp/2027/\320\230\321\216\320\273\321\214/11-07-27.md"
[2026-06-25 19:13:52]  delete mode 100644 "Life/Temp/2027/\320\230\321\216\320\273\321\214/12-07-27.md"
[2026-06-25 19:13:52]  delete mode 100644 "Life/Temp/2027/\320\230\321\216\320\273\321\214/13-07-27.md"
[2026-06-25 19:13:52]  delete mode 100644 "Life/Temp/2027/\320\230\321\216\320\273\321\214/14-07-27.md"
[2026-06-25 19:13:52]  delete mode 100644 "Life/Temp/2027/\320\230\321\216\320\273\321\214/15-07-27.md"
[2026-06-25 19:13:52]  delete mode 100644 "Life/Temp/2027/\320\230\321\216\320\273\321\214/16-07-27.md"
[2026-06-25 19:13:52]  delete mode 100644 "Life/Temp/2027/\320\230\321\216\320\273\321\214/17-07-27.md"
[2026-06-25 19:13:52]  delete mode 100644 "Life/Temp/2027/\320\230\321\216\320\273\321\214/18-07-27.md"
[2026-06-25 19:13:52]  delete mode 100644 "Life/Temp/2027/\320\230\321\216\320\273\321\214/19-07-27.md"
[2026-06-25 19:13:52]  delete mode 100644 "Life/Temp/2027/\320\230\321\216\320\273\321\214/20-07-27.md"
[2026-06-25 19:13:52]  delete mode 100644 "Life/Temp/2027/\320\230\321\216\320\273\321\214/21-07-27.md"
[2026-06-25 19:13:52]  delete mode 100644 "Life/Temp/2027/\320\230\321\216\320\273\321\214/22-07-27.md"
[2026-06-25 19:13:52]  delete mode 100644 "Life/Temp/2027/\320\230\321\216\320\273\321\214/23-07-27.md"
[2026-06-25 19:13:52]  delete mode 100644 "Life/Temp/2027/\320\230\321\216\320\273\321\214/24-07-27.md"
[2026-06-25 19:13:52]  delete mode 100644 "Life/Temp/2027/\320\230\321\216\320\273\321\214/25-07-27.md"
[2026-06-25 19:13:52]  delete mode 100644 "Life/Temp/2027/\320\230\321\216\320\273\321\214/26-07-27.md"
[2026-06-25 19:13:52]  delete mode 100644 "Life/Temp/2027/\320\230\321\216\320\273\321\214/27-07-27.md"
[2026-06-25 19:13:52]  delete mode 100644 "Life/Temp/2027/\320\230\321\216\320\273\321\214/28-07-27.md"
[2026-06-25 19:13:52]  delete mode 100644 "Life/Temp/2027/\320\230\321\216\320\273\321\214/29-07-27.md"
[2026-06-25 19:13:52]  delete mode 100644 "Life/Temp/2027/\320\230\321\216\320\273\321\214/30-07-27.md"
[2026-06-25 19:13:52]  delete mode 100644 "Life/Temp/2027/\320\230\321\216\320\273\321\214/31-07-27.md"
[2026-06-25 19:13:52]  delete mode 100644 "Life/Temp/2027/\320\230\321\216\320\275\321\214/01-06-27.md"
[2026-06-25 19:13:52]  delete mode 100644 "Life/Temp/2027/\320\230\321\216\320\275\321\214/02-06-27.md"
[2026-06-25 19:13:52]  delete mode 100644 "Life/Temp/2027/\320\230\321\216\320\275\321\214/03-06-27.md"
[2026-06-25 19:13:52]  delete mode 100644 "Life/Temp/2027/\320\230\321\216\320\275\321\214/04-06-27.md"
[2026-06-25 19:13:52]  delete mode 100644 "Life/Temp/2027/\320\230\321\216\320\275\321\214/05-06-27.md"
[2026-06-25 19:13:52]  delete mode 100644 "Life/Temp/2027/\320\230\321\216\320\275\321\214/06-06-27.md"
[2026-06-25 19:13:52]  delete mode 100644 "Life/Temp/2027/\320\230\321\216\320\275\321\214/07-06-27.md"
[2026-06-25 19:13:52]  delete mode 100644 "Life/Temp/2027/\320\230\321\216\320\275\321\214/08-06-27.md"
[2026-06-25 19:13:52]  delete mode 100644 "Life/Temp/2027/\320\230\321\216\320\275\321\214/09-06-27.md"
[2026-06-25 19:13:52]  delete mode 100644 "Life/Temp/2027/\320\230\321\216\320\275\321\214/10-06-27.md"
[2026-06-25 19:13:52]  delete mode 100644 "Life/Temp/2027/\320\230\321\216\320\275\321\214/11-06-27.md"
[2026-06-25 19:13:52]  delete mode 100644 "Life/Temp/2027/\320\230\321\216\320\275\321\214/12-06-27.md"
[2026-06-25 19:13:52]  delete mode 100644 "Life/Temp/2027/\320\230\321\216\320\275\321\214/13-06-27.md"
[2026-06-25 19:13:52]  delete mode 100644 "Life/Temp/2027/\320\230\321\216\320\275\321\214/14-06-27.md"
[2026-06-25 19:13:52]  delete mode 100644 "Life/Temp/2027/\320\230\321\216\320\275\321\214/15-06-27.md"
[2026-06-25 19:13:52]  delete mode 100644 "Life/Temp/2027/\320\230\321\216\320\275\321\214/16-06-27.md"
[2026-06-25 19:13:52]  delete mode 100644 "Life/Temp/2027/\320\230\321\216\320\275\321\214/17-06-27.md"
[2026-06-25 19:13:52]  delete mode 100644 "Life/Temp/2027/\320\230\321\216\320\275\321\214/18-06-27.md"
[2026-06-25 19:13:52]  delete mode 100644 "Life/Temp/2027/\320\230\321\216\320\275\321\214/19-06-27.md"
[2026-06-25 19:13:52]  delete mode 100644 "Life/Temp/2027/\320\230\321\216\320\275\321\214/20-06-27.md"
[2026-06-25 19:13:52]  delete mode 100644 "Life/Temp/2027/\320\230\321\216\320\275\321\214/21-06-27.md"
[2026-06-25 19:13:52]  delete mode 100644 "Life/Temp/2027/\320\230\321\216\320\275\321\214/22-06-27.md"
[2026-06-25 19:13:52]  delete mode 100644 "Life/Temp/2027/\320\230\321\216\320\275\321\214/23-06-27.md"
[2026-06-25 19:13:52]  delete mode 100644 "Life/Temp/2027/\320\230\321\216\320\275\321\214/24-06-27.md"
[2026-06-25 19:13:52]  delete mode 100644 "Life/Temp/2027/\320\230\321\216\320\275\321\214/25-06-27.md"
[2026-06-25 19:13:52]  delete mode 100644 "Life/Temp/2027/\320\230\321\216\320\275\321\214/26-06-27.md"
[2026-06-25 19:13:52]  delete mode 100644 "Life/Temp/2027/\320\230\321\216\320\275\321\214/27-06-27.md"
[2026-06-25 19:13:52]  delete mode 100644 "Life/Temp/2027/\320\230\321\216\320\275\321\214/28-06-27.md"
[2026-06-25 19:13:52]  delete mode 100644 "Life/Temp/2027/\320\230\321\216\320\275\321\214/29-06-27.md"
[2026-06-25 19:13:52]  delete mode 100644 "Life/Temp/2027/\320\230\321\216\320\275\321\214/30-06-27.md"
[2026-06-25 19:13:52]  delete mode 100644 "Life/Temp/2027/\320\234\320\260\320\271/01-05-27.md"
[2026-06-25 19:13:52]  delete mode 100644 "Life/Temp/2027/\320\234\320\260\320\271/02-05-27.md"
[2026-06-25 19:13:52]  delete mode 100644 "Life/Temp/2027/\320\234\320\260\320\271/03-05-27.md"
[2026-06-25 19:13:52]  delete mode 100644 "Life/Temp/2027/\320\234\320\260\320\271/04-05-27.md"
[2026-06-25 19:13:52]  delete mode 100644 "Life/Temp/2027/\320\234\320\260\320\271/05-05-27.md"
[2026-06-25 19:13:52]  delete mode 100644 "Life/Temp/2027/\320\234\320\260\320\271/06-05-27.md"
[2026-06-25 19:13:52]  delete mode 100644 "Life/Temp/2027/\320\234\320\260\320\271/07-05-27.md"
[2026-06-25 19:13:52]  delete mode 100644 "Life/Temp/2027/\320\234\320\260\320\271/08-05-27.md"
[2026-06-25 19:13:52]  delete mode 100644 "Life/Temp/2027/\320\234\320\260\320\271/09-05-27.md"
[2026-06-25 19:13:52]  delete mode 100644 "Life/Temp/2027/\320\234\320\260\320\271/10-05-27.md"
[2026-06-25 19:13:52]  delete mode 100644 "Life/Temp/2027/\320\234\320\260\320\271/11-05-27.md"
[2026-06-25 19:13:52]  delete mode 100644 "Life/Temp/2027/\320\234\320\260\320\271/12-05-27.md"
[2026-06-25 19:13:52]  delete mode 100644 "Life/Temp/2027/\320\234\320\260\320\271/13-05-27.md"
[2026-06-25 19:13:52]  delete mode 100644 "Life/Temp/2027/\320\234\320\260\320\271/14-05-27.md"
[2026-06-25 19:13:52]  delete mode 100644 "Life/Temp/2027/\320\234\320\260\320\271/15-05-27.md"
[2026-06-25 19:13:52]  delete mode 100644 "Life/Temp/2027/\320\234\320\260\320\271/16-05-27.md"
[2026-06-25 19:13:52]  delete mode 100644 "Life/Temp/2027/\320\234\320\260\320\271/17-05-27.md"
[2026-06-25 19:13:52]  delete mode 100644 "Life/Temp/2027/\320\234\320\260\320\271/18-05-27.md"
[2026-06-25 19:13:52]  delete mode 100644 "Life/Temp/2027/\320\234\320\260\320\271/19-05-27.md"
[2026-06-25 19:13:52]  delete mode 100644 "Life/Temp/2027/\320\234\320\260\320\271/20-05-27.md"
[2026-06-25 19:13:52]  delete mode 100644 "Life/Temp/2027/\320\234\320\260\320\271/21-05-27.md"
[2026-06-25 19:13:52]  delete mode 100644 "Life/Temp/2027/\320\234\320\260\320\271/22-05-27.md"
[2026-06-25 19:13:52]  delete mode 100644 "Life/Temp/2027/\320\234\320\260\320\271/23-05-27.md"
[2026-06-25 19:13:52]  delete mode 100644 "Life/Temp/2027/\320\234\320\260\320\271/24-05-27.md"
[2026-06-25 19:13:52]  delete mode 100644 "Life/Temp/2027/\320\234\320\260\320\271/25-05-27.md"
[2026-06-25 19:13:52]  delete mode 100644 "Life/Temp/2027/\320\234\320\260\320\271/26-05-27.md"
[2026-06-25 19:13:52]  delete mode 100644 "Life/Temp/2027/\320\234\320\260\320\271/27-05-27.md"
[2026-06-25 19:13:52]  delete mode 100644 "Life/Temp/2027/\320\234\320\260\320\271/28-05-27.md"
[2026-06-25 19:13:52]  delete mode 100644 "Life/Temp/2027/\320\234\320\260\320\271/29-05-27.md"
[2026-06-25 19:13:52]  delete mode 100644 "Life/Temp/2027/\320\234\320\260\320\271/30-05-27.md"
[2026-06-25 19:13:52]  delete mode 100644 "Life/Temp/2027/\320\234\320\260\320\271/31-05-27.md"
[2026-06-25 19:13:52]  delete mode 100644 "Life/Temp/2027/\320\234\320\260\321\200\321\202/01-03-27.md"
[2026-06-25 19:13:52]  delete mode 100644 "Life/Temp/2027/\320\234\320\260\321\200\321\202/02-03-27.md"
[2026-06-25 19:13:52]  delete mode 100644 "Life/Temp/2027/\320\234\320\260\321\200\321\202/03-03-27.md"
[2026-06-25 19:13:52]  delete mode 100644 "Life/Temp/2027/\320\234\320\260\321\200\321\202/04-03-27.md"
[2026-06-25 19:13:52]  delete mode 100644 "Life/Temp/2027/\320\234\320\260\321\200\321\202/05-03-27.md"
[2026-06-25 19:13:52]  delete mode 100644 "Life/Temp/2027/\320\234\320\260\321\200\321\202/06-03-27.md"
[2026-06-25 19:13:52]  delete mode 100644 "Life/Temp/2027/\320\234\320\260\321\200\321\202/07-03-27.md"
[2026-06-25 19:13:52]  delete mode 100644 "Life/Temp/2027/\320\234\320\260\321\200\321\202/08-03-27.md"
[2026-06-25 19:13:52]  delete mode 100644 "Life/Temp/2027/\320\234\320\260\321\200\321\202/09-03-27.md"
[2026-06-25 19:13:52]  delete mode 100644 "Life/Temp/2027/\320\234\320\260\321\200\321\202/10-03-27.md"
[2026-06-25 19:13:52]  delete mode 100644 "Life/Temp/2027/\320\234\320\260\321\200\321\202/11-03-27.md"
[2026-06-25 19:13:52]  delete mode 100644 "Life/Temp/2027/\320\234\320\260\321\200\321\202/12-03-27.md"
[2026-06-25 19:13:52]  delete mode 100644 "Life/Temp/2027/\320\234\320\260\321\200\321\202/13-03-27.md"
[2026-06-25 19:13:52]  delete mode 100644 "Life/Temp/2027/\320\234\320\260\321\200\321\202/14-03-27.md"
[2026-06-25 19:13:52]  delete mode 100644 "Life/Temp/2027/\320\234\320\260\321\200\321\202/15-03-27.md"
[2026-06-25 19:13:52]  delete mode 100644 "Life/Temp/2027/\320\234\320\260\321\200\321\202/16-03-27.md"
[2026-06-25 19:13:52]  delete mode 100644 "Life/Temp/2027/\320\234\320\260\321\200\321\202/17-03-27.md"
[2026-06-25 19:13:52]  delete mode 100644 "Life/Temp/2027/\320\234\320\260\321\200\321\202/18-03-27.md"
[2026-06-25 19:13:52]  delete mode 100644 "Life/Temp/2027/\320\234\320\260\321\200\321\202/19-03-27.md"
[2026-06-25 19:13:52]  delete mode 100644 "Life/Temp/2027/\320\234\320\260\321\200\321\202/20-03-27.md"
[2026-06-25 19:13:52]  delete mode 100644 "Life/Temp/2027/\320\234\320\260\321\200\321\202/21-03-27.md"
[2026-06-25 19:13:52]  delete mode 100644 "Life/Temp/2027/\320\234\320\260\321\200\321\202/22-03-27.md"
[2026-06-25 19:13:52]  delete mode 100644 "Life/Temp/2027/\320\234\320\260\321\200\321\202/23-03-27.md"
[2026-06-25 19:13:52]  delete mode 100644 "Life/Temp/2027/\320\234\320\260\321\200\321\202/24-03-27.md"
[2026-06-25 19:13:52]  delete mode 100644 "Life/Temp/2027/\320\234\320\260\321\200\321\202/25-03-27.md"
[2026-06-25 19:13:52]  delete mode 100644 "Life/Temp/2027/\320\234\320\260\321\200\321\202/26-03-27.md"
[2026-06-25 19:13:52]  delete mode 100644 "Life/Temp/2027/\320\234\320\260\321\200\321\202/27-03-27.md"
[2026-06-25 19:13:52]  delete mode 100644 "Life/Temp/2027/\320\234\320\260\321\200\321\202/28-03-27.md"
[2026-06-25 19:13:52]  delete mode 100644 "Life/Temp/2027/\320\234\320\260\321\200\321\202/29-03-27.md"
[2026-06-25 19:13:52]  delete mode 100644 "Life/Temp/2027/\320\234\320\260\321\200\321\202/30-03-27.md"
[2026-06-25 19:13:52]  delete mode 100644 "Life/Temp/2027/\320\234\320\260\321\200\321\202/31-03-27.md"
[2026-06-25 19:13:52]  delete mode 100644 "Life/Temp/2027/\320\235\320\276\321\217\320\261\321\200\321\214/01-11-27.md"
[2026-06-25 19:13:52]  delete mode 100644 "Life/Temp/2027/\320\235\320\276\321\217\320\261\321\200\321\214/02-11-27.md"
[2026-06-25 19:13:52]  delete mode 100644 "Life/Temp/2027/\320\235\320\276\321\217\320\261\321\200\321\214/03-11-27.md"
[2026-06-25 19:13:52]  delete mode 100644 "Life/Temp/2027/\320\235\320\276\321\217\320\261\321\200\321\214/04-11-27.md"
[2026-06-25 19:13:52]  delete mode 100644 "Life/Temp/2027/\320\235\320\276\321\217\320\261\321\200\321\214/05-11-27.md"
[2026-06-25 19:13:52]  delete mode 100644 "Life/Temp/2027/\320\235\320\276\321\217\320\261\321\200\321\214/06-11-27.md"
[2026-06-25 19:13:52]  delete mode 100644 "Life/Temp/2027/\320\235\320\276\321\217\320\261\321\200\321\214/07-11-27.md"
[2026-06-25 19:13:52]  delete mode 100644 "Life/Temp/2027/\320\235\320\276\321\217\320\261\321\200\321\214/08-11-27.md"
[2026-06-25 19:13:52]  delete mode 100644 "Life/Temp/2027/\320\235\320\276\321\217\320\261\321\200\321\214/09-11-27.md"
[2026-06-25 19:13:52]  delete mode 100644 "Life/Temp/2027/\320\235\320\276\321\217\320\261\321\200\321\214/10-11-27.md"
[2026-06-25 19:13:52]  delete mode 100644 "Life/Temp/2027/\320\235\320\276\321\217\320\261\321\200\321\214/11-11-27.md"
[2026-06-25 19:13:52]  delete mode 100644 "Life/Temp/2027/\320\235\320\276\321\217\320\261\321\200\321\214/12-11-27.md"
[2026-06-25 19:13:52]  delete mode 100644 "Life/Temp/2027/\320\235\320\276\321\217\320\261\321\200\321\214/13-11-27.md"
[2026-06-25 19:13:52]  delete mode 100644 "Life/Temp/2027/\320\235\320\276\321\217\320\261\321\200\321\214/14-11-27.md"
[2026-06-25 19:13:52]  delete mode 100644 "Life/Temp/2027/\320\235\320\276\321\217\320\261\321\200\321\214/15-11-27.md"
[2026-06-25 19:13:52]  delete mode 100644 "Life/Temp/2027/\320\235\320\276\321\217\320\261\321\200\321\214/16-11-27.md"
[2026-06-25 19:13:52]  delete mode 100644 "Life/Temp/2027/\320\235\320\276\321\217\320\261\321\200\321\214/17-11-27.md"
[2026-06-25 19:13:52]  delete mode 100644 "Life/Temp/2027/\320\235\320\276\321\217\320\261\321\200\321\214/18-11-27.md"
[2026-06-25 19:13:52]  delete mode 100644 "Life/Temp/2027/\320\235\320\276\321\217\320\261\321\200\321\214/19-11-27.md"
[2026-06-25 19:13:52]  delete mode 100644 "Life/Temp/2027/\320\235\320\276\321\217\320\261\321\200\321\214/20-11-27.md"
[2026-06-25 19:13:52]  delete mode 100644 "Life/Temp/2027/\320\235\320\276\321\217\320\261\321\200\321\214/21-11-27.md"
[2026-06-25 19:13:52]  delete mode 100644 "Life/Temp/2027/\320\235\320\276\321\217\320\261\321\200\321\214/22-11-27.md"
[2026-06-25 19:13:52]  delete mode 100644 "Life/Temp/2027/\320\235\320\276\321\217\320\261\321\200\321\214/23-11-27.md"
[2026-06-25 19:13:52]  delete mode 100644 "Life/Temp/2027/\320\235\320\276\321\217\320\261\321\200\321\214/24-11-27.md"
[2026-06-25 19:13:52]  delete mode 100644 "Life/Temp/2027/\320\235\320\276\321\217\320\261\321\200\321\214/25-11-27.md"
[2026-06-25 19:13:52]  delete mode 100644 "Life/Temp/2027/\320\235\320\276\321\217\320\261\321\200\321\214/26-11-27.md"
[2026-06-25 19:13:52]  delete mode 100644 "Life/Temp/2027/\320\235\320\276\321\217\320\261\321\200\321\214/27-11-27.md"
[2026-06-25 19:13:52]  delete mode 100644 "Life/Temp/2027/\320\235\320\276\321\217\320\261\321\200\321\214/28-11-27.md"
[2026-06-25 19:13:52]  delete mode 100644 "Life/Temp/2027/\320\235\320\276\321\217\320\261\321\200\321\214/29-11-27.md"
[2026-06-25 19:13:52]  delete mode 100644 "Life/Temp/2027/\320\235\320\276\321\217\320\261\321\200\321\214/30-11-27.md"
[2026-06-25 19:13:52]  delete mode 100644 "Life/Temp/2027/\320\236\320\272\321\202\321\217\320\261\321\200\321\214/01-10-27.md"
[2026-06-25 19:13:52]  delete mode 100644 "Life/Temp/2027/\320\236\320\272\321\202\321\217\320\261\321\200\321\214/02-10-27.md"
[2026-06-25 19:13:52]  delete mode 100644 "Life/Temp/2027/\320\236\320\272\321\202\321\217\320\261\321\200\321\214/03-10-27.md"
[2026-06-25 19:13:52]  delete mode 100644 "Life/Temp/2027/\320\236\320\272\321\202\321\217\320\261\321\200\321\214/04-10-27.md"
[2026-06-25 19:13:52]  delete mode 100644 "Life/Temp/2027/\320\236\320\272\321\202\321\217\320\261\321\200\321\214/05-10-27.md"
[2026-06-25 19:13:52]  delete mode 100644 "Life/Temp/2027/\320\236\320\272\321\202\321\217\320\261\321\200\321\214/06-10-27.md"
[2026-06-25 19:13:52]  delete mode 100644 "Life/Temp/2027/\320\236\320\272\321\202\321\217\320\261\321\200\321\214/07-10-27.md"
[2026-06-25 19:13:52]  delete mode 100644 "Life/Temp/2027/\320\236\320\272\321\202\321\217\320\261\321\200\321\214/08-10-27.md"
[2026-06-25 19:13:52]  delete mode 100644 "Life/Temp/2027/\320\236\320\272\321\202\321\217\320\261\321\200\321\214/09-10-27.md"
[2026-06-25 19:13:52]  delete mode 100644 "Life/Temp/2027/\320\236\320\272\321\202\321\217\320\261\321\200\321\214/10-10-27.md"
[2026-06-25 19:13:52]  delete mode 100644 "Life/Temp/2027/\320\236\320\272\321\202\321\217\320\261\321\200\321\214/11-10-27.md"
[2026-06-25 19:13:52]  delete mode 100644 "Life/Temp/2027/\320\236\320\272\321\202\321\217\320\261\321\200\321\214/12-10-27.md"
[2026-06-25 19:13:52]  delete mode 100644 "Life/Temp/2027/\320\236\320\272\321\202\321\217\320\261\321\200\321\214/13-10-27.md"
[2026-06-25 19:13:52]  delete mode 100644 "Life/Temp/2027/\320\236\320\272\321\202\321\217\320\261\321\200\321\214/14-10-27.md"
[2026-06-25 19:13:52]  delete mode 100644 "Life/Temp/2027/\320\236\320\272\321\202\321\217\320\261\321\200\321\214/15-10-27.md"
[2026-06-25 19:13:52]  delete mode 100644 "Life/Temp/2027/\320\236\320\272\321\202\321\217\320\261\321\200\321\214/16-10-27.md"
[2026-06-25 19:13:52]  delete mode 100644 "Life/Temp/2027/\320\236\320\272\321\202\321\217\320\261\321\200\321\214/17-10-27.md"
[2026-06-25 19:13:52]  delete mode 100644 "Life/Temp/2027/\320\236\320\272\321\202\321\217\320\261\321\200\321\214/18-10-27.md"
[2026-06-25 19:13:52]  delete mode 100644 "Life/Temp/2027/\320\236\320\272\321\202\321\217\320\261\321\200\321\214/19-10-27.md"
[2026-06-25 19:13:52]  delete mode 100644 "Life/Temp/2027/\320\236\320\272\321\202\321\217\320\261\321\200\321\214/20-10-27.md"
[2026-06-25 19:13:52]  delete mode 100644 "Life/Temp/2027/\320\236\320\272\321\202\321\217\320\261\321\200\321\214/21-10-27.md"
[2026-06-25 19:13:52]  delete mode 100644 "Life/Temp/2027/\320\236\320\272\321\202\321\217\320\261\321\200\321\214/22-10-27.md"
[2026-06-25 19:13:52]  delete mode 100644 "Life/Temp/2027/\320\236\320\272\321\202\321\217\320\261\321\200\321\214/23-10-27.md"
[2026-06-25 19:13:52]  delete mode 100644 "Life/Temp/2027/\320\236\320\272\321\202\321\217\320\261\321\200\321\214/24-10-27.md"
[2026-06-25 19:13:52]  delete mode 100644 "Life/Temp/2027/\320\236\320\272\321\202\321\217\320\261\321\200\321\214/25-10-27.md"
[2026-06-25 19:13:52]  delete mode 100644 "Life/Temp/2027/\320\236\320\272\321\202\321\217\320\261\321\200\321\214/26-10-27.md"
[2026-06-25 19:13:52]  delete mode 100644 "Life/Temp/2027/\320\236\320\272\321\202\321\217\320\261\321\200\321\214/27-10-27.md"
[2026-06-25 19:13:52]  delete mode 100644 "Life/Temp/2027/\320\236\320\272\321\202\321\217\320\261\321\200\321\214/28-10-27.md"
[2026-06-25 19:13:52]  delete mode 100644 "Life/Temp/2027/\320\236\320\272\321\202\321\217\320\261\321\200\321\214/29-10-27.md"
[2026-06-25 19:13:52]  delete mode 100644 "Life/Temp/2027/\320\236\320\272\321\202\321\217\320\261\321\200\321\214/30-10-27.md"
[2026-06-25 19:13:52]  delete mode 100644 "Life/Temp/2027/\320\236\320\272\321\202\321\217\320\261\321\200\321\214/31-10-27.md"
[2026-06-25 19:13:52]  delete mode 100644 "Life/Temp/2027/\320\241\320\265\320\275\321\202\321\217\320\261\321\200\321\214/01-09-27.md"
[2026-06-25 19:13:52]  delete mode 100644 "Life/Temp/2027/\320\241\320\265\320\275\321\202\321\217\320\261\321\200\321\214/02-09-27.md"
[2026-06-25 19:13:52]  delete mode 100644 "Life/Temp/2027/\320\241\320\265\320\275\321\202\321\217\320\261\321\200\321\214/03-09-27.md"
[2026-06-25 19:13:52]  delete mode 100644 "Life/Temp/2027/\320\241\320\265\320\275\321\202\321\217\320\261\321\200\321\214/04-09-27.md"
[2026-06-25 19:13:52]  delete mode 100644 "Life/Temp/2027/\320\241\320\265\320\275\321\202\321\217\320\261\321\200\321\214/05-09-27.md"
[2026-06-25 19:13:52]  delete mode 100644 "Life/Temp/2027/\320\241\320\265\320\275\321\202\321\217\320\261\321\200\321\214/06-09-27.md"
[2026-06-25 19:13:52]  delete mode 100644 "Life/Temp/2027/\320\241\320\265\320\275\321\202\321\217\320\261\321\200\321\214/07-09-27.md"
[2026-06-25 19:13:52]  delete mode 100644 "Life/Temp/2027/\320\241\320\265\320\275\321\202\321\217\320\261\321\200\321\214/08-09-27.md"
[2026-06-25 19:13:52]  delete mode 100644 "Life/Temp/2027/\320\241\320\265\320\275\321\202\321\217\320\261\321\200\321\214/09-09-27.md"
[2026-06-25 19:13:52]  delete mode 100644 "Life/Temp/2027/\320\241\320\265\320\275\321\202\321\217\320\261\321\200\321\214/10-09-27.md"
[2026-06-25 19:13:52]  delete mode 100644 "Life/Temp/2027/\320\241\320\265\320\275\321\202\321\217\320\261\321\200\321\214/11-09-27.md"
[2026-06-25 19:13:52]  delete mode 100644 "Life/Temp/2027/\320\241\320\265\320\275\321\202\321\217\320\261\321\200\321\214/12-09-27.md"
[2026-06-25 19:13:52]  delete mode 100644 "Life/Temp/2027/\320\241\320\265\320\275\321\202\321\217\320\261\321\200\321\214/13-09-27.md"
[2026-06-25 19:13:52]  delete mode 100644 "Life/Temp/2027/\320\241\320\265\320\275\321\202\321\217\320\261\321\200\321\214/14-09-27.md"
[2026-06-25 19:13:52]  delete mode 100644 "Life/Temp/2027/\320\241\320\265\320\275\321\202\321\217\320\261\321\200\321\214/15-09-27.md"
[2026-06-25 19:13:52]  delete mode 100644 "Life/Temp/2027/\320\241\320\265\320\275\321\202\321\217\320\261\321\200\321\214/16-09-27.md"
[2026-06-25 19:13:52]  delete mode 100644 "Life/Temp/2027/\320\241\320\265\320\275\321\202\321\217\320\261\321\200\321\214/17-09-27.md"
[2026-06-25 19:13:52]  delete mode 100644 "Life/Temp/2027/\320\241\320\265\320\275\321\202\321\217\320\261\321\200\321\214/18-09-27.md"
[2026-06-25 19:13:52]  delete mode 100644 "Life/Temp/2027/\320\241\320\265\320\275\321\202\321\217\320\261\321\200\321\214/19-09-27.md"
[2026-06-25 19:13:52]  delete mode 100644 "Life/Temp/2027/\320\241\320\265\320\275\321\202\321\217\320\261\321\200\321\214/20-09-27.md"
[2026-06-25 19:13:52]  delete mode 100644 "Life/Temp/2027/\320\241\320\265\320\275\321\202\321\217\320\261\321\200\321\214/21-09-27.md"
[2026-06-25 19:13:52]  delete mode 100644 "Life/Temp/2027/\320\241\320\265\320\275\321\202\321\217\320\261\321\200\321\214/22-09-27.md"
[2026-06-25 19:13:52]  delete mode 100644 "Life/Temp/2027/\320\241\320\265\320\275\321\202\321\217\320\261\321\200\321\214/23-09-27.md"
[2026-06-25 19:13:52]  delete mode 100644 "Life/Temp/2027/\320\241\320\265\320\275\321\202\321\217\320\261\321\200\321\214/24-09-27.md"
[2026-06-25 19:13:52]  delete mode 100644 "Life/Temp/2027/\320\241\320\265\320\275\321\202\321\217\320\261\321\200\321\214/25-09-27.md"
[2026-06-25 19:13:52]  delete mode 100644 "Life/Temp/2027/\320\241\320\265\320\275\321\202\321\217\320\261\321\200\321\214/26-09-27.md"
[2026-06-25 19:13:52]  delete mode 100644 "Life/Temp/2027/\320\241\320\265\320\275\321\202\321\217\320\261\321\200\321\214/27-09-27.md"
[2026-06-25 19:13:52]  delete mode 100644 "Life/Temp/2027/\320\241\320\265\320\275\321\202\321\217\320\261\321\200\321\214/28-09-27.md"
[2026-06-25 19:13:52]  delete mode 100644 "Life/Temp/2027/\320\241\320\265\320\275\321\202\321\217\320\261\321\200\321\214/29-09-27.md"
[2026-06-25 19:13:52]  delete mode 100644 "Life/Temp/2027/\320\241\320\265\320\275\321\202\321\217\320\261\321\200\321\214/30-09-27.md"
[2026-06-25 19:13:52]  delete mode 100644 "Life/Temp/2027/\320\244\320\265\320\262\321\200\320\260\320\273\321\214/01-02-27.md"
[2026-06-25 19:13:52]  delete mode 100644 "Life/Temp/2027/\320\244\320\265\320\262\321\200\320\260\320\273\321\214/02-02-27.md"
[2026-06-25 19:13:52]  delete mode 100644 "Life/Temp/2027/\320\244\320\265\320\262\321\200\320\260\320\273\321\214/03-02-27.md"
[2026-06-25 19:13:52]  delete mode 100644 "Life/Temp/2027/\320\244\320\265\320\262\321\200\320\260\320\273\321\214/04-02-27.md"
[2026-06-25 19:13:52]  delete mode 100644 "Life/Temp/2027/\320\244\320\265\320\262\321\200\320\260\320\273\321\214/05-02-27.md"
[2026-06-25 19:13:52]  delete mode 100644 "Life/Temp/2027/\320\244\320\265\320\262\321\200\320\260\320\273\321\214/06-02-27.md"
[2026-06-25 19:13:52]  delete mode 100644 "Life/Temp/2027/\320\244\320\265\320\262\321\200\320\260\320\273\321\214/07-02-27.md"
[2026-06-25 19:13:52]  delete mode 100644 "Life/Temp/2027/\320\244\320\265\320\262\321\200\320\260\320\273\321\214/08-02-27.md"
[2026-06-25 19:13:52]  delete mode 100644 "Life/Temp/2027/\320\244\320\265\320\262\321\200\320\260\320\273\321\214/09-02-27.md"
[2026-06-25 19:13:52]  delete mode 100644 "Life/Temp/2027/\320\244\320\265\320\262\321\200\320\260\320\273\321\214/10-02-27.md"
[2026-06-25 19:13:52]  delete mode 100644 "Life/Temp/2027/\320\244\320\265\320\262\321\200\320\260\320\273\321\214/11-02-27.md"
[2026-06-25 19:13:52]  delete mode 100644 "Life/Temp/2027/\320\244\320\265\320\262\321\200\320\260\320\273\321\214/12-02-27.md"
[2026-06-25 19:13:52]  delete mode 100644 "Life/Temp/2027/\320\244\320\265\320\262\321\200\320\260\320\273\321\214/13-02-27.md"
[2026-06-25 19:13:52]  delete mode 100644 "Life/Temp/2027/\320\244\320\265\320\262\321\200\320\260\320\273\321\214/14-02-27.md"
[2026-06-25 19:13:52]  delete mode 100644 "Life/Temp/2027/\320\244\320\265\320\262\321\200\320\260\320\273\321\214/15-02-27.md"
[2026-06-25 19:13:52]  delete mode 100644 "Life/Temp/2027/\320\244\320\265\320\262\321\200\320\260\320\273\321\214/16-02-27.md"
[2026-06-25 19:13:52]  delete mode 100644 "Life/Temp/2027/\320\244\320\265\320\262\321\200\320\260\320\273\321\214/17-02-27.md"
[2026-06-25 19:13:52]  delete mode 100644 "Life/Temp/2027/\320\244\320\265\320\262\321\200\320\260\320\273\321\214/18-02-27.md"
[2026-06-25 19:13:52]  delete mode 100644 "Life/Temp/2027/\320\244\320\265\320\262\321\200\320\260\320\273\321\214/19-02-27.md"
[2026-06-25 19:13:52]  delete mode 100644 "Life/Temp/2027/\320\244\320\265\320\262\321\200\320\260\320\273\321\214/20-02-27.md"
[2026-06-25 19:13:52]  delete mode 100644 "Life/Temp/2027/\320\244\320\265\320\262\321\200\320\260\320\273\321\214/21-02-27.md"
[2026-06-25 19:13:52]  delete mode 100644 "Life/Temp/2027/\320\244\320\265\320\262\321\200\320\260\320\273\321\214/22-02-27.md"
[2026-06-25 19:13:52]  delete mode 100644 "Life/Temp/2027/\320\244\320\265\320\262\321\200\320\260\320\273\321\214/23-02-27.md"
[2026-06-25 19:13:52]  delete mode 100644 "Life/Temp/2027/\320\244\320\265\320\262\321\200\320\260\320\273\321\214/24-02-27.md"
[2026-06-25 19:13:52]  delete mode 100644 "Life/Temp/2027/\320\244\320\265\320\262\321\200\320\260\320\273\321\214/25-02-27.md"
[2026-06-25 19:13:52]  delete mode 100644 "Life/Temp/2027/\320\244\320\265\320\262\321\200\320\260\320\273\321\214/26-02-27.md"
[2026-06-25 19:13:52]  delete mode 100644 "Life/Temp/2027/\320\244\320\265\320\262\321\200\320\260\320\273\321\214/27-02-27.md"
[2026-06-25 19:13:52]  delete mode 100644 "Life/Temp/2027/\320\244\320\265\320\262\321\200\320\260\320\273\321\214/28-02-27.md"
[2026-06-25 19:13:52]  delete mode 100644 "Life/Temp/2027/\320\257\320\275\320\262\320\260\321\200\321\214/01-01-27.md"
[2026-06-25 19:13:52]  delete mode 100644 "Life/Temp/2027/\320\257\320\275\320\262\320\260\321\200\321\214/02-01-27.md"
[2026-06-25 19:13:52]  delete mode 100644 "Life/Temp/2027/\320\257\320\275\320\262\320\260\321\200\321\214/03-01-27.md"
[2026-06-25 19:13:52]  delete mode 100644 "Life/Temp/2027/\320\257\320\275\320\262\320\260\321\200\321\214/04-01-27.md"
[2026-06-25 19:13:52]  delete mode 100644 "Life/Temp/2027/\320\257\320\275\320\262\320\260\321\200\321\214/05-01-27.md"
[2026-06-25 19:13:52]  delete mode 100644 "Life/Temp/2027/\320\257\320\275\320\262\320\260\321\200\321\214/06-01-27.md"
[2026-06-25 19:13:52]  delete mode 100644 "Life/Temp/2027/\320\257\320\275\320\262\320\260\321\200\321\214/07-01-27.md"
[2026-06-25 19:13:52]  delete mode 100644 "Life/Temp/2027/\320\257\320\275\320\262\320\260\321\200\321\214/08-01-27.md"
[2026-06-25 19:13:52]  delete mode 100644 "Life/Temp/2027/\320\257\320\275\320\262\320\260\321\200\321\214/09-01-27.md"
[2026-06-25 19:13:52]  delete mode 100644 "Life/Temp/2027/\320\257\320\275\320\262\320\260\321\200\321\214/10-01-27.md"
[2026-06-25 19:13:52]  delete mode 100644 "Life/Temp/2027/\320\257\320\275\320\262\320\260\321\200\321\214/11-01-27.md"
[2026-06-25 19:13:52]  delete mode 100644 "Life/Temp/2027/\320\257\320\275\320\262\320\260\321\200\321\214/12-01-27.md"
[2026-06-25 19:13:52]  delete mode 100644 "Life/Temp/2027/\320\257\320\275\320\262\320\260\321\200\321\214/13-01-27.md"
[2026-06-25 19:13:52]  delete mode 100644 "Life/Temp/2027/\320\257\320\275\320\262\320\260\321\200\321\214/14-01-27.md"
[2026-06-25 19:13:52]  delete mode 100644 "Life/Temp/2027/\320\257\320\275\320\262\320\260\321\200\321\214/15-01-27.md"
[2026-06-25 19:13:52]  delete mode 100644 "Life/Temp/2027/\320\257\320\275\320\262\320\260\321\200\321\214/16-01-27.md"
[2026-06-25 19:13:52]  delete mode 100644 "Life/Temp/2027/\320\257\320\275\320\262\320\260\321\200\321\214/17-01-27.md"
[2026-06-25 19:13:52]  delete mode 100644 "Life/Temp/2027/\320\257\320\275\320\262\320\260\321\200\321\214/18-01-27.md"
[2026-06-25 19:13:52]  delete mode 100644 "Life/Temp/2027/\320\257\320\275\320\262\320\260\321\200\321\214/19-01-27.md"
[2026-06-25 19:13:52]  delete mode 100644 "Life/Temp/2027/\320\257\320\275\320\262\320\260\321\200\321\214/20-01-27.md"
[2026-06-25 19:13:52]  delete mode 100644 "Life/Temp/2027/\320\257\320\275\320\262\320\260\321\200\321\214/21-01-27.md"
[2026-06-25 19:13:52]  delete mode 100644 "Life/Temp/2027/\320\257\320\275\320\262\320\260\321\200\321\214/22-01-27.md"
[2026-06-25 19:13:52]  delete mode 100644 "Life/Temp/2027/\320\257\320\275\320\262\320\260\321\200\321\214/23-01-27.md"
[2026-06-25 19:13:52]  delete mode 100644 "Life/Temp/2027/\320\257\320\275\320\262\320\260\321\200\321\214/24-01-27.md"
[2026-06-25 19:13:52]  delete mode 100644 "Life/Temp/2027/\320\257\320\275\320\262\320\260\321\200\321\214/25-01-27.md"
[2026-06-25 19:13:52]  delete mode 100644 "Life/Temp/2027/\320\257\320\275\320\262\320\260\321\200\321\214/26-01-27.md"
[2026-06-25 19:13:52]  delete mode 100644 "Life/Temp/2027/\320\257\320\275\320\262\320\260\321\200\321\214/27-01-27.md"
[2026-06-25 19:13:52]  delete mode 100644 "Life/Temp/2027/\320\257\320\275\320\262\320\260\321\200\321\214/28-01-27.md"
[2026-06-25 19:13:52]  delete mode 100644 "Life/Temp/2027/\320\257\320\275\320\262\320\260\321\200\321\214/29-01-27.md"
[2026-06-25 19:13:52]  delete mode 100644 "Life/Temp/2027/\320\257\320\275\320\262\320\260\321\200\321\214/30-01-27.md"
[2026-06-25 19:13:52]  delete mode 100644 "Life/Temp/2027/\320\257\320\275\320\262\320\260\321\200\321\214/31-01-27.md"
[2026-06-25 19:13:52]  delete mode 100644 "Life/Temp/2028/\320\220\320\262\320\263\321\203\321\201\321\202/01-08-28.md"
[2026-06-25 19:13:52]  delete mode 100644 "Life/Temp/2028/\320\220\320\262\320\263\321\203\321\201\321\202/02-08-28.md"
[2026-06-25 19:13:52]  delete mode 100644 "Life/Temp/2028/\320\220\320\262\320\263\321\203\321\201\321\202/03-08-28.md"
[2026-06-25 19:13:52]  delete mode 100644 "Life/Temp/2028/\320\220\320\262\320\263\321\203\321\201\321\202/04-08-28.md"
[2026-06-25 19:13:52]  delete mode 100644 "Life/Temp/2028/\320\220\320\262\320\263\321\203\321\201\321\202/05-08-28.md"
[2026-06-25 19:13:52]  delete mode 100644 "Life/Temp/2028/\320\220\320\262\320\263\321\203\321\201\321\202/06-08-28.md"
[2026-06-25 19:13:52]  delete mode 100644 "Life/Temp/2028/\320\220\320\262\320\263\321\203\321\201\321\202/07-08-28.md"
[2026-06-25 19:13:52]  delete mode 100644 "Life/Temp/2028/\320\220\320\262\320\263\321\203\321\201\321\202/08-08-28.md"
[2026-06-25 19:13:52]  delete mode 100644 "Life/Temp/2028/\320\220\320\262\320\263\321\203\321\201\321\202/09-08-28.md"
[2026-06-25 19:13:52]  delete mode 100644 "Life/Temp/2028/\320\220\320\262\320\263\321\203\321\201\321\202/10-08-28.md"
[2026-06-25 19:13:52]  delete mode 100644 "Life/Temp/2028/\320\220\320\262\320\263\321\203\321\201\321\202/11-08-28.md"
[2026-06-25 19:13:52]  delete mode 100644 "Life/Temp/2028/\320\220\320\262\320\263\321\203\321\201\321\202/12-08-28.md"
[2026-06-25 19:13:52]  delete mode 100644 "Life/Temp/2028/\320\220\320\262\320\263\321\203\321\201\321\202/13-08-28.md"
[2026-06-25 19:13:52]  delete mode 100644 "Life/Temp/2028/\320\220\320\262\320\263\321\203\321\201\321\202/14-08-28.md"
[2026-06-25 19:13:52]  delete mode 100644 "Life/Temp/2028/\320\220\320\262\320\263\321\203\321\201\321\202/15-08-28.md"
[2026-06-25 19:13:52]  delete mode 100644 "Life/Temp/2028/\320\220\320\262\320\263\321\203\321\201\321\202/16-08-28.md"
[2026-06-25 19:13:52]  delete mode 100644 "Life/Temp/2028/\320\220\320\262\320\263\321\203\321\201\321\202/17-08-28.md"
[2026-06-25 19:13:52]  delete mode 100644 "Life/Temp/2028/\320\220\320\262\320\263\321\203\321\201\321\202/18-08-28.md"
[2026-06-25 19:13:52]  delete mode 100644 "Life/Temp/2028/\320\220\320\262\320\263\321\203\321\201\321\202/19-08-28.md"
[2026-06-25 19:13:52]  delete mode 100644 "Life/Temp/2028/\320\220\320\262\320\263\321\203\321\201\321\202/20-08-28.md"
[2026-06-25 19:13:52]  delete mode 100644 "Life/Temp/2028/\320\220\320\262\320\263\321\203\321\201\321\202/21-08-28.md"
[2026-06-25 19:13:52]  delete mode 100644 "Life/Temp/2028/\320\220\320\262\320\263\321\203\321\201\321\202/22-08-28.md"
[2026-06-25 19:13:52]  delete mode 100644 "Life/Temp/2028/\320\220\320\262\320\263\321\203\321\201\321\202/23-08-28.md"
[2026-06-25 19:13:52]  delete mode 100644 "Life/Temp/2028/\320\220\320\262\320\263\321\203\321\201\321\202/24-08-28.md"
[2026-06-25 19:13:52]  delete mode 100644 "Life/Temp/2028/\320\220\320\262\320\263\321\203\321\201\321\202/25-08-28.md"
[2026-06-25 19:13:52]  delete mode 100644 "Life/Temp/2028/\320\220\320\262\320\263\321\203\321\201\321\202/26-08-28.md"
[2026-06-25 19:13:52]  delete mode 100644 "Life/Temp/2028/\320\220\320\262\320\263\321\203\321\201\321\202/27-08-28.md"
[2026-06-25 19:13:52]  delete mode 100644 "Life/Temp/2028/\320\220\320\262\320\263\321\203\321\201\321\202/28-08-28.md"
[2026-06-25 19:13:52]  delete mode 100644 "Life/Temp/2028/\320\220\320\262\320\263\321\203\321\201\321\202/29-08-28.md"
[2026-06-25 19:13:52]  delete mode 100644 "Life/Temp/2028/\320\220\320\262\320\263\321\203\321\201\321\202/30-08-28.md"
[2026-06-25 19:13:52]  delete mode 100644 "Life/Temp/2028/\320\220\320\262\320\263\321\203\321\201\321\202/31-08-28.md"
[2026-06-25 19:13:52]  delete mode 100644 "Life/Temp/2028/\320\220\320\277\321\200\320\265\320\273\321\214/01-04-28.md"
[2026-06-25 19:13:52]  delete mode 100644 "Life/Temp/2028/\320\220\320\277\321\200\320\265\320\273\321\214/02-04-28.md"
[2026-06-25 19:13:52]  delete mode 100644 "Life/Temp/2028/\320\220\320\277\321\200\320\265\320\273\321\214/03-04-28.md"
[2026-06-25 19:13:52]  delete mode 100644 "Life/Temp/2028/\320\220\320\277\321\200\320\265\320\273\321\214/04-04-28.md"
[2026-06-25 19:13:52]  delete mode 100644 "Life/Temp/2028/\320\220\320\277\321\200\320\265\320\273\321\214/05-04-28.md"
[2026-06-25 19:13:52]  delete mode 100644 "Life/Temp/2028/\320\220\320\277\321\200\320\265\320\273\321\214/06-04-28.md"
[2026-06-25 19:13:52]  delete mode 100644 "Life/Temp/2028/\320\220\320\277\321\200\320\265\320\273\321\214/07-04-28.md"
[2026-06-25 19:13:52]  delete mode 100644 "Life/Temp/2028/\320\220\320\277\321\200\320\265\320\273\321\214/08-04-28.md"
[2026-06-25 19:13:52]  delete mode 100644 "Life/Temp/2028/\320\220\320\277\321\200\320\265\320\273\321\214/09-04-28.md"
[2026-06-25 19:13:52]  delete mode 100644 "Life/Temp/2028/\320\220\320\277\321\200\320\265\320\273\321\214/10-04-28.md"
[2026-06-25 19:13:52]  delete mode 100644 "Life/Temp/2028/\320\220\320\277\321\200\320\265\320\273\321\214/11-04-28.md"
[2026-06-25 19:13:52]  delete mode 100644 "Life/Temp/2028/\320\220\320\277\321\200\320\265\320\273\321\214/12-04-28.md"
[2026-06-25 19:13:52]  delete mode 100644 "Life/Temp/2028/\320\220\320\277\321\200\320\265\320\273\321\214/13-04-28.md"
[2026-06-25 19:13:52]  delete mode 100644 "Life/Temp/2028/\320\220\320\277\321\200\320\265\320\273\321\214/14-04-28.md"
[2026-06-25 19:13:52]  delete mode 100644 "Life/Temp/2028/\320\220\320\277\321\200\320\265\320\273\321\214/15-04-28.md"
[2026-06-25 19:13:52]  delete mode 100644 "Life/Temp/2028/\320\220\320\277\321\200\320\265\320\273\321\214/16-04-28.md"
[2026-06-25 19:13:52]  delete mode 100644 "Life/Temp/2028/\320\220\320\277\321\200\320\265\320\273\321\214/17-04-28.md"
[2026-06-25 19:13:52]  delete mode 100644 "Life/Temp/2028/\320\220\320\277\321\200\320\265\320\273\321\214/18-04-28.md"
[2026-06-25 19:13:52]  delete mode 100644 "Life/Temp/2028/\320\220\320\277\321\200\320\265\320\273\321\214/19-04-28.md"
[2026-06-25 19:13:52]  delete mode 100644 "Life/Temp/2028/\320\220\320\277\321\200\320\265\320\273\321\214/20-04-28.md"
[2026-06-25 19:13:52]  delete mode 100644 "Life/Temp/2028/\320\220\320\277\321\200\320\265\320\273\321\214/21-04-28.md"
[2026-06-25 19:13:52]  delete mode 100644 "Life/Temp/2028/\320\220\320\277\321\200\320\265\320\273\321\214/22-04-28.md"
[2026-06-25 19:13:52]  delete mode 100644 "Life/Temp/2028/\320\220\320\277\321\200\320\265\320\273\321\214/23-04-28.md"
[2026-06-25 19:13:52]  delete mode 100644 "Life/Temp/2028/\320\220\320\277\321\200\320\265\320\273\321\214/24-04-28.md"
[2026-06-25 19:13:52]  delete mode 100644 "Life/Temp/2028/\320\220\320\277\321\200\320\265\320\273\321\214/25-04-28.md"
[2026-06-25 19:13:52]  delete mode 100644 "Life/Temp/2028/\320\220\320\277\321\200\320\265\320\273\321\214/26-04-28.md"
[2026-06-25 19:13:52]  delete mode 100644 "Life/Temp/2028/\320\220\320\277\321\200\320\265\320\273\321\214/27-04-28.md"
[2026-06-25 19:13:52]  delete mode 100644 "Life/Temp/2028/\320\220\320\277\321\200\320\265\320\273\321\214/28-04-28.md"
[2026-06-25 19:13:52]  delete mode 100644 "Life/Temp/2028/\320\220\320\277\321\200\320\265\320\273\321\214/29-04-28.md"
[2026-06-25 19:13:52]  delete mode 100644 "Life/Temp/2028/\320\220\320\277\321\200\320\265\320\273\321\214/30-04-28.md"
[2026-06-25 19:13:52]  delete mode 100644 "Life/Temp/2028/\320\224\320\265\320\272\320\260\320\261\321\200\321\214/01-12-28.md"
[2026-06-25 19:13:52]  delete mode 100644 "Life/Temp/2028/\320\224\320\265\320\272\320\260\320\261\321\200\321\214/02-12-28.md"
[2026-06-25 19:13:52]  delete mode 100644 "Life/Temp/2028/\320\224\320\265\320\272\320\260\320\261\321\200\321\214/03-12-28.md"
[2026-06-25 19:13:52]  delete mode 100644 "Life/Temp/2028/\320\224\320\265\320\272\320\260\320\261\321\200\321\214/04-12-28.md"
[2026-06-25 19:13:52]  delete mode 100644 "Life/Temp/2028/\320\224\320\265\320\272\320\260\320\261\321\200\321\214/05-12-28.md"
[2026-06-25 19:13:52]  delete mode 100644 "Life/Temp/2028/\320\224\320\265\320\272\320\260\320\261\321\200\321\214/06-12-28.md"
[2026-06-25 19:13:52]  delete mode 100644 "Life/Temp/2028/\320\224\320\265\320\272\320\260\320\261\321\200\321\214/07-12-28.md"
[2026-06-25 19:13:52]  delete mode 100644 "Life/Temp/2028/\320\224\320\265\320\272\320\260\320\261\321\200\321\214/08-12-28.md"
[2026-06-25 19:13:52]  delete mode 100644 "Life/Temp/2028/\320\224\320\265\320\272\320\260\320\261\321\200\321\214/09-12-28.md"
[2026-06-25 19:13:52]  delete mode 100644 "Life/Temp/2028/\320\224\320\265\320\272\320\260\320\261\321\200\321\214/10-12-28.md"
[2026-06-25 19:13:52]  delete mode 100644 "Life/Temp/2028/\320\224\320\265\320\272\320\260\320\261\321\200\321\214/11-12-28.md"
[2026-06-25 19:13:52]  delete mode 100644 "Life/Temp/2028/\320\224\320\265\320\272\320\260\320\261\321\200\321\214/12-12-28.md"
[2026-06-25 19:13:52]  delete mode 100644 "Life/Temp/2028/\320\224\320\265\320\272\320\260\320\261\321\200\321\214/13-12-28.md"
[2026-06-25 19:13:52]  delete mode 100644 "Life/Temp/2028/\320\224\320\265\320\272\320\260\320\261\321\200\321\214/14-12-28.md"
[2026-06-25 19:13:52]  delete mode 100644 "Life/Temp/2028/\320\224\320\265\320\272\320\260\320\261\321\200\321\214/15-12-28.md"
[2026-06-25 19:13:52]  delete mode 100644 "Life/Temp/2028/\320\224\320\265\320\272\320\260\320\261\321\200\321\214/16-12-28.md"
[2026-06-25 19:13:52]  delete mode 100644 "Life/Temp/2028/\320\224\320\265\320\272\320\260\320\261\321\200\321\214/17-12-28.md"
[2026-06-25 19:13:52]  delete mode 100644 "Life/Temp/2028/\320\224\320\265\320\272\320\260\320\261\321\200\321\214/18-12-28.md"
[2026-06-25 19:13:52]  delete mode 100644 "Life/Temp/2028/\320\224\320\265\320\272\320\260\320\261\321\200\321\214/19-12-28.md"
[2026-06-25 19:13:52]  delete mode 100644 "Life/Temp/2028/\320\224\320\265\320\272\320\260\320\261\321\200\321\214/20-12-28.md"
[2026-06-25 19:13:52]  delete mode 100644 "Life/Temp/2028/\320\224\320\265\320\272\320\260\320\261\321\200\321\214/21-12-28.md"
[2026-06-25 19:13:52]  delete mode 100644 "Life/Temp/2028/\320\224\320\265\320\272\320\260\320\261\321\200\321\214/22-12-28.md"
[2026-06-25 19:13:52]  delete mode 100644 "Life/Temp/2028/\320\224\320\265\320\272\320\260\320\261\321\200\321\214/23-12-28.md"
[2026-06-25 19:13:52]  delete mode 100644 "Life/Temp/2028/\320\224\320\265\320\272\320\260\320\261\321\200\321\214/24-12-28.md"
[2026-06-25 19:13:52]  delete mode 100644 "Life/Temp/2028/\320\224\320\265\320\272\320\260\320\261\321\200\321\214/25-12-28.md"
[2026-06-25 19:13:52]  delete mode 100644 "Life/Temp/2028/\320\224\320\265\320\272\320\260\320\261\321\200\321\214/26-12-28.md"
[2026-06-25 19:13:52]  delete mode 100644 "Life/Temp/2028/\320\224\320\265\320\272\320\260\320\261\321\200\321\214/27-12-28.md"
[2026-06-25 19:13:52]  delete mode 100644 "Life/Temp/2028/\320\224\320\265\320\272\320\260\320\261\321\200\321\214/28-12-28.md"
[2026-06-25 19:13:52]  delete mode 100644 "Life/Temp/2028/\320\224\320\265\320\272\320\260\320\261\321\200\321\214/29-12-28.md"
[2026-06-25 19:13:52]  delete mode 100644 "Life/Temp/2028/\320\224\320\265\320\272\320\260\320\261\321\200\321\214/30-12-28.md"
[2026-06-25 19:13:52]  delete mode 100644 "Life/Temp/2028/\320\224\320\265\320\272\320\260\320\261\321\200\321\214/31-12-28.md"
[2026-06-25 19:13:52]  delete mode 100644 "Life/Temp/2028/\320\230\321\216\320\273\321\214/01-07-28.md"
[2026-06-25 19:13:52]  delete mode 100644 "Life/Temp/2028/\320\230\321\216\320\273\321\214/02-07-28.md"
[2026-06-25 19:13:52]  delete mode 100644 "Life/Temp/2028/\320\230\321\216\320\273\321\214/03-07-28.md"
[2026-06-25 19:13:52]  delete mode 100644 "Life/Temp/2028/\320\230\321\216\320\273\321\214/04-07-28.md"
[2026-06-25 19:13:52]  delete mode 100644 "Life/Temp/2028/\320\230\321\216\320\273\321\214/05-07-28.md"
[2026-06-25 19:13:52]  delete mode 100644 "Life/Temp/2028/\320\230\321\216\320\273\321\214/06-07-28.md"
[2026-06-25 19:13:52]  delete mode 100644 "Life/Temp/2028/\320\230\321\216\320\273\321\214/07-07-28.md"
[2026-06-25 19:13:52]  delete mode 100644 "Life/Temp/2028/\320\230\321\216\320\273\321\214/08-07-28.md"
[2026-06-25 19:13:52]  delete mode 100644 "Life/Temp/2028/\320\230\321\216\320\273\321\214/09-07-28.md"
[2026-06-25 19:13:52]  delete mode 100644 "Life/Temp/2028/\320\230\321\216\320\273\321\214/10-07-28.md"
[2026-06-25 19:13:52]  delete mode 100644 "Life/Temp/2028/\320\230\321\216\320\273\321\214/11-07-28.md"
[2026-06-25 19:13:52]  delete mode 100644 "Life/Temp/2028/\320\230\321\216\320\273\321\214/12-07-28.md"
[2026-06-25 19:13:52]  delete mode 100644 "Life/Temp/2028/\320\230\321\216\320\273\321\214/13-07-28.md"
[2026-06-25 19:13:52]  delete mode 100644 "Life/Temp/2028/\320\230\321\216\320\273\321\214/14-07-28.md"
[2026-06-25 19:13:52]  delete mode 100644 "Life/Temp/2028/\320\230\321\216\320\273\321\214/15-07-28.md"
[2026-06-25 19:13:52]  delete mode 100644 "Life/Temp/2028/\320\230\321\216\320\273\321\214/16-07-28.md"
[2026-06-25 19:13:52]  delete mode 100644 "Life/Temp/2028/\320\230\321\216\320\273\321\214/17-07-28.md"
[2026-06-25 19:13:52]  delete mode 100644 "Life/Temp/2028/\320\230\321\216\320\273\321\214/18-07-28.md"
[2026-06-25 19:13:52]  delete mode 100644 "Life/Temp/2028/\320\230\321\216\320\273\321\214/19-07-28.md"
[2026-06-25 19:13:52]  delete mode 100644 "Life/Temp/2028/\320\230\321\216\320\273\321\214/20-07-28.md"
[2026-06-25 19:13:52]  delete mode 100644 "Life/Temp/2028/\320\230\321\216\320\273\321\214/21-07-28.md"
[2026-06-25 19:13:52]  delete mode 100644 "Life/Temp/2028/\320\230\321\216\320\273\321\214/22-07-28.md"
[2026-06-25 19:13:52]  delete mode 100644 "Life/Temp/2028/\320\230\321\216\320\273\321\214/23-07-28.md"
[2026-06-25 19:13:52]  delete mode 100644 "Life/Temp/2028/\320\230\321\216\320\273\321\214/24-07-28.md"
[2026-06-25 19:13:52]  delete mode 100644 "Life/Temp/2028/\320\230\321\216\320\273\321\214/25-07-28.md"
[2026-06-25 19:13:52]  delete mode 100644 "Life/Temp/2028/\320\230\321\216\320\273\321\214/26-07-28.md"
[2026-06-25 19:13:52]  delete mode 100644 "Life/Temp/2028/\320\230\321\216\320\273\321\214/27-07-28.md"
[2026-06-25 19:13:52]  delete mode 100644 "Life/Temp/2028/\320\230\321\216\320\273\321\214/28-07-28.md"
[2026-06-25 19:13:52]  delete mode 100644 "Life/Temp/2028/\320\230\321\216\320\273\321\214/29-07-28.md"
[2026-06-25 19:13:52]  delete mode 100644 "Life/Temp/2028/\320\230\321\216\320\273\321\214/30-07-28.md"
[2026-06-25 19:13:52]  delete mode 100644 "Life/Temp/2028/\320\230\321\216\320\273\321\214/31-07-28.md"
[2026-06-25 19:13:52]  delete mode 100644 "Life/Temp/2028/\320\230\321\216\320\275\321\214/01-06-28.md"
[2026-06-25 19:13:52]  delete mode 100644 "Life/Temp/2028/\320\230\321\216\320\275\321\214/02-06-28.md"
[2026-06-25 19:13:52]  delete mode 100644 "Life/Temp/2028/\320\230\321\216\320\275\321\214/03-06-28.md"
[2026-06-25 19:13:52]  delete mode 100644 "Life/Temp/2028/\320\230\321\216\320\275\321\214/04-06-28.md"
[2026-06-25 19:13:52]  delete mode 100644 "Life/Temp/2028/\320\230\321\216\320\275\321\214/05-06-28.md"
[2026-06-25 19:13:52]  delete mode 100644 "Life/Temp/2028/\320\230\321\216\320\275\321\214/06-06-28.md"
[2026-06-25 19:13:52]  delete mode 100644 "Life/Temp/2028/\320\230\321\216\320\275\321\214/07-06-28.md"
[2026-06-25 19:13:52]  delete mode 100644 "Life/Temp/2028/\320\230\321\216\320\275\321\214/08-06-28.md"
[2026-06-25 19:13:52]  delete mode 100644 "Life/Temp/2028/\320\230\321\216\320\275\321\214/09-06-28.md"
[2026-06-25 19:13:52]  delete mode 100644 "Life/Temp/2028/\320\230\321\216\320\275\321\214/10-06-28.md"
[2026-06-25 19:13:52]  delete mode 100644 "Life/Temp/2028/\320\230\321\216\320\275\321\214/11-06-28.md"
[2026-06-25 19:13:52]  delete mode 100644 "Life/Temp/2028/\320\230\321\216\320\275\321\214/12-06-28.md"
[2026-06-25 19:13:52]  delete mode 100644 "Life/Temp/2028/\320\230\321\216\320\275\321\214/13-06-28.md"
[2026-06-25 19:13:52]  delete mode 100644 "Life/Temp/2028/\320\230\321\216\320\275\321\214/14-06-28.md"
[2026-06-25 19:13:52]  delete mode 100644 "Life/Temp/2028/\320\230\321\216\320\275\321\214/15-06-28.md"
[2026-06-25 19:13:52]  delete mode 100644 "Life/Temp/2028/\320\230\321\216\320\275\321\214/16-06-28.md"
[2026-06-25 19:13:52]  delete mode 100644 "Life/Temp/2028/\320\230\321\216\320\275\321\214/17-06-28.md"
[2026-06-25 19:13:52]  delete mode 100644 "Life/Temp/2028/\320\230\321\216\320\275\321\214/18-06-28.md"
[2026-06-25 19:13:52]  delete mode 100644 "Life/Temp/2028/\320\230\321\216\320\275\321\214/19-06-28.md"
[2026-06-25 19:13:52]  delete mode 100644 "Life/Temp/2028/\320\230\321\216\320\275\321\214/20-06-28.md"
[2026-06-25 19:13:52]  delete mode 100644 "Life/Temp/2028/\320\230\321\216\320\275\321\214/21-06-28.md"
[2026-06-25 19:13:52]  delete mode 100644 "Life/Temp/2028/\320\230\321\216\320\275\321\214/22-06-28.md"
[2026-06-25 19:13:52]  delete mode 100644 "Life/Temp/2028/\320\230\321\216\320\275\321\214/23-06-28.md"
[2026-06-25 19:13:52]  delete mode 100644 "Life/Temp/2028/\320\230\321\216\320\275\321\214/24-06-28.md"
[2026-06-25 19:13:52]  delete mode 100644 "Life/Temp/2028/\320\230\321\216\320\275\321\214/25-06-28.md"
[2026-06-25 19:13:52]  delete mode 100644 "Life/Temp/2028/\320\230\321\216\320\275\321\214/26-06-28.md"
[2026-06-25 19:13:52]  delete mode 100644 "Life/Temp/2028/\320\230\321\216\320\275\321\214/27-06-28.md"
[2026-06-25 19:13:52]  delete mode 100644 "Life/Temp/2028/\320\230\321\216\320\275\321\214/28-06-28.md"
[2026-06-25 19:13:52]  delete mode 100644 "Life/Temp/2028/\320\230\321\216\320\275\321\214/29-06-28.md"
[2026-06-25 19:13:52]  delete mode 100644 "Life/Temp/2028/\320\230\321\216\320\275\321\214/30-06-28.md"
[2026-06-25 19:13:52]  delete mode 100644 "Life/Temp/2028/\320\234\320\260\320\271/01-05-28.md"
[2026-06-25 19:13:52]  delete mode 100644 "Life/Temp/2028/\320\234\320\260\320\271/02-05-28.md"
[2026-06-25 19:13:52]  delete mode 100644 "Life/Temp/2028/\320\234\320\260\320\271/03-05-28.md"
[2026-06-25 19:13:52]  delete mode 100644 "Life/Temp/2028/\320\234\320\260\320\271/04-05-28.md"
[2026-06-25 19:13:52]  delete mode 100644 "Life/Temp/2028/\320\234\320\260\320\271/05-05-28.md"
[2026-06-25 19:13:52]  delete mode 100644 "Life/Temp/2028/\320\234\320\260\320\271/06-05-28.md"
[2026-06-25 19:13:52]  delete mode 100644 "Life/Temp/2028/\320\234\320\260\320\271/07-05-28.md"
[2026-06-25 19:13:52]  delete mode 100644 "Life/Temp/2028/\320\234\320\260\320\271/08-05-28.md"
[2026-06-25 19:13:52]  delete mode 100644 "Life/Temp/2028/\320\234\320\260\320\271/09-05-28.md"
[2026-06-25 19:13:52]  delete mode 100644 "Life/Temp/2028/\320\234\320\260\320\271/10-05-28.md"
[2026-06-25 19:13:52]  delete mode 100644 "Life/Temp/2028/\320\234\320\260\320\271/11-05-28.md"
[2026-06-25 19:13:52]  delete mode 100644 "Life/Temp/2028/\320\234\320\260\320\271/12-05-28.md"
[2026-06-25 19:13:52]  delete mode 100644 "Life/Temp/2028/\320\234\320\260\320\271/13-05-28.md"
[2026-06-25 19:13:52]  delete mode 100644 "Life/Temp/2028/\320\234\320\260\320\271/14-05-28.md"
[2026-06-25 19:13:52]  delete mode 100644 "Life/Temp/2028/\320\234\320\260\320\271/15-05-28.md"
[2026-06-25 19:13:52]  delete mode 100644 "Life/Temp/2028/\320\234\320\260\320\271/16-05-28.md"
[2026-06-25 19:13:52]  delete mode 100644 "Life/Temp/2028/\320\234\320\260\320\271/17-05-28.md"
[2026-06-25 19:13:52]  delete mode 100644 "Life/Temp/2028/\320\234\320\260\320\271/18-05-28.md"
[2026-06-25 19:13:52]  delete mode 100644 "Life/Temp/2028/\320\234\320\260\320\271/19-05-28.md"
[2026-06-25 19:13:52]  delete mode 100644 "Life/Temp/2028/\320\234\320\260\320\271/20-05-28.md"
[2026-06-25 19:13:52]  delete mode 100644 "Life/Temp/2028/\320\234\320\260\320\271/21-05-28.md"
[2026-06-25 19:13:52]  delete mode 100644 "Life/Temp/2028/\320\234\320\260\320\271/22-05-28.md"
[2026-06-25 19:13:52]  delete mode 100644 "Life/Temp/2028/\320\234\320\260\320\271/23-05-28.md"
[2026-06-25 19:13:52]  delete mode 100644 "Life/Temp/2028/\320\234\320\260\320\271/24-05-28.md"
[2026-06-25 19:13:52]  delete mode 100644 "Life/Temp/2028/\320\234\320\260\320\271/25-05-28.md"
[2026-06-25 19:13:52]  delete mode 100644 "Life/Temp/2028/\320\234\320\260\320\271/26-05-28.md"
[2026-06-25 19:13:52]  delete mode 100644 "Life/Temp/2028/\320\234\320\260\320\271/27-05-28.md"
[2026-06-25 19:13:52]  delete mode 100644 "Life/Temp/2028/\320\234\320\260\320\271/28-05-28.md"
[2026-06-25 19:13:52]  delete mode 100644 "Life/Temp/2028/\320\234\320\260\320\271/29-05-28.md"
[2026-06-25 19:13:52]  delete mode 100644 "Life/Temp/2028/\320\234\320\260\320\271/30-05-28.md"
[2026-06-25 19:13:52]  delete mode 100644 "Life/Temp/2028/\320\234\320\260\320\271/31-05-28.md"
[2026-06-25 19:13:52]  delete mode 100644 "Life/Temp/2028/\320\234\320\260\321\200\321\202/01-03-28.md"
[2026-06-25 19:13:52]  delete mode 100644 "Life/Temp/2028/\320\234\320\260\321\200\321\202/02-03-28.md"
[2026-06-25 19:13:52]  delete mode 100644 "Life/Temp/2028/\320\234\320\260\321\200\321\202/03-03-28.md"
[2026-06-25 19:13:52]  delete mode 100644 "Life/Temp/2028/\320\234\320\260\321\200\321\202/04-03-28.md"
[2026-06-25 19:13:52]  delete mode 100644 "Life/Temp/2028/\320\234\320\260\321\200\321\202/05-03-28.md"
[2026-06-25 19:13:52]  delete mode 100644 "Life/Temp/2028/\320\234\320\260\321\200\321\202/06-03-28.md"
[2026-06-25 19:13:52]  delete mode 100644 "Life/Temp/2028/\320\234\320\260\321\200\321\202/07-03-28.md"
[2026-06-25 19:13:52]  delete mode 100644 "Life/Temp/2028/\320\234\320\260\321\200\321\202/08-03-28.md"
[2026-06-25 19:13:52]  delete mode 100644 "Life/Temp/2028/\320\234\320\260\321\200\321\202/09-03-28.md"
[2026-06-25 19:13:52]  delete mode 100644 "Life/Temp/2028/\320\234\320\260\321\200\321\202/10-03-28.md"
[2026-06-25 19:13:52]  delete mode 100644 "Life/Temp/2028/\320\234\320\260\321\200\321\202/11-03-28.md"
[2026-06-25 19:13:52]  delete mode 100644 "Life/Temp/2028/\320\234\320\260\321\200\321\202/12-03-28.md"
[2026-06-25 19:13:52]  delete mode 100644 "Life/Temp/2028/\320\234\320\260\321\200\321\202/13-03-28.md"
[2026-06-25 19:13:52]  delete mode 100644 "Life/Temp/2028/\320\234\320\260\321\200\321\202/14-03-28.md"
[2026-06-25 19:13:52]  delete mode 100644 "Life/Temp/2028/\320\234\320\260\321\200\321\202/15-03-28.md"
[2026-06-25 19:13:52]  delete mode 100644 "Life/Temp/2028/\320\234\320\260\321\200\321\202/16-03-28.md"
[2026-06-25 19:13:52]  delete mode 100644 "Life/Temp/2028/\320\234\320\260\321\200\321\202/17-03-28.md"
[2026-06-25 19:13:52]  delete mode 100644 "Life/Temp/2028/\320\234\320\260\321\200\321\202/18-03-28.md"
[2026-06-25 19:13:52]  delete mode 100644 "Life/Temp/2028/\320\234\320\260\321\200\321\202/19-03-28.md"
[2026-06-25 19:13:52]  delete mode 100644 "Life/Temp/2028/\320\234\320\260\321\200\321\202/20-03-28.md"
[2026-06-25 19:13:52]  delete mode 100644 "Life/Temp/2028/\320\234\320\260\321\200\321\202/21-03-28.md"
[2026-06-25 19:13:52]  delete mode 100644 "Life/Temp/2028/\320\234\320\260\321\200\321\202/22-03-28.md"
[2026-06-25 19:13:52]  delete mode 100644 "Life/Temp/2028/\320\234\320\260\321\200\321\202/23-03-28.md"
[2026-06-25 19:13:52]  delete mode 100644 "Life/Temp/2028/\320\234\320\260\321\200\321\202/24-03-28.md"
[2026-06-25 19:13:52]  delete mode 100644 "Life/Temp/2028/\320\234\320\260\321\200\321\202/25-03-28.md"
[2026-06-25 19:13:52]  delete mode 100644 "Life/Temp/2028/\320\234\320\260\321\200\321\202/26-03-28.md"
[2026-06-25 19:13:52]  delete mode 100644 "Life/Temp/2028/\320\234\320\260\321\200\321\202/27-03-28.md"
[2026-06-25 19:13:52]  delete mode 100644 "Life/Temp/2028/\320\234\320\260\321\200\321\202/28-03-28.md"
[2026-06-25 19:13:52]  delete mode 100644 "Life/Temp/2028/\320\234\320\260\321\200\321\202/29-03-28.md"
[2026-06-25 19:13:52]  delete mode 100644 "Life/Temp/2028/\320\234\320\260\321\200\321\202/30-03-28.md"
[2026-06-25 19:13:52]  delete mode 100644 "Life/Temp/2028/\320\234\320\260\321\200\321\202/31-03-28.md"
[2026-06-25 19:13:52]  delete mode 100644 "Life/Temp/2028/\320\235\320\276\321\217\320\261\321\200\321\214/01-11-28.md"
[2026-06-25 19:13:52]  delete mode 100644 "Life/Temp/2028/\320\235\320\276\321\217\320\261\321\200\321\214/02-11-28.md"
[2026-06-25 19:13:52]  delete mode 100644 "Life/Temp/2028/\320\235\320\276\321\217\320\261\321\200\321\214/03-11-28.md"
[2026-06-25 19:13:52]  delete mode 100644 "Life/Temp/2028/\320\235\320\276\321\217\320\261\321\200\321\214/04-11-28.md"
[2026-06-25 19:13:52]  delete mode 100644 "Life/Temp/2028/\320\235\320\276\321\217\320\261\321\200\321\214/05-11-28.md"
[2026-06-25 19:13:52]  delete mode 100644 "Life/Temp/2028/\320\235\320\276\321\217\320\261\321\200\321\214/06-11-28.md"
[2026-06-25 19:13:52]  delete mode 100644 "Life/Temp/2028/\320\235\320\276\321\217\320\261\321\200\321\214/07-11-28.md"
[2026-06-25 19:13:52]  delete mode 100644 "Life/Temp/2028/\320\235\320\276\321\217\320\261\321\200\321\214/08-11-28.md"
[2026-06-25 19:13:52]  delete mode 100644 "Life/Temp/2028/\320\235\320\276\321\217\320\261\321\200\321\214/09-11-28.md"
[2026-06-25 19:13:52]  delete mode 100644 "Life/Temp/2028/\320\235\320\276\321\217\320\261\321\200\321\214/10-11-28.md"
[2026-06-25 19:13:52]  delete mode 100644 "Life/Temp/2028/\320\235\320\276\321\217\320\261\321\200\321\214/11-11-28.md"
[2026-06-25 19:13:52]  delete mode 100644 "Life/Temp/2028/\320\235\320\276\321\217\320\261\321\200\321\214/12-11-28.md"
[2026-06-25 19:13:52]  delete mode 100644 "Life/Temp/2028/\320\235\320\276\321\217\320\261\321\200\321\214/13-11-28.md"
[2026-06-25 19:13:52]  delete mode 100644 "Life/Temp/2028/\320\235\320\276\321\217\320\261\321\200\321\214/14-11-28.md"
[2026-06-25 19:13:52]  delete mode 100644 "Life/Temp/2028/\320\235\320\276\321\217\320\261\321\200\321\214/15-11-28.md"
[2026-06-25 19:13:52]  delete mode 100644 "Life/Temp/2028/\320\235\320\276\321\217\320\261\321\200\321\214/16-11-28.md"
[2026-06-25 19:13:52]  delete mode 100644 "Life/Temp/2028/\320\235\320\276\321\217\320\261\321\200\321\214/17-11-28.md"
[2026-06-25 19:13:52]  delete mode 100644 "Life/Temp/2028/\320\235\320\276\321\217\320\261\321\200\321\214/18-11-28.md"
[2026-06-25 19:13:52]  delete mode 100644 "Life/Temp/2028/\320\235\320\276\321\217\320\261\321\200\321\214/19-11-28.md"
[2026-06-25 19:13:52]  delete mode 100644 "Life/Temp/2028/\320\235\320\276\321\217\320\261\321\200\321\214/20-11-28.md"
[2026-06-25 19:13:52]  delete mode 100644 "Life/Temp/2028/\320\235\320\276\321\217\320\261\321\200\321\214/21-11-28.md"
[2026-06-25 19:13:52]  delete mode 100644 "Life/Temp/2028/\320\235\320\276\321\217\320\261\321\200\321\214/22-11-28.md"
[2026-06-25 19:13:52]  delete mode 100644 "Life/Temp/2028/\320\235\320\276\321\217\320\261\321\200\321\214/23-11-28.md"
[2026-06-25 19:13:52]  delete mode 100644 "Life/Temp/2028/\320\235\320\276\321\217\320\261\321\200\321\214/24-11-28.md"
[2026-06-25 19:13:52]  delete mode 100644 "Life/Temp/2028/\320\235\320\276\321\217\320\261\321\200\321\214/25-11-28.md"
[2026-06-25 19:13:52]  delete mode 100644 "Life/Temp/2028/\320\235\320\276\321\217\320\261\321\200\321\214/26-11-28.md"
[2026-06-25 19:13:52]  delete mode 100644 "Life/Temp/2028/\320\235\320\276\321\217\320\261\321\200\321\214/27-11-28.md"
[2026-06-25 19:13:52]  delete mode 100644 "Life/Temp/2028/\320\235\320\276\321\217\320\261\321\200\321\214/28-11-28.md"
[2026-06-25 19:13:52]  delete mode 100644 "Life/Temp/2028/\320\235\320\276\321\217\320\261\321\200\321\214/29-11-28.md"
[2026-06-25 19:13:52]  delete mode 100644 "Life/Temp/2028/\320\235\320\276\321\217\320\261\321\200\321\214/30-11-28.md"
[2026-06-25 19:13:52]  delete mode 100644 "Life/Temp/2028/\320\236\320\272\321\202\321\217\320\261\321\200\321\214/01-10-28.md"
[2026-06-25 19:13:52]  delete mode 100644 "Life/Temp/2028/\320\236\320\272\321\202\321\217\320\261\321\200\321\214/02-10-28.md"
[2026-06-25 19:13:52]  delete mode 100644 "Life/Temp/2028/\320\236\320\272\321\202\321\217\320\261\321\200\321\214/03-10-28.md"
[2026-06-25 19:13:52]  delete mode 100644 "Life/Temp/2028/\320\236\320\272\321\202\321\217\320\261\321\200\321\214/04-10-28.md"
[2026-06-25 19:13:52]  delete mode 100644 "Life/Temp/2028/\320\236\320\272\321\202\321\217\320\261\321\200\321\214/05-10-28.md"
[2026-06-25 19:13:52]  delete mode 100644 "Life/Temp/2028/\320\236\320\272\321\202\321\217\320\261\321\200\321\214/06-10-28.md"
[2026-06-25 19:13:52]  delete mode 100644 "Life/Temp/2028/\320\236\320\272\321\202\321\217\320\261\321\200\321\214/07-10-28.md"
[2026-06-25 19:13:52]  delete mode 100644 "Life/Temp/2028/\320\236\320\272\321\202\321\217\320\261\321\200\321\214/08-10-28.md"
[2026-06-25 19:13:52]  delete mode 100644 "Life/Temp/2028/\320\236\320\272\321\202\321\217\320\261\321\200\321\214/09-10-28.md"
[2026-06-25 19:13:52]  delete mode 100644 "Life/Temp/2028/\320\236\320\272\321\202\321\217\320\261\321\200\321\214/10-10-28.md"
[2026-06-25 19:13:52]  delete mode 100644 "Life/Temp/2028/\320\236\320\272\321\202\321\217\320\261\321\200\321\214/11-10-28.md"
[2026-06-25 19:13:52]  delete mode 100644 "Life/Temp/2028/\320\236\320\272\321\202\321\217\320\261\321\200\321\214/12-10-28.md"
[2026-06-25 19:13:52]  delete mode 100644 "Life/Temp/2028/\320\236\320\272\321\202\321\217\320\261\321\200\321\214/13-10-28.md"
[2026-06-25 19:13:52]  delete mode 100644 "Life/Temp/2028/\320\236\320\272\321\202\321\217\320\261\321\200\321\214/14-10-28.md"
[2026-06-25 19:13:52]  delete mode 100644 "Life/Temp/2028/\320\236\320\272\321\202\321\217\320\261\321\200\321\214/15-10-28.md"
[2026-06-25 19:13:52]  delete mode 100644 "Life/Temp/2028/\320\236\320\272\321\202\321\217\320\261\321\200\321\214/16-10-28.md"
[2026-06-25 19:13:52]  delete mode 100644 "Life/Temp/2028/\320\236\320\272\321\202\321\217\320\261\321\200\321\214/17-10-28.md"
[2026-06-25 19:13:52]  delete mode 100644 "Life/Temp/2028/\320\236\320\272\321\202\321\217\320\261\321\200\321\214/18-10-28.md"
[2026-06-25 19:13:52]  delete mode 100644 "Life/Temp/2028/\320\236\320\272\321\202\321\217\320\261\321\200\321\214/19-10-28.md"
[2026-06-25 19:13:52]  delete mode 100644 "Life/Temp/2028/\320\236\320\272\321\202\321\217\320\261\321\200\321\214/20-10-28.md"
[2026-06-25 19:13:52]  delete mode 100644 "Life/Temp/2028/\320\236\320\272\321\202\321\217\320\261\321\200\321\214/21-10-28.md"
[2026-06-25 19:13:52]  delete mode 100644 "Life/Temp/2028/\320\236\320\272\321\202\321\217\320\261\321\200\321\214/22-10-28.md"
[2026-06-25 19:13:52]  delete mode 100644 "Life/Temp/2028/\320\236\320\272\321\202\321\217\320\261\321\200\321\214/23-10-28.md"
[2026-06-25 19:13:52]  delete mode 100644 "Life/Temp/2028/\320\236\320\272\321\202\321\217\320\261\321\200\321\214/24-10-28.md"
[2026-06-25 19:13:52]  delete mode 100644 "Life/Temp/2028/\320\236\320\272\321\202\321\217\320\261\321\200\321\214/25-10-28.md"
[2026-06-25 19:13:52]  delete mode 100644 "Life/Temp/2028/\320\236\320\272\321\202\321\217\320\261\321\200\321\214/26-10-28.md"
[2026-06-25 19:13:52]  delete mode 100644 "Life/Temp/2028/\320\236\320\272\321\202\321\217\320\261\321\200\321\214/27-10-28.md"
[2026-06-25 19:13:52]  delete mode 100644 "Life/Temp/2028/\320\236\320\272\321\202\321\217\320\261\321\200\321\214/28-10-28.md"
[2026-06-25 19:13:52]  delete mode 100644 "Life/Temp/2028/\320\236\320\272\321\202\321\217\320\261\321\200\321\214/29-10-28.md"
[2026-06-25 19:13:52]  delete mode 100644 "Life/Temp/2028/\320\236\320\272\321\202\321\217\320\261\321\200\321\214/30-10-28.md"
[2026-06-25 19:13:52]  delete mode 100644 "Life/Temp/2028/\320\236\320\272\321\202\321\217\320\261\321\200\321\214/31-10-28.md"
[2026-06-25 19:13:52]  delete mode 100644 "Life/Temp/2028/\320\241\320\265\320\275\321\202\321\217\320\261\321\200\321\214/01-09-28.md"
[2026-06-25 19:13:52]  delete mode 100644 "Life/Temp/2028/\320\241\320\265\320\275\321\202\321\217\320\261\321\200\321\214/02-09-28.md"
[2026-06-25 19:13:52]  delete mode 100644 "Life/Temp/2028/\320\241\320\265\320\275\321\202\321\217\320\261\321\200\321\214/03-09-28.md"
[2026-06-25 19:13:52]  delete mode 100644 "Life/Temp/2028/\320\241\320\265\320\275\321\202\321\217\320\261\321\200\321\214/04-09-28.md"
[2026-06-25 19:13:52]  delete mode 100644 "Life/Temp/2028/\320\241\320\265\320\275\321\202\321\217\320\261\321\200\321\214/05-09-28.md"
[2026-06-25 19:13:52]  delete mode 100644 "Life/Temp/2028/\320\241\320\265\320\275\321\202\321\217\320\261\321\200\321\214/06-09-28.md"
[2026-06-25 19:13:52]  delete mode 100644 "Life/Temp/2028/\320\241\320\265\320\275\321\202\321\217\320\261\321\200\321\214/07-09-28.md"
[2026-06-25 19:13:52]  delete mode 100644 "Life/Temp/2028/\320\241\320\265\320\275\321\202\321\217\320\261\321\200\321\214/08-09-28.md"
[2026-06-25 19:13:52]  delete mode 100644 "Life/Temp/2028/\320\241\320\265\320\275\321\202\321\217\320\261\321\200\321\214/09-09-28.md"
[2026-06-25 19:13:52]  delete mode 100644 "Life/Temp/2028/\320\241\320\265\320\275\321\202\321\217\320\261\321\200\321\214/10-09-28.md"
[2026-06-25 19:13:52]  delete mode 100644 "Life/Temp/2028/\320\241\320\265\320\275\321\202\321\217\320\261\321\200\321\214/11-09-28.md"
[2026-06-25 19:13:52]  delete mode 100644 "Life/Temp/2028/\320\241\320\265\320\275\321\202\321\217\320\261\321\200\321\214/12-09-28.md"
[2026-06-25 19:13:52]  delete mode 100644 "Life/Temp/2028/\320\241\320\265\320\275\321\202\321\217\320\261\321\200\321\214/13-09-28.md"
[2026-06-25 19:13:52]  delete mode 100644 "Life/Temp/2028/\320\241\320\265\320\275\321\202\321\217\320\261\321\200\321\214/14-09-28.md"
[2026-06-25 19:13:52]  delete mode 100644 "Life/Temp/2028/\320\241\320\265\320\275\321\202\321\217\320\261\321\200\321\214/15-09-28.md"
[2026-06-25 19:13:52]  delete mode 100644 "Life/Temp/2028/\320\241\320\265\320\275\321\202\321\217\320\261\321\200\321\214/16-09-28.md"
[2026-06-25 19:13:52]  delete mode 100644 "Life/Temp/2028/\320\241\320\265\320\275\321\202\321\217\320\261\321\200\321\214/17-09-28.md"
[2026-06-25 19:13:52]  delete mode 100644 "Life/Temp/2028/\320\241\320\265\320\275\321\202\321\217\320\261\321\200\321\214/18-09-28.md"
[2026-06-25 19:13:52]  delete mode 100644 "Life/Temp/2028/\320\241\320\265\320\275\321\202\321\217\320\261\321\200\321\214/19-09-28.md"
[2026-06-25 19:13:52]  delete mode 100644 "Life/Temp/2028/\320\241\320\265\320\275\321\202\321\217\320\261\321\200\321\214/20-09-28.md"
[2026-06-25 19:13:52]  delete mode 100644 "Life/Temp/2028/\320\241\320\265\320\275\321\202\321\217\320\261\321\200\321\214/21-09-28.md"
[2026-06-25 19:13:52]  delete mode 100644 "Life/Temp/2028/\320\241\320\265\320\275\321\202\321\217\320\261\321\200\321\214/22-09-28.md"
[2026-06-25 19:13:52]  delete mode 100644 "Life/Temp/2028/\320\241\320\265\320\275\321\202\321\217\320\261\321\200\321\214/23-09-28.md"
[2026-06-25 19:13:52]  delete mode 100644 "Life/Temp/2028/\320\241\320\265\320\275\321\202\321\217\320\261\321\200\321\214/24-09-28.md"
[2026-06-25 19:13:52]  delete mode 100644 "Life/Temp/2028/\320\241\320\265\320\275\321\202\321\217\320\261\321\200\321\214/25-09-28.md"
[2026-06-25 19:13:52]  delete mode 100644 "Life/Temp/2028/\320\241\320\265\320\275\321\202\321\217\320\261\321\200\321\214/26-09-28.md"
[2026-06-25 19:13:52]  delete mode 100644 "Life/Temp/2028/\320\241\320\265\320\275\321\202\321\217\320\261\321\200\321\214/27-09-28.md"
[2026-06-25 19:13:52]  delete mode 100644 "Life/Temp/2028/\320\241\320\265\320\275\321\202\321\217\320\261\321\200\321\214/28-09-28.md"
[2026-06-25 19:13:52]  delete mode 100644 "Life/Temp/2028/\320\241\320\265\320\275\321\202\321\217\320\261\321\200\321\214/29-09-28.md"
[2026-06-25 19:13:52]  delete mode 100644 "Life/Temp/2028/\320\241\320\265\320\275\321\202\321\217\320\261\321\200\321\214/30-09-28.md"
[2026-06-25 19:13:52]  delete mode 100644 "Life/Temp/2028/\320\244\320\265\320\262\321\200\320\260\320\273\321\214/01-02-28.md"
[2026-06-25 19:13:52]  delete mode 100644 "Life/Temp/2028/\320\244\320\265\320\262\321\200\320\260\320\273\321\214/02-02-28.md"
[2026-06-25 19:13:52]  delete mode 100644 "Life/Temp/2028/\320\244\320\265\320\262\321\200\320\260\320\273\321\214/03-02-28.md"
[2026-06-25 19:13:52]  delete mode 100644 "Life/Temp/2028/\320\244\320\265\320\262\321\200\320\260\320\273\321\214/04-02-28.md"
[2026-06-25 19:13:52]  delete mode 100644 "Life/Temp/2028/\320\244\320\265\320\262\321\200\320\260\320\273\321\214/05-02-28.md"
[2026-06-25 19:13:52]  delete mode 100644 "Life/Temp/2028/\320\244\320\265\320\262\321\200\320\260\320\273\321\214/06-02-28.md"
[2026-06-25 19:13:52]  delete mode 100644 "Life/Temp/2028/\320\244\320\265\320\262\321\200\320\260\320\273\321\214/07-02-28.md"
[2026-06-25 19:13:52]  delete mode 100644 "Life/Temp/2028/\320\244\320\265\320\262\321\200\320\260\320\273\321\214/08-02-28.md"
[2026-06-25 19:13:52]  delete mode 100644 "Life/Temp/2028/\320\244\320\265\320\262\321\200\320\260\320\273\321\214/09-02-28.md"
[2026-06-25 19:13:52]  delete mode 100644 "Life/Temp/2028/\320\244\320\265\320\262\321\200\320\260\320\273\321\214/10-02-28.md"
[2026-06-25 19:13:52]  delete mode 100644 "Life/Temp/2028/\320\244\320\265\320\262\321\200\320\260\320\273\321\214/11-02-28.md"
[2026-06-25 19:13:52]  delete mode 100644 "Life/Temp/2028/\320\244\320\265\320\262\321\200\320\260\320\273\321\214/12-02-28.md"
[2026-06-25 19:13:52]  delete mode 100644 "Life/Temp/2028/\320\244\320\265\320\262\321\200\320\260\320\273\321\214/13-02-28.md"
[2026-06-25 19:13:52]  delete mode 100644 "Life/Temp/2028/\320\244\320\265\320\262\321\200\320\260\320\273\321\214/14-02-28.md"
[2026-06-25 19:13:52]  delete mode 100644 "Life/Temp/2028/\320\244\320\265\320\262\321\200\320\260\320\273\321\214/15-02-28.md"
[2026-06-25 19:13:52]  delete mode 100644 "Life/Temp/2028/\320\244\320\265\320\262\321\200\320\260\320\273\321\214/16-02-28.md"
[2026-06-25 19:13:52]  delete mode 100644 "Life/Temp/2028/\320\244\320\265\320\262\321\200\320\260\320\273\321\214/17-02-28.md"
[2026-06-25 19:13:52]  delete mode 100644 "Life/Temp/2028/\320\244\320\265\320\262\321\200\320\260\320\273\321\214/18-02-28.md"
[2026-06-25 19:13:52]  delete mode 100644 "Life/Temp/2028/\320\244\320\265\320\262\321\200\320\260\320\273\321\214/19-02-28.md"
[2026-06-25 19:13:52]  delete mode 100644 "Life/Temp/2028/\320\244\320\265\320\262\321\200\320\260\320\273\321\214/20-02-28.md"
[2026-06-25 19:13:52]  delete mode 100644 "Life/Temp/2028/\320\244\320\265\320\262\321\200\320\260\320\273\321\214/21-02-28.md"
[2026-06-25 19:13:52]  delete mode 100644 "Life/Temp/2028/\320\244\320\265\320\262\321\200\320\260\320\273\321\214/22-02-28.md"
[2026-06-25 19:13:52]  delete mode 100644 "Life/Temp/2028/\320\244\320\265\320\262\321\200\320\260\320\273\321\214/23-02-28.md"
[2026-06-25 19:13:52]  delete mode 100644 "Life/Temp/2028/\320\244\320\265\320\262\321\200\320\260\320\273\321\214/24-02-28.md"
[2026-06-25 19:13:52]  delete mode 100644 "Life/Temp/2028/\320\244\320\265\320\262\321\200\320\260\320\273\321\214/25-02-28.md"
[2026-06-25 19:13:52]  delete mode 100644 "Life/Temp/2028/\320\244\320\265\320\262\321\200\320\260\320\273\321\214/26-02-28.md"
[2026-06-25 19:13:52]  delete mode 100644 "Life/Temp/2028/\320\244\320\265\320\262\321\200\320\260\320\273\321\214/27-02-28.md"
[2026-06-25 19:13:52]  delete mode 100644 "Life/Temp/2028/\320\244\320\265\320\262\321\200\320\260\320\273\321\214/28-02-28.md"
[2026-06-25 19:13:52]  delete mode 100644 "Life/Temp/2028/\320\244\320\265\320\262\321\200\320\260\320\273\321\214/29-02-28.md"
[2026-06-25 19:13:52]  delete mode 100644 "Life/Temp/2028/\320\257\320\275\320\262\320\260\321\200\321\214/01-01-28.md"
[2026-06-25 19:13:52]  delete mode 100644 "Life/Temp/2028/\320\257\320\275\320\262\320\260\321\200\321\214/02-01-28.md"
[2026-06-25 19:13:52]  delete mode 100644 "Life/Temp/2028/\320\257\320\275\320\262\320\260\321\200\321\214/03-01-28.md"
[2026-06-25 19:13:52]  delete mode 100644 "Life/Temp/2028/\320\257\320\275\320\262\320\260\321\200\321\214/04-01-28.md"
[2026-06-25 19:13:52]  delete mode 100644 "Life/Temp/2028/\320\257\320\275\320\262\320\260\321\200\321\214/05-01-28.md"
[2026-06-25 19:13:52]  delete mode 100644 "Life/Temp/2028/\320\257\320\275\320\262\320\260\321\200\321\214/06-01-28.md"
[2026-06-25 19:13:52]  delete mode 100644 "Life/Temp/2028/\320\257\320\275\320\262\320\260\321\200\321\214/07-01-28.md"
[2026-06-25 19:13:52]  delete mode 100644 "Life/Temp/2028/\320\257\320\275\320\262\320\260\321\200\321\214/08-01-28.md"
[2026-06-25 19:13:52]  delete mode 100644 "Life/Temp/2028/\320\257\320\275\320\262\320\260\321\200\321\214/09-01-28.md"
[2026-06-25 19:13:52]  delete mode 100644 "Life/Temp/2028/\320\257\320\275\320\262\320\260\321\200\321\214/10-01-28.md"
[2026-06-25 19:13:52]  delete mode 100644 "Life/Temp/2028/\320\257\320\275\320\262\320\260\321\200\321\214/11-01-28.md"
[2026-06-25 19:13:52]  delete mode 100644 "Life/Temp/2028/\320\257\320\275\320\262\320\260\321\200\321\214/12-01-28.md"
[2026-06-25 19:13:52]  delete mode 100644 "Life/Temp/2028/\320\257\320\275\320\262\320\260\321\200\321\214/13-01-28.md"
[2026-06-25 19:13:52]  delete mode 100644 "Life/Temp/2028/\320\257\320\275\320\262\320\260\321\200\321\214/14-01-28.md"
[2026-06-25 19:13:52]  delete mode 100644 "Life/Temp/2028/\320\257\320\275\320\262\320\260\321\200\321\214/15-01-28.md"
[2026-06-25 19:13:52]  delete mode 100644 "Life/Temp/2028/\320\257\320\275\320\262\320\260\321\200\321\214/16-01-28.md"
[2026-06-25 19:13:52]  delete mode 100644 "Life/Temp/2028/\320\257\320\275\320\262\320\260\321\200\321\214/17-01-28.md"
[2026-06-25 19:13:52]  delete mode 100644 "Life/Temp/2028/\320\257\320\275\320\262\320\260\321\200\321\214/18-01-28.md"
[2026-06-25 19:13:52]  delete mode 100644 "Life/Temp/2028/\320\257\320\275\320\262\320\260\321\200\321\214/19-01-28.md"
[2026-06-25 19:13:52]  delete mode 100644 "Life/Temp/2028/\320\257\320\275\320\262\320\260\321\200\321\214/20-01-28.md"
[2026-06-25 19:13:52]  delete mode 100644 "Life/Temp/2028/\320\257\320\275\320\262\320\260\321\200\321\214/21-01-28.md"
[2026-06-25 19:13:52]  delete mode 100644 "Life/Temp/2028/\320\257\320\275\320\262\320\260\321\200\321\214/22-01-28.md"
[2026-06-25 19:13:52]  delete mode 100644 "Life/Temp/2028/\320\257\320\275\320\262\320\260\321\200\321\214/23-01-28.md"
[2026-06-25 19:13:52]  delete mode 100644 "Life/Temp/2028/\320\257\320\275\320\262\320\260\321\200\321\214/24-01-28.md"
[2026-06-25 19:13:52]  delete mode 100644 "Life/Temp/2028/\320\257\320\275\320\262\320\260\321\200\321\214/25-01-28.md"
[2026-06-25 19:13:52]  delete mode 100644 "Life/Temp/2028/\320\257\320\275\320\262\320\260\321\200\321\214/26-01-28.md"
[2026-06-25 19:13:52]  delete mode 100644 "Life/Temp/2028/\320\257\320\275\320\262\320\260\321\200\321\214/27-01-28.md"
[2026-06-25 19:13:52]  delete mode 100644 "Life/Temp/2028/\320\257\320\275\320\262\320\260\321\200\321\214/28-01-28.md"
[2026-06-25 19:13:52]  delete mode 100644 "Life/Temp/2028/\320\257\320\275\320\262\320\260\321\200\321\214/29-01-28.md"
[2026-06-25 19:13:52]  delete mode 100644 "Life/Temp/2028/\320\257\320\275\320\262\320\260\321\200\321\214/30-01-28.md"
[2026-06-25 19:13:52]  delete mode 100644 "Life/Temp/2028/\320\257\320\275\320\262\320\260\321\200\321\214/31-01-28.md"
[2026-06-25 19:13:52]  delete mode 100644 "Life/Temp/2029/\320\220\320\262\320\263\321\203\321\201\321\202/01-08-29.md"
[2026-06-25 19:13:52]  delete mode 100644 "Life/Temp/2029/\320\220\320\262\320\263\321\203\321\201\321\202/02-08-29.md"
[2026-06-25 19:13:52]  delete mode 100644 "Life/Temp/2029/\320\220\320\262\320\263\321\203\321\201\321\202/03-08-29.md"
[2026-06-25 19:13:52]  delete mode 100644 "Life/Temp/2029/\320\220\320\262\320\263\321\203\321\201\321\202/04-08-29.md"
[2026-06-25 19:13:52]  delete mode 100644 "Life/Temp/2029/\320\220\320\262\320\263\321\203\321\201\321\202/05-08-29.md"
[2026-06-25 19:13:52]  delete mode 100644 "Life/Temp/2029/\320\220\320\262\320\263\321\203\321\201\321\202/06-08-29.md"
[2026-06-25 19:13:52]  delete mode 100644 "Life/Temp/2029/\320\220\320\262\320\263\321\203\321\201\321\202/07-08-29.md"
[2026-06-25 19:13:52]  delete mode 100644 "Life/Temp/2029/\320\220\320\262\320\263\321\203\321\201\321\202/08-08-29.md"
[2026-06-25 19:13:52]  delete mode 100644 "Life/Temp/2029/\320\220\320\262\320\263\321\203\321\201\321\202/09-08-29.md"
[2026-06-25 19:13:52]  delete mode 100644 "Life/Temp/2029/\320\220\320\262\320\263\321\203\321\201\321\202/10-08-29.md"
[2026-06-25 19:13:52]  delete mode 100644 "Life/Temp/2029/\320\220\320\262\320\263\321\203\321\201\321\202/11-08-29.md"
[2026-06-25 19:13:52]  delete mode 100644 "Life/Temp/2029/\320\220\320\262\320\263\321\203\321\201\321\202/12-08-29.md"
[2026-06-25 19:13:52]  delete mode 100644 "Life/Temp/2029/\320\220\320\262\320\263\321\203\321\201\321\202/13-08-29.md"
[2026-06-25 19:13:52]  delete mode 100644 "Life/Temp/2029/\320\220\320\262\320\263\321\203\321\201\321\202/14-08-29.md"
[2026-06-25 19:13:52]  delete mode 100644 "Life/Temp/2029/\320\220\320\262\320\263\321\203\321\201\321\202/15-08-29.md"
[2026-06-25 19:13:52]  delete mode 100644 "Life/Temp/2029/\320\220\320\262\320\263\321\203\321\201\321\202/16-08-29.md"
[2026-06-25 19:13:52]  delete mode 100644 "Life/Temp/2029/\320\220\320\262\320\263\321\203\321\201\321\202/17-08-29.md"
[2026-06-25 19:13:52]  delete mode 100644 "Life/Temp/2029/\320\220\320\262\320\263\321\203\321\201\321\202/18-08-29.md"
[2026-06-25 19:13:52]  delete mode 100644 "Life/Temp/2029/\320\220\320\262\320\263\321\203\321\201\321\202/19-08-29.md"
[2026-06-25 19:13:52]  delete mode 100644 "Life/Temp/2029/\320\220\320\262\320\263\321\203\321\201\321\202/20-08-29.md"
[2026-06-25 19:13:52]  delete mode 100644 "Life/Temp/2029/\320\220\320\262\320\263\321\203\321\201\321\202/21-08-29.md"
[2026-06-25 19:13:52]  delete mode 100644 "Life/Temp/2029/\320\220\320\262\320\263\321\203\321\201\321\202/22-08-29.md"
[2026-06-25 19:13:52]  delete mode 100644 "Life/Temp/2029/\320\220\320\262\320\263\321\203\321\201\321\202/23-08-29.md"
[2026-06-25 19:13:52]  delete mode 100644 "Life/Temp/2029/\320\220\320\262\320\263\321\203\321\201\321\202/24-08-29.md"
[2026-06-25 19:13:52]  delete mode 100644 "Life/Temp/2029/\320\220\320\262\320\263\321\203\321\201\321\202/25-08-29.md"
[2026-06-25 19:13:52]  delete mode 100644 "Life/Temp/2029/\320\220\320\262\320\263\321\203\321\201\321\202/26-08-29.md"
[2026-06-25 19:13:52]  delete mode 100644 "Life/Temp/2029/\320\220\320\262\320\263\321\203\321\201\321\202/27-08-29.md"
[2026-06-25 19:13:52]  delete mode 100644 "Life/Temp/2029/\320\220\320\262\320\263\321\203\321\201\321\202/28-08-29.md"
[2026-06-25 19:13:52]  delete mode 100644 "Life/Temp/2029/\320\220\320\262\320\263\321\203\321\201\321\202/29-08-29.md"
[2026-06-25 19:13:52]  delete mode 100644 "Life/Temp/2029/\320\220\320\262\320\263\321\203\321\201\321\202/30-08-29.md"
[2026-06-25 19:13:52]  delete mode 100644 "Life/Temp/2029/\320\220\320\262\320\263\321\203\321\201\321\202/31-08-29.md"
[2026-06-25 19:13:52]  delete mode 100644 "Life/Temp/2029/\320\220\320\277\321\200\320\265\320\273\321\214/01-04-29.md"
[2026-06-25 19:13:52]  delete mode 100644 "Life/Temp/2029/\320\220\320\277\321\200\320\265\320\273\321\214/02-04-29.md"
[2026-06-25 19:13:52]  delete mode 100644 "Life/Temp/2029/\320\220\320\277\321\200\320\265\320\273\321\214/03-04-29.md"
[2026-06-25 19:13:52]  delete mode 100644 "Life/Temp/2029/\320\220\320\277\321\200\320\265\320\273\321\214/04-04-29.md"
[2026-06-25 19:13:52]  delete mode 100644 "Life/Temp/2029/\320\220\320\277\321\200\320\265\320\273\321\214/05-04-29.md"
[2026-06-25 19:13:52]  delete mode 100644 "Life/Temp/2029/\320\220\320\277\321\200\320\265\320\273\321\214/06-04-29.md"
[2026-06-25 19:13:52]  delete mode 100644 "Life/Temp/2029/\320\220\320\277\321\200\320\265\320\273\321\214/07-04-29.md"
[2026-06-25 19:13:52]  delete mode 100644 "Life/Temp/2029/\320\220\320\277\321\200\320\265\320\273\321\214/08-04-29.md"
[2026-06-25 19:13:52]  delete mode 100644 "Life/Temp/2029/\320\220\320\277\321\200\320\265\320\273\321\214/09-04-29.md"
[2026-06-25 19:13:52]  delete mode 100644 "Life/Temp/2029/\320\220\320\277\321\200\320\265\320\273\321\214/10-04-29.md"
[2026-06-25 19:13:52]  delete mode 100644 "Life/Temp/2029/\320\220\320\277\321\200\320\265\320\273\321\214/11-04-29.md"
[2026-06-25 19:13:52]  delete mode 100644 "Life/Temp/2029/\320\220\320\277\321\200\320\265\320\273\321\214/12-04-29.md"
[2026-06-25 19:13:52]  delete mode 100644 "Life/Temp/2029/\320\220\320\277\321\200\320\265\320\273\321\214/13-04-29.md"
[2026-06-25 19:13:52]  delete mode 100644 "Life/Temp/2029/\320\220\320\277\321\200\320\265\320\273\321\214/14-04-29.md"
[2026-06-25 19:13:52]  delete mode 100644 "Life/Temp/2029/\320\220\320\277\321\200\320\265\320\273\321\214/15-04-29.md"
[2026-06-25 19:13:52]  delete mode 100644 "Life/Temp/2029/\320\220\320\277\321\200\320\265\320\273\321\214/16-04-29.md"
[2026-06-25 19:13:52]  delete mode 100644 "Life/Temp/2029/\320\220\320\277\321\200\320\265\320\273\321\214/17-04-29.md"
[2026-06-25 19:13:52]  delete mode 100644 "Life/Temp/2029/\320\220\320\277\321\200\320\265\320\273\321\214/18-04-29.md"
[2026-06-25 19:13:52]  delete mode 100644 "Life/Temp/2029/\320\220\320\277\321\200\320\265\320\273\321\214/19-04-29.md"
[2026-06-25 19:13:52]  delete mode 100644 "Life/Temp/2029/\320\220\320\277\321\200\320\265\320\273\321\214/20-04-29.md"
[2026-06-25 19:13:52]  delete mode 100644 "Life/Temp/2029/\320\220\320\277\321\200\320\265\320\273\321\214/21-04-29.md"
[2026-06-25 19:13:52]  delete mode 100644 "Life/Temp/2029/\320\220\320\277\321\200\320\265\320\273\321\214/22-04-29.md"
[2026-06-25 19:13:52]  delete mode 100644 "Life/Temp/2029/\320\220\320\277\321\200\320\265\320\273\321\214/23-04-29.md"
[2026-06-25 19:13:52]  delete mode 100644 "Life/Temp/2029/\320\220\320\277\321\200\320\265\320\273\321\214/24-04-29.md"
[2026-06-25 19:13:52]  delete mode 100644 "Life/Temp/2029/\320\220\320\277\321\200\320\265\320\273\321\214/25-04-29.md"
[2026-06-25 19:13:52]  delete mode 100644 "Life/Temp/2029/\320\220\320\277\321\200\320\265\320\273\321\214/26-04-29.md"
[2026-06-25 19:13:52]  delete mode 100644 "Life/Temp/2029/\320\220\320\277\321\200\320\265\320\273\321\214/27-04-29.md"
[2026-06-25 19:13:52]  delete mode 100644 "Life/Temp/2029/\320\220\320\277\321\200\320\265\320\273\321\214/28-04-29.md"
[2026-06-25 19:13:52]  delete mode 100644 "Life/Temp/2029/\320\220\320\277\321\200\320\265\320\273\321\214/29-04-29.md"
[2026-06-25 19:13:52]  delete mode 100644 "Life/Temp/2029/\320\220\320\277\321\200\320\265\320\273\321\214/30-04-29.md"
[2026-06-25 19:13:52]  delete mode 100644 "Life/Temp/2029/\320\224\320\265\320\272\320\260\320\261\321\200\321\214/01-12-29.md"
[2026-06-25 19:13:52]  delete mode 100644 "Life/Temp/2029/\320\224\320\265\320\272\320\260\320\261\321\200\321\214/02-12-29.md"
[2026-06-25 19:13:52]  delete mode 100644 "Life/Temp/2029/\320\224\320\265\320\272\320\260\320\261\321\200\321\214/03-12-29.md"
[2026-06-25 19:13:52]  delete mode 100644 "Life/Temp/2029/\320\224\320\265\320\272\320\260\320\261\321\200\321\214/04-12-29.md"
[2026-06-25 19:13:52]  delete mode 100644 "Life/Temp/2029/\320\224\320\265\320\272\320\260\320\261\321\200\321\214/05-12-29.md"
[2026-06-25 19:13:52]  delete mode 100644 "Life/Temp/2029/\320\224\320\265\320\272\320\260\320\261\321\200\321\214/06-12-29.md"
[2026-06-25 19:13:52]  delete mode 100644 "Life/Temp/2029/\320\224\320\265\320\272\320\260\320\261\321\200\321\214/07-12-29.md"
[2026-06-25 19:13:52]  delete mode 100644 "Life/Temp/2029/\320\224\320\265\320\272\320\260\320\261\321\200\321\214/08-12-29.md"
[2026-06-25 19:13:52]  delete mode 100644 "Life/Temp/2029/\320\224\320\265\320\272\320\260\320\261\321\200\321\214/09-12-29.md"
[2026-06-25 19:13:52]  delete mode 100644 "Life/Temp/2029/\320\224\320\265\320\272\320\260\320\261\321\200\321\214/10-12-29.md"
[2026-06-25 19:13:52]  delete mode 100644 "Life/Temp/2029/\320\224\320\265\320\272\320\260\320\261\321\200\321\214/11-12-29.md"
[2026-06-25 19:13:52]  delete mode 100644 "Life/Temp/2029/\320\224\320\265\320\272\320\260\320\261\321\200\321\214/12-12-29.md"
[2026-06-25 19:13:52]  delete mode 100644 "Life/Temp/2029/\320\224\320\265\320\272\320\260\320\261\321\200\321\214/13-12-29.md"
[2026-06-25 19:13:52]  delete mode 100644 "Life/Temp/2029/\320\224\320\265\320\272\320\260\320\261\321\200\321\214/14-12-29.md"
[2026-06-25 19:13:52]  delete mode 100644 "Life/Temp/2029/\320\224\320\265\320\272\320\260\320\261\321\200\321\214/15-12-29.md"
[2026-06-25 19:13:52]  delete mode 100644 "Life/Temp/2029/\320\224\320\265\320\272\320\260\320\261\321\200\321\214/16-12-29.md"
[2026-06-25 19:13:52]  delete mode 100644 "Life/Temp/2029/\320\224\320\265\320\272\320\260\320\261\321\200\321\214/17-12-29.md"
[2026-06-25 19:13:52]  delete mode 100644 "Life/Temp/2029/\320\224\320\265\320\272\320\260\320\261\321\200\321\214/18-12-29.md"
[2026-06-25 19:13:52]  delete mode 100644 "Life/Temp/2029/\320\224\320\265\320\272\320\260\320\261\321\200\321\214/19-12-29.md"
[2026-06-25 19:13:52]  delete mode 100644 "Life/Temp/2029/\320\224\320\265\320\272\320\260\320\261\321\200\321\214/20-12-29.md"
[2026-06-25 19:13:52]  delete mode 100644 "Life/Temp/2029/\320\224\320\265\320\272\320\260\320\261\321\200\321\214/21-12-29.md"
[2026-06-25 19:13:52]  delete mode 100644 "Life/Temp/2029/\320\224\320\265\320\272\320\260\320\261\321\200\321\214/22-12-29.md"
[2026-06-25 19:13:52]  delete mode 100644 "Life/Temp/2029/\320\224\320\265\320\272\320\260\320\261\321\200\321\214/23-12-29.md"
[2026-06-25 19:13:52]  delete mode 100644 "Life/Temp/2029/\320\224\320\265\320\272\320\260\320\261\321\200\321\214/24-12-29.md"
[2026-06-25 19:13:52]  delete mode 100644 "Life/Temp/2029/\320\224\320\265\320\272\320\260\320\261\321\200\321\214/25-12-29.md"
[2026-06-25 19:13:52]  delete mode 100644 "Life/Temp/2029/\320\224\320\265\320\272\320\260\320\261\321\200\321\214/26-12-29.md"
[2026-06-25 19:13:52]  delete mode 100644 "Life/Temp/2029/\320\224\320\265\320\272\320\260\320\261\321\200\321\214/27-12-29.md"
[2026-06-25 19:13:52]  delete mode 100644 "Life/Temp/2029/\320\224\320\265\320\272\320\260\320\261\321\200\321\214/28-12-29.md"
[2026-06-25 19:13:52]  delete mode 100644 "Life/Temp/2029/\320\224\320\265\320\272\320\260\320\261\321\200\321\214/29-12-29.md"
[2026-06-25 19:13:52]  delete mode 100644 "Life/Temp/2029/\320\224\320\265\320\272\320\260\320\261\321\200\321\214/30-12-29.md"
[2026-06-25 19:13:52]  delete mode 100644 "Life/Temp/2029/\320\224\320\265\320\272\320\260\320\261\321\200\321\214/31-12-29.md"
[2026-06-25 19:13:52]  delete mode 100644 "Life/Temp/2029/\320\230\321\216\320\273\321\214/01-07-29.md"
[2026-06-25 19:13:52]  delete mode 100644 "Life/Temp/2029/\320\230\321\216\320\273\321\214/02-07-29.md"
[2026-06-25 19:13:52]  delete mode 100644 "Life/Temp/2029/\320\230\321\216\320\273\321\214/03-07-29.md"
[2026-06-25 19:13:52]  delete mode 100644 "Life/Temp/2029/\320\230\321\216\320\273\321\214/04-07-29.md"
[2026-06-25 19:13:52]  delete mode 100644 "Life/Temp/2029/\320\230\321\216\320\273\321\214/05-07-29.md"
[2026-06-25 19:13:52]  delete mode 100644 "Life/Temp/2029/\320\230\321\216\320\273\321\214/06-07-29.md"
[2026-06-25 19:13:52]  delete mode 100644 "Life/Temp/2029/\320\230\321\216\320\273\321\214/07-07-29.md"
[2026-06-25 19:13:52]  delete mode 100644 "Life/Temp/2029/\320\230\321\216\320\273\321\214/08-07-29.md"
[2026-06-25 19:13:52]  delete mode 100644 "Life/Temp/2029/\320\230\321\216\320\273\321\214/09-07-29.md"
[2026-06-25 19:13:52]  delete mode 100644 "Life/Temp/2029/\320\230\321\216\320\273\321\214/10-07-29.md"
[2026-06-25 19:13:52]  delete mode 100644 "Life/Temp/2029/\320\230\321\216\320\273\321\214/11-07-29.md"
[2026-06-25 19:13:52]  delete mode 100644 "Life/Temp/2029/\320\230\321\216\320\273\321\214/12-07-29.md"
[2026-06-25 19:13:52]  delete mode 100644 "Life/Temp/2029/\320\230\321\216\320\273\321\214/13-07-29.md"
[2026-06-25 19:13:52]  delete mode 100644 "Life/Temp/2029/\320\230\321\216\320\273\321\214/14-07-29.md"
[2026-06-25 19:13:52]  delete mode 100644 "Life/Temp/2029/\320\230\321\216\320\273\321\214/15-07-29.md"
[2026-06-25 19:13:52]  delete mode 100644 "Life/Temp/2029/\320\230\321\216\320\273\321\214/16-07-29.md"
[2026-06-25 19:13:52]  delete mode 100644 "Life/Temp/2029/\320\230\321\216\320\273\321\214/17-07-29.md"
[2026-06-25 19:13:52]  delete mode 100644 "Life/Temp/2029/\320\230\321\216\320\273\321\214/18-07-29.md"
[2026-06-25 19:13:52]  delete mode 100644 "Life/Temp/2029/\320\230\321\216\320\273\321\214/19-07-29.md"
[2026-06-25 19:13:52]  delete mode 100644 "Life/Temp/2029/\320\230\321\216\320\273\321\214/20-07-29.md"
[2026-06-25 19:13:52]  delete mode 100644 "Life/Temp/2029/\320\230\321\216\320\273\321\214/21-07-29.md"
[2026-06-25 19:13:52]  delete mode 100644 "Life/Temp/2029/\320\230\321\216\320\273\321\214/22-07-29.md"
[2026-06-25 19:13:52]  delete mode 100644 "Life/Temp/2029/\320\230\321\216\320\273\321\214/23-07-29.md"
[2026-06-25 19:13:52]  delete mode 100644 "Life/Temp/2029/\320\230\321\216\320\273\321\214/24-07-29.md"
[2026-06-25 19:13:52]  delete mode 100644 "Life/Temp/2029/\320\230\321\216\320\273\321\214/25-07-29.md"
[2026-06-25 19:13:52]  delete mode 100644 "Life/Temp/2029/\320\230\321\216\320\273\321\214/26-07-29.md"
[2026-06-25 19:13:52]  delete mode 100644 "Life/Temp/2029/\320\230\321\216\320\273\321\214/27-07-29.md"
[2026-06-25 19:13:52]  delete mode 100644 "Life/Temp/2029/\320\230\321\216\320\273\321\214/28-07-29.md"
[2026-06-25 19:13:52]  delete mode 100644 "Life/Temp/2029/\320\230\321\216\320\273\321\214/29-07-29.md"
[2026-06-25 19:13:52]  delete mode 100644 "Life/Temp/2029/\320\230\321\216\320\273\321\214/30-07-29.md"
[2026-06-25 19:13:52]  delete mode 100644 "Life/Temp/2029/\320\230\321\216\320\273\321\214/31-07-29.md"
[2026-06-25 19:13:52]  delete mode 100644 "Life/Temp/2029/\320\230\321\216\320\275\321\214/01-06-29.md"
[2026-06-25 19:13:52]  delete mode 100644 "Life/Temp/2029/\320\230\321\216\320\275\321\214/02-06-29.md"
[2026-06-25 19:13:52]  delete mode 100644 "Life/Temp/2029/\320\230\321\216\320\275\321\214/03-06-29.md"
[2026-06-25 19:13:52]  delete mode 100644 "Life/Temp/2029/\320\230\321\216\320\275\321\214/04-06-29.md"
[2026-06-25 19:13:52]  delete mode 100644 "Life/Temp/2029/\320\230\321\216\320\275\321\214/05-06-29.md"
[2026-06-25 19:13:52]  delete mode 100644 "Life/Temp/2029/\320\230\321\216\320\275\321\214/06-06-29.md"
[2026-06-25 19:13:52]  delete mode 100644 "Life/Temp/2029/\320\230\321\216\320\275\321\214/07-06-29.md"
[2026-06-25 19:13:52]  delete mode 100644 "Life/Temp/2029/\320\230\321\216\320\275\321\214/08-06-29.md"
[2026-06-25 19:13:52]  delete mode 100644 "Life/Temp/2029/\320\230\321\216\320\275\321\214/09-06-29.md"
[2026-06-25 19:13:52]  delete mode 100644 "Life/Temp/2029/\320\230\321\216\320\275\321\214/10-06-29.md"
[2026-06-25 19:13:52]  delete mode 100644 "Life/Temp/2029/\320\230\321\216\320\275\321\214/11-06-29.md"
[2026-06-25 19:13:52]  delete mode 100644 "Life/Temp/2029/\320\230\321\216\320\275\321\214/12-06-29.md"
[2026-06-25 19:13:52]  delete mode 100644 "Life/Temp/2029/\320\230\321\216\320\275\321\214/13-06-29.md"
[2026-06-25 19:13:52]  delete mode 100644 "Life/Temp/2029/\320\230\321\216\320\275\321\214/14-06-29.md"
[2026-06-25 19:13:52]  delete mode 100644 "Life/Temp/2029/\320\230\321\216\320\275\321\214/15-06-29.md"
[2026-06-25 19:13:52]  delete mode 100644 "Life/Temp/2029/\320\230\321\216\320\275\321\214/16-06-29.md"
[2026-06-25 19:13:52]  delete mode 100644 "Life/Temp/2029/\320\230\321\216\320\275\321\214/17-06-29.md"
[2026-06-25 19:13:52]  delete mode 100644 "Life/Temp/2029/\320\230\321\216\320\275\321\214/18-06-29.md"
[2026-06-25 19:13:52]  delete mode 100644 "Life/Temp/2029/\320\230\321\216\320\275\321\214/19-06-29.md"
[2026-06-25 19:13:52]  delete mode 100644 "Life/Temp/2029/\320\230\321\216\320\275\321\214/20-06-29.md"
[2026-06-25 19:13:52]  delete mode 100644 "Life/Temp/2029/\320\230\321\216\320\275\321\214/21-06-29.md"
[2026-06-25 19:13:52]  delete mode 100644 "Life/Temp/2029/\320\230\321\216\320\275\321\214/22-06-29.md"
[2026-06-25 19:13:52]  delete mode 100644 "Life/Temp/2029/\320\230\321\216\320\275\321\214/23-06-29.md"
[2026-06-25 19:13:52]  delete mode 100644 "Life/Temp/2029/\320\230\321\216\320\275\321\214/24-06-29.md"
[2026-06-25 19:13:52]  delete mode 100644 "Life/Temp/2029/\320\230\321\216\320\275\321\214/25-06-29.md"
[2026-06-25 19:13:52]  delete mode 100644 "Life/Temp/2029/\320\230\321\216\320\275\321\214/26-06-29.md"
[2026-06-25 19:13:52]  delete mode 100644 "Life/Temp/2029/\320\230\321\216\320\275\321\214/27-06-29.md"
[2026-06-25 19:13:52]  delete mode 100644 "Life/Temp/2029/\320\230\321\216\320\275\321\214/28-06-29.md"
[2026-06-25 19:13:52]  delete mode 100644 "Life/Temp/2029/\320\230\321\216\320\275\321\214/29-06-29.md"
[2026-06-25 19:13:52]  delete mode 100644 "Life/Temp/2029/\320\230\321\216\320\275\321\214/30-06-29.md"
[2026-06-25 19:13:52]  delete mode 100644 "Life/Temp/2029/\320\234\320\260\320\271/01-05-29.md"
[2026-06-25 19:13:52]  delete mode 100644 "Life/Temp/2029/\320\234\320\260\320\271/02-05-29.md"
[2026-06-25 19:13:52]  delete mode 100644 "Life/Temp/2029/\320\234\320\260\320\271/03-05-29.md"
[2026-06-25 19:13:52]  delete mode 100644 "Life/Temp/2029/\320\234\320\260\320\271/04-05-29.md"
[2026-06-25 19:13:52]  delete mode 100644 "Life/Temp/2029/\320\234\320\260\320\271/05-05-29.md"
[2026-06-25 19:13:52]  delete mode 100644 "Life/Temp/2029/\320\234\320\260\320\271/06-05-29.md"
[2026-06-25 19:13:52]  delete mode 100644 "Life/Temp/2029/\320\234\320\260\320\271/07-05-29.md"
[2026-06-25 19:13:52]  delete mode 100644 "Life/Temp/2029/\320\234\320\260\320\271/08-05-29.md"
[2026-06-25 19:13:52]  delete mode 100644 "Life/Temp/2029/\320\234\320\260\320\271/09-05-29.md"
[2026-06-25 19:13:52]  delete mode 100644 "Life/Temp/2029/\320\234\320\260\320\271/10-05-29.md"
[2026-06-25 19:13:52]  delete mode 100644 "Life/Temp/2029/\320\234\320\260\320\271/11-05-29.md"
[2026-06-25 19:13:52]  delete mode 100644 "Life/Temp/2029/\320\234\320\260\320\271/12-05-29.md"
[2026-06-25 19:13:52]  delete mode 100644 "Life/Temp/2029/\320\234\320\260\320\271/13-05-29.md"
[2026-06-25 19:13:52]  delete mode 100644 "Life/Temp/2029/\320\234\320\260\320\271/14-05-29.md"
[2026-06-25 19:13:52]  delete mode 100644 "Life/Temp/2029/\320\234\320\260\320\271/15-05-29.md"
[2026-06-25 19:13:52]  delete mode 100644 "Life/Temp/2029/\320\234\320\260\320\271/16-05-29.md"
[2026-06-25 19:13:52]  delete mode 100644 "Life/Temp/2029/\320\234\320\260\320\271/17-05-29.md"
[2026-06-25 19:13:52]  delete mode 100644 "Life/Temp/2029/\320\234\320\260\320\271/18-05-29.md"
[2026-06-25 19:13:52]  delete mode 100644 "Life/Temp/2029/\320\234\320\260\320\271/19-05-29.md"
[2026-06-25 19:13:52]  delete mode 100644 "Life/Temp/2029/\320\234\320\260\320\271/20-05-29.md"
[2026-06-25 19:13:52]  delete mode 100644 "Life/Temp/2029/\320\234\320\260\320\271/21-05-29.md"
[2026-06-25 19:13:52]  delete mode 100644 "Life/Temp/2029/\320\234\320\260\320\271/22-05-29.md"
[2026-06-25 19:13:52]  delete mode 100644 "Life/Temp/2029/\320\234\320\260\320\271/23-05-29.md"
[2026-06-25 19:13:52]  delete mode 100644 "Life/Temp/2029/\320\234\320\260\320\271/24-05-29.md"
[2026-06-25 19:13:52]  delete mode 100644 "Life/Temp/2029/\320\234\320\260\320\271/25-05-29.md"
[2026-06-25 19:13:52]  delete mode 100644 "Life/Temp/2029/\320\234\320\260\320\271/26-05-29.md"
[2026-06-25 19:13:52]  delete mode 100644 "Life/Temp/2029/\320\234\320\260\320\271/27-05-29.md"
[2026-06-25 19:13:52]  delete mode 100644 "Life/Temp/2029/\320\234\320\260\320\271/28-05-29.md"
[2026-06-25 19:13:52]  delete mode 100644 "Life/Temp/2029/\320\234\320\260\320\271/29-05-29.md"
[2026-06-25 19:13:52]  delete mode 100644 "Life/Temp/2029/\320\234\320\260\320\271/30-05-29.md"
[2026-06-25 19:13:52]  delete mode 100644 "Life/Temp/2029/\320\234\320\260\320\271/31-05-29.md"
[2026-06-25 19:13:52]  delete mode 100644 "Life/Temp/2029/\320\234\320\260\321\200\321\202/01-03-29.md"
[2026-06-25 19:13:52]  delete mode 100644 "Life/Temp/2029/\320\234\320\260\321\200\321\202/02-03-29.md"
[2026-06-25 19:13:52]  delete mode 100644 "Life/Temp/2029/\320\234\320\260\321\200\321\202/03-03-29.md"
[2026-06-25 19:13:52]  delete mode 100644 "Life/Temp/2029/\320\234\320\260\321\200\321\202/04-03-29.md"
[2026-06-25 19:13:52]  delete mode 100644 "Life/Temp/2029/\320\234\320\260\321\200\321\202/05-03-29.md"
[2026-06-25 19:13:52]  delete mode 100644 "Life/Temp/2029/\320\234\320\260\321\200\321\202/06-03-29.md"
[2026-06-25 19:13:52]  delete mode 100644 "Life/Temp/2029/\320\234\320\260\321\200\321\202/07-03-29.md"
[2026-06-25 19:13:52]  delete mode 100644 "Life/Temp/2029/\320\234\320\260\321\200\321\202/08-03-29.md"
[2026-06-25 19:13:52]  delete mode 100644 "Life/Temp/2029/\320\234\320\260\321\200\321\202/09-03-29.md"
[2026-06-25 19:13:52]  delete mode 100644 "Life/Temp/2029/\320\234\320\260\321\200\321\202/10-03-29.md"
[2026-06-25 19:13:52]  delete mode 100644 "Life/Temp/2029/\320\234\320\260\321\200\321\202/11-03-29.md"
[2026-06-25 19:13:52]  delete mode 100644 "Life/Temp/2029/\320\234\320\260\321\200\321\202/12-03-29.md"
[2026-06-25 19:13:52]  delete mode 100644 "Life/Temp/2029/\320\234\320\260\321\200\321\202/13-03-29.md"
[2026-06-25 19:13:52]  delete mode 100644 "Life/Temp/2029/\320\234\320\260\321\200\321\202/14-03-29.md"
[2026-06-25 19:13:52]  delete mode 100644 "Life/Temp/2029/\320\234\320\260\321\200\321\202/15-03-29.md"
[2026-06-25 19:13:52]  delete mode 100644 "Life/Temp/2029/\320\234\320\260\321\200\321\202/16-03-29.md"
[2026-06-25 19:13:52]  delete mode 100644 "Life/Temp/2029/\320\234\320\260\321\200\321\202/17-03-29.md"
[2026-06-25 19:13:52]  delete mode 100644 "Life/Temp/2029/\320\234\320\260\321\200\321\202/18-03-29.md"
[2026-06-25 19:13:52]  delete mode 100644 "Life/Temp/2029/\320\234\320\260\321\200\321\202/19-03-29.md"
[2026-06-25 19:13:52]  delete mode 100644 "Life/Temp/2029/\320\234\320\260\321\200\321\202/20-03-29.md"
[2026-06-25 19:13:52]  delete mode 100644 "Life/Temp/2029/\320\234\320\260\321\200\321\202/21-03-29.md"
[2026-06-25 19:13:52]  delete mode 100644 "Life/Temp/2029/\320\234\320\260\321\200\321\202/22-03-29.md"
[2026-06-25 19:13:52]  delete mode 100644 "Life/Temp/2029/\320\234\320\260\321\200\321\202/23-03-29.md"
[2026-06-25 19:13:52]  delete mode 100644 "Life/Temp/2029/\320\234\320\260\321\200\321\202/24-03-29.md"
[2026-06-25 19:13:52]  delete mode 100644 "Life/Temp/2029/\320\234\320\260\321\200\321\202/25-03-29.md"
[2026-06-25 19:13:52]  delete mode 100644 "Life/Temp/2029/\320\234\320\260\321\200\321\202/26-03-29.md"
[2026-06-25 19:13:52]  delete mode 100644 "Life/Temp/2029/\320\234\320\260\321\200\321\202/27-03-29.md"
[2026-06-25 19:13:52]  delete mode 100644 "Life/Temp/2029/\320\234\320\260\321\200\321\202/28-03-29.md"
[2026-06-25 19:13:52]  delete mode 100644 "Life/Temp/2029/\320\234\320\260\321\200\321\202/29-03-29.md"
[2026-06-25 19:13:52]  delete mode 100644 "Life/Temp/2029/\320\234\320\260\321\200\321\202/30-03-29.md"
[2026-06-25 19:13:52]  delete mode 100644 "Life/Temp/2029/\320\234\320\260\321\200\321\202/31-03-29.md"
[2026-06-25 19:13:52]  delete mode 100644 "Life/Temp/2029/\320\235\320\276\321\217\320\261\321\200\321\214/01-11-29.md"
[2026-06-25 19:13:52]  delete mode 100644 "Life/Temp/2029/\320\235\320\276\321\217\320\261\321\200\321\214/02-11-29.md"
[2026-06-25 19:13:52]  delete mode 100644 "Life/Temp/2029/\320\235\320\276\321\217\320\261\321\200\321\214/03-11-29.md"
[2026-06-25 19:13:52]  delete mode 100644 "Life/Temp/2029/\320\235\320\276\321\217\320\261\321\200\321\214/04-11-29.md"
[2026-06-25 19:13:52]  delete mode 100644 "Life/Temp/2029/\320\235\320\276\321\217\320\261\321\200\321\214/05-11-29.md"
[2026-06-25 19:13:52]  delete mode 100644 "Life/Temp/2029/\320\235\320\276\321\217\320\261\321\200\321\214/06-11-29.md"
[2026-06-25 19:13:52]  delete mode 100644 "Life/Temp/2029/\320\235\320\276\321\217\320\261\321\200\321\214/07-11-29.md"
[2026-06-25 19:13:52]  delete mode 100644 "Life/Temp/2029/\320\235\320\276\321\217\320\261\321\200\321\214/08-11-29.md"
[2026-06-25 19:13:52]  delete mode 100644 "Life/Temp/2029/\320\235\320\276\321\217\320\261\321\200\321\214/09-11-29.md"
[2026-06-25 19:13:52]  delete mode 100644 "Life/Temp/2029/\320\235\320\276\321\217\320\261\321\200\321\214/10-11-29.md"
[2026-06-25 19:13:52]  delete mode 100644 "Life/Temp/2029/\320\235\320\276\321\217\320\261\321\200\321\214/11-11-29.md"
[2026-06-25 19:13:52]  delete mode 100644 "Life/Temp/2029/\320\235\320\276\321\217\320\261\321\200\321\214/12-11-29.md"
[2026-06-25 19:13:52]  delete mode 100644 "Life/Temp/2029/\320\235\320\276\321\217\320\261\321\200\321\214/13-11-29.md"
[2026-06-25 19:13:52]  delete mode 100644 "Life/Temp/2029/\320\235\320\276\321\217\320\261\321\200\321\214/14-11-29.md"
[2026-06-25 19:13:52]  delete mode 100644 "Life/Temp/2029/\320\235\320\276\321\217\320\261\321\200\321\214/15-11-29.md"
[2026-06-25 19:13:52]  delete mode 100644 "Life/Temp/2029/\320\235\320\276\321\217\320\261\321\200\321\214/16-11-29.md"
[2026-06-25 19:13:52]  delete mode 100644 "Life/Temp/2029/\320\235\320\276\321\217\320\261\321\200\321\214/17-11-29.md"
[2026-06-25 19:13:52]  delete mode 100644 "Life/Temp/2029/\320\235\320\276\321\217\320\261\321\200\321\214/18-11-29.md"
[2026-06-25 19:13:52]  delete mode 100644 "Life/Temp/2029/\320\235\320\276\321\217\320\261\321\200\321\214/19-11-29.md"
[2026-06-25 19:13:52]  delete mode 100644 "Life/Temp/2029/\320\235\320\276\321\217\320\261\321\200\321\214/20-11-29.md"
[2026-06-25 19:13:52]  delete mode 100644 "Life/Temp/2029/\320\235\320\276\321\217\320\261\321\200\321\214/21-11-29.md"
[2026-06-25 19:13:52]  delete mode 100644 "Life/Temp/2029/\320\235\320\276\321\217\320\261\321\200\321\214/22-11-29.md"
[2026-06-25 19:13:52]  delete mode 100644 "Life/Temp/2029/\320\235\320\276\321\217\320\261\321\200\321\214/23-11-29.md"
[2026-06-25 19:13:52]  delete mode 100644 "Life/Temp/2029/\320\235\320\276\321\217\320\261\321\200\321\214/24-11-29.md"
[2026-06-25 19:13:52]  delete mode 100644 "Life/Temp/2029/\320\235\320\276\321\217\320\261\321\200\321\214/25-11-29.md"
[2026-06-25 19:13:52]  delete mode 100644 "Life/Temp/2029/\320\235\320\276\321\217\320\261\321\200\321\214/26-11-29.md"
[2026-06-25 19:13:52]  delete mode 100644 "Life/Temp/2029/\320\235\320\276\321\217\320\261\321\200\321\214/27-11-29.md"
[2026-06-25 19:13:52]  delete mode 100644 "Life/Temp/2029/\320\235\320\276\321\217\320\261\321\200\321\214/28-11-29.md"
[2026-06-25 19:13:52]  delete mode 100644 "Life/Temp/2029/\320\235\320\276\321\217\320\261\321\200\321\214/29-11-29.md"
[2026-06-25 19:13:52]  delete mode 100644 "Life/Temp/2029/\320\235\320\276\321\217\320\261\321\200\321\214/30-11-29.md"
[2026-06-25 19:13:52]  delete mode 100644 "Life/Temp/2029/\320\236\320\272\321\202\321\217\320\261\321\200\321\214/01-10-29.md"
[2026-06-25 19:13:52]  delete mode 100644 "Life/Temp/2029/\320\236\320\272\321\202\321\217\320\261\321\200\321\214/02-10-29.md"
[2026-06-25 19:13:52]  delete mode 100644 "Life/Temp/2029/\320\236\320\272\321\202\321\217\320\261\321\200\321\214/03-10-29.md"
[2026-06-25 19:13:52]  delete mode 100644 "Life/Temp/2029/\320\236\320\272\321\202\321\217\320\261\321\200\321\214/04-10-29.md"
[2026-06-25 19:13:52]  delete mode 100644 "Life/Temp/2029/\320\236\320\272\321\202\321\217\320\261\321\200\321\214/05-10-29.md"
[2026-06-25 19:13:52]  delete mode 100644 "Life/Temp/2029/\320\236\320\272\321\202\321\217\320\261\321\200\321\214/06-10-29.md"
[2026-06-25 19:13:52]  delete mode 100644 "Life/Temp/2029/\320\236\320\272\321\202\321\217\320\261\321\200\321\214/07-10-29.md"
[2026-06-25 19:13:52]  delete mode 100644 "Life/Temp/2029/\320\236\320\272\321\202\321\217\320\261\321\200\321\214/08-10-29.md"
[2026-06-25 19:13:52]  delete mode 100644 "Life/Temp/2029/\320\236\320\272\321\202\321\217\320\261\321\200\321\214/09-10-29.md"
[2026-06-25 19:13:52]  delete mode 100644 "Life/Temp/2029/\320\236\320\272\321\202\321\217\320\261\321\200\321\214/10-10-29.md"
[2026-06-25 19:13:52]  delete mode 100644 "Life/Temp/2029/\320\236\320\272\321\202\321\217\320\261\321\200\321\214/11-10-29.md"
[2026-06-25 19:13:52]  delete mode 100644 "Life/Temp/2029/\320\236\320\272\321\202\321\217\320\261\321\200\321\214/12-10-29.md"
[2026-06-25 19:13:52]  delete mode 100644 "Life/Temp/2029/\320\236\320\272\321\202\321\217\320\261\321\200\321\214/13-10-29.md"
[2026-06-25 19:13:52]  delete mode 100644 "Life/Temp/2029/\320\236\320\272\321\202\321\217\320\261\321\200\321\214/14-10-29.md"
[2026-06-25 19:13:52]  delete mode 100644 "Life/Temp/2029/\320\236\320\272\321\202\321\217\320\261\321\200\321\214/15-10-29.md"
[2026-06-25 19:13:52]  delete mode 100644 "Life/Temp/2029/\320\236\320\272\321\202\321\217\320\261\321\200\321\214/16-10-29.md"
[2026-06-25 19:13:52]  delete mode 100644 "Life/Temp/2029/\320\236\320\272\321\202\321\217\320\261\321\200\321\214/17-10-29.md"
[2026-06-25 19:13:52]  delete mode 100644 "Life/Temp/2029/\320\236\320\272\321\202\321\217\320\261\321\200\321\214/18-10-29.md"
[2026-06-25 19:13:52]  delete mode 100644 "Life/Temp/2029/\320\236\320\272\321\202\321\217\320\261\321\200\321\214/19-10-29.md"
[2026-06-25 19:13:52]  delete mode 100644 "Life/Temp/2029/\320\236\320\272\321\202\321\217\320\261\321\200\321\214/20-10-29.md"
[2026-06-25 19:13:52]  delete mode 100644 "Life/Temp/2029/\320\236\320\272\321\202\321\217\320\261\321\200\321\214/21-10-29.md"
[2026-06-25 19:13:52]  delete mode 100644 "Life/Temp/2029/\320\236\320\272\321\202\321\217\320\261\321\200\321\214/22-10-29.md"
[2026-06-25 19:13:52]  delete mode 100644 "Life/Temp/2029/\320\236\320\272\321\202\321\217\320\261\321\200\321\214/23-10-29.md"
[2026-06-25 19:13:52]  delete mode 100644 "Life/Temp/2029/\320\236\320\272\321\202\321\217\320\261\321\200\321\214/24-10-29.md"
[2026-06-25 19:13:52]  delete mode 100644 "Life/Temp/2029/\320\236\320\272\321\202\321\217\320\261\321\200\321\214/25-10-29.md"
[2026-06-25 19:13:52]  delete mode 100644 "Life/Temp/2029/\320\236\320\272\321\202\321\217\320\261\321\200\321\214/26-10-29.md"
[2026-06-25 19:13:52]  delete mode 100644 "Life/Temp/2029/\320\236\320\272\321\202\321\217\320\261\321\200\321\214/27-10-29.md"
[2026-06-25 19:13:52]  delete mode 100644 "Life/Temp/2029/\320\236\320\272\321\202\321\217\320\261\321\200\321\214/28-10-29.md"
[2026-06-25 19:13:52]  delete mode 100644 "Life/Temp/2029/\320\236\320\272\321\202\321\217\320\261\321\200\321\214/29-10-29.md"
[2026-06-25 19:13:52]  delete mode 100644 "Life/Temp/2029/\320\236\320\272\321\202\321\217\320\261\321\200\321\214/30-10-29.md"
[2026-06-25 19:13:52]  delete mode 100644 "Life/Temp/2029/\320\236\320\272\321\202\321\217\320\261\321\200\321\214/31-10-29.md"
[2026-06-25 19:13:52]  delete mode 100644 "Life/Temp/2029/\320\241\320\265\320\275\321\202\321\217\320\261\321\200\321\214/01-09-29.md"
[2026-06-25 19:13:52]  delete mode 100644 "Life/Temp/2029/\320\241\320\265\320\275\321\202\321\217\320\261\321\200\321\214/02-09-29.md"
[2026-06-25 19:13:52]  delete mode 100644 "Life/Temp/2029/\320\241\320\265\320\275\321\202\321\217\320\261\321\200\321\214/03-09-29.md"
[2026-06-25 19:13:52]  delete mode 100644 "Life/Temp/2029/\320\241\320\265\320\275\321\202\321\217\320\261\321\200\321\214/04-09-29.md"
[2026-06-25 19:13:52]  delete mode 100644 "Life/Temp/2029/\320\241\320\265\320\275\321\202\321\217\320\261\321\200\321\214/05-09-29.md"
[2026-06-25 19:13:52]  delete mode 100644 "Life/Temp/2029/\320\241\320\265\320\275\321\202\321\217\320\261\321\200\321\214/06-09-29.md"
[2026-06-25 19:13:52]  delete mode 100644 "Life/Temp/2029/\320\241\320\265\320\275\321\202\321\217\320\261\321\200\321\214/07-09-29.md"
[2026-06-25 19:13:52]  delete mode 100644 "Life/Temp/2029/\320\241\320\265\320\275\321\202\321\217\320\261\321\200\321\214/08-09-29.md"
[2026-06-25 19:13:52]  delete mode 100644 "Life/Temp/2029/\320\241\320\265\320\275\321\202\321\217\320\261\321\200\321\214/09-09-29.md"
[2026-06-25 19:13:52]  delete mode 100644 "Life/Temp/2029/\320\241\320\265\320\275\321\202\321\217\320\261\321\200\321\214/10-09-29.md"
[2026-06-25 19:13:52]  delete mode 100644 "Life/Temp/2029/\320\241\320\265\320\275\321\202\321\217\320\261\321\200\321\214/11-09-29.md"
[2026-06-25 19:13:52]  delete mode 100644 "Life/Temp/2029/\320\241\320\265\320\275\321\202\321\217\320\261\321\200\321\214/12-09-29.md"
[2026-06-25 19:13:52]  delete mode 100644 "Life/Temp/2029/\320\241\320\265\320\275\321\202\321\217\320\261\321\200\321\214/13-09-29.md"
[2026-06-25 19:13:52]  delete mode 100644 "Life/Temp/2029/\320\241\320\265\320\275\321\202\321\217\320\261\321\200\321\214/14-09-29.md"
[2026-06-25 19:13:52]  delete mode 100644 "Life/Temp/2029/\320\241\320\265\320\275\321\202\321\217\320\261\321\200\321\214/15-09-29.md"
[2026-06-25 19:13:52]  delete mode 100644 "Life/Temp/2029/\320\241\320\265\320\275\321\202\321\217\320\261\321\200\321\214/16-09-29.md"
[2026-06-25 19:13:52]  delete mode 100644 "Life/Temp/2029/\320\241\320\265\320\275\321\202\321\217\320\261\321\200\321\214/17-09-29.md"
[2026-06-25 19:13:52]  delete mode 100644 "Life/Temp/2029/\320\241\320\265\320\275\321\202\321\217\320\261\321\200\321\214/18-09-29.md"
[2026-06-25 19:13:52]  delete mode 100644 "Life/Temp/2029/\320\241\320\265\320\275\321\202\321\217\320\261\321\200\321\214/19-09-29.md"
[2026-06-25 19:13:52]  delete mode 100644 "Life/Temp/2029/\320\241\320\265\320\275\321\202\321\217\320\261\321\200\321\214/20-09-29.md"
[2026-06-25 19:13:52]  delete mode 100644 "Life/Temp/2029/\320\241\320\265\320\275\321\202\321\217\320\261\321\200\321\214/21-09-29.md"
[2026-06-25 19:13:52]  delete mode 100644 "Life/Temp/2029/\320\241\320\265\320\275\321\202\321\217\320\261\321\200\321\214/22-09-29.md"
[2026-06-25 19:13:52]  delete mode 100644 "Life/Temp/2029/\320\241\320\265\320\275\321\202\321\217\320\261\321\200\321\214/23-09-29.md"
[2026-06-25 19:13:52]  delete mode 100644 "Life/Temp/2029/\320\241\320\265\320\275\321\202\321\217\320\261\321\200\321\214/24-09-29.md"
[2026-06-25 19:13:52]  delete mode 100644 "Life/Temp/2029/\320\241\320\265\320\275\321\202\321\217\320\261\321\200\321\214/25-09-29.md"
[2026-06-25 19:13:52]  delete mode 100644 "Life/Temp/2029/\320\241\320\265\320\275\321\202\321\217\320\261\321\200\321\214/26-09-29.md"
[2026-06-25 19:13:52]  delete mode 100644 "Life/Temp/2029/\320\241\320\265\320\275\321\202\321\217\320\261\321\200\321\214/27-09-29.md"
[2026-06-25 19:13:52]  delete mode 100644 "Life/Temp/2029/\320\241\320\265\320\275\321\202\321\217\320\261\321\200\321\214/28-09-29.md"
[2026-06-25 19:13:52]  delete mode 100644 "Life/Temp/2029/\320\241\320\265\320\275\321\202\321\217\320\261\321\200\321\214/29-09-29.md"
[2026-06-25 19:13:52]  delete mode 100644 "Life/Temp/2029/\320\241\320\265\320\275\321\202\321\217\320\261\321\200\321\214/30-09-29.md"
[2026-06-25 19:13:52]  delete mode 100644 "Life/Temp/2029/\320\244\320\265\320\262\321\200\320\260\320\273\321\214/01-02-29.md"
[2026-06-25 19:13:52]  delete mode 100644 "Life/Temp/2029/\320\244\320\265\320\262\321\200\320\260\320\273\321\214/02-02-29.md"
[2026-06-25 19:13:52]  delete mode 100644 "Life/Temp/2029/\320\244\320\265\320\262\321\200\320\260\320\273\321\214/03-02-29.md"
[2026-06-25 19:13:52]  delete mode 100644 "Life/Temp/2029/\320\244\320\265\320\262\321\200\320\260\320\273\321\214/04-02-29.md"
[2026-06-25 19:13:52]  delete mode 100644 "Life/Temp/2029/\320\244\320\265\320\262\321\200\320\260\320\273\321\214/05-02-29.md"
[2026-06-25 19:13:52]  delete mode 100644 "Life/Temp/2029/\320\244\320\265\320\262\321\200\320\260\320\273\321\214/06-02-29.md"
[2026-06-25 19:13:52]  delete mode 100644 "Life/Temp/2029/\320\244\320\265\320\262\321\200\320\260\320\273\321\214/07-02-29.md"
[2026-06-25 19:13:52]  delete mode 100644 "Life/Temp/2029/\320\244\320\265\320\262\321\200\320\260\320\273\321\214/08-02-29.md"
[2026-06-25 19:13:52]  delete mode 100644 "Life/Temp/2029/\320\244\320\265\320\262\321\200\320\260\320\273\321\214/09-02-29.md"
[2026-06-25 19:13:52]  delete mode 100644 "Life/Temp/2029/\320\244\320\265\320\262\321\200\320\260\320\273\321\214/10-02-29.md"
[2026-06-25 19:13:52]  delete mode 100644 "Life/Temp/2029/\320\244\320\265\320\262\321\200\320\260\320\273\321\214/11-02-29.md"
[2026-06-25 19:13:52]  delete mode 100644 "Life/Temp/2029/\320\244\320\265\320\262\321\200\320\260\320\273\321\214/12-02-29.md"
[2026-06-25 19:13:52]  delete mode 100644 "Life/Temp/2029/\320\244\320\265\320\262\321\200\320\260\320\273\321\214/13-02-29.md"
[2026-06-25 19:13:52]  delete mode 100644 "Life/Temp/2029/\320\244\320\265\320\262\321\200\320\260\320\273\321\214/14-02-29.md"
[2026-06-25 19:13:52]  delete mode 100644 "Life/Temp/2029/\320\244\320\265\320\262\321\200\320\260\320\273\321\214/15-02-29.md"
[2026-06-25 19:13:52]  delete mode 100644 "Life/Temp/2029/\320\244\320\265\320\262\321\200\320\260\320\273\321\214/16-02-29.md"
[2026-06-25 19:13:52]  delete mode 100644 "Life/Temp/2029/\320\244\320\265\320\262\321\200\320\260\320\273\321\214/17-02-29.md"
[2026-06-25 19:13:52]  delete mode 100644 "Life/Temp/2029/\320\244\320\265\320\262\321\200\320\260\320\273\321\214/18-02-29.md"
[2026-06-25 19:13:52]  delete mode 100644 "Life/Temp/2029/\320\244\320\265\320\262\321\200\320\260\320\273\321\214/19-02-29.md"
[2026-06-25 19:13:52]  delete mode 100644 "Life/Temp/2029/\320\244\320\265\320\262\321\200\320\260\320\273\321\214/20-02-29.md"
[2026-06-25 19:13:52]  delete mode 100644 "Life/Temp/2029/\320\244\320\265\320\262\321\200\320\260\320\273\321\214/21-02-29.md"
[2026-06-25 19:13:52]  delete mode 100644 "Life/Temp/2029/\320\244\320\265\320\262\321\200\320\260\320\273\321\214/22-02-29.md"
[2026-06-25 19:13:52]  delete mode 100644 "Life/Temp/2029/\320\244\320\265\320\262\321\200\320\260\320\273\321\214/23-02-29.md"
[2026-06-25 19:13:52]  delete mode 100644 "Life/Temp/2029/\320\244\320\265\320\262\321\200\320\260\320\273\321\214/24-02-29.md"
[2026-06-25 19:13:52]  delete mode 100644 "Life/Temp/2029/\320\244\320\265\320\262\321\200\320\260\320\273\321\214/25-02-29.md"
[2026-06-25 19:13:52]  delete mode 100644 "Life/Temp/2029/\320\244\320\265\320\262\321\200\320\260\320\273\321\214/26-02-29.md"
[2026-06-25 19:13:52]  delete mode 100644 "Life/Temp/2029/\320\244\320\265\320\262\321\200\320\260\320\273\321\214/27-02-29.md"
[2026-06-25 19:13:52]  delete mode 100644 "Life/Temp/2029/\320\244\320\265\320\262\321\200\320\260\320\273\321\214/28-02-29.md"
[2026-06-25 19:13:52]  delete mode 100644 "Life/Temp/2029/\320\257\320\275\320\262\320\260\321\200\321\214/01-01-29.md"
[2026-06-25 19:13:52]  delete mode 100644 "Life/Temp/2029/\320\257\320\275\320\262\320\260\321\200\321\214/02-01-29.md"
[2026-06-25 19:13:52]  delete mode 100644 "Life/Temp/2029/\320\257\320\275\320\262\320\260\321\200\321\214/03-01-29.md"
[2026-06-25 19:13:52]  delete mode 100644 "Life/Temp/2029/\320\257\320\275\320\262\320\260\321\200\321\214/04-01-29.md"
[2026-06-25 19:13:52]  delete mode 100644 "Life/Temp/2029/\320\257\320\275\320\262\320\260\321\200\321\214/05-01-29.md"
[2026-06-25 19:13:52]  delete mode 100644 "Life/Temp/2029/\320\257\320\275\320\262\320\260\321\200\321\214/06-01-29.md"
[2026-06-25 19:13:52]  delete mode 100644 "Life/Temp/2029/\320\257\320\275\320\262\320\260\321\200\321\214/07-01-29.md"
[2026-06-25 19:13:52]  delete mode 100644 "Life/Temp/2029/\320\257\320\275\320\262\320\260\321\200\321\214/08-01-29.md"
[2026-06-25 19:13:52]  delete mode 100644 "Life/Temp/2029/\320\257\320\275\320\262\320\260\321\200\321\214/09-01-29.md"
[2026-06-25 19:13:52]  delete mode 100644 "Life/Temp/2029/\320\257\320\275\320\262\320\260\321\200\321\214/10-01-29.md"
[2026-06-25 19:13:52]  delete mode 100644 "Life/Temp/2029/\320\257\320\275\320\262\320\260\321\200\321\214/11-01-29.md"
[2026-06-25 19:13:52]  delete mode 100644 "Life/Temp/2029/\320\257\320\275\320\262\320\260\321\200\321\214/12-01-29.md"
[2026-06-25 19:13:52]  delete mode 100644 "Life/Temp/2029/\320\257\320\275\320\262\320\260\321\200\321\214/13-01-29.md"
[2026-06-25 19:13:52]  delete mode 100644 "Life/Temp/2029/\320\257\320\275\320\262\320\260\321\200\321\214/14-01-29.md"
[2026-06-25 19:13:52]  delete mode 100644 "Life/Temp/2029/\320\257\320\275\320\262\320\260\321\200\321\214/15-01-29.md"
[2026-06-25 19:13:52]  delete mode 100644 "Life/Temp/2029/\320\257\320\275\320\262\320\260\321\200\321\214/16-01-29.md"
[2026-06-25 19:13:52]  delete mode 100644 "Life/Temp/2029/\320\257\320\275\320\262\320\260\321\200\321\214/17-01-29.md"
[2026-06-25 19:13:52]  delete mode 100644 "Life/Temp/2029/\320\257\320\275\320\262\320\260\321\200\321\214/18-01-29.md"
[2026-06-25 19:13:52]  delete mode 100644 "Life/Temp/2029/\320\257\320\275\320\262\320\260\321\200\321\214/19-01-29.md"
[2026-06-25 19:13:52]  delete mode 100644 "Life/Temp/2029/\320\257\320\275\320\262\320\260\321\200\321\214/20-01-29.md"
[2026-06-25 19:13:52]  delete mode 100644 "Life/Temp/2029/\320\257\320\275\320\262\320\260\321\200\321\214/21-01-29.md"
[2026-06-25 19:13:52]  delete mode 100644 "Life/Temp/2029/\320\257\320\275\320\262\320\260\321\200\321\214/22-01-29.md"
[2026-06-25 19:13:52]  delete mode 100644 "Life/Temp/2029/\320\257\320\275\320\262\320\260\321\200\321\214/23-01-29.md"
[2026-06-25 19:13:52]  delete mode 100644 "Life/Temp/2029/\320\257\320\275\320\262\320\260\321\200\321\214/24-01-29.md"
[2026-06-25 19:13:52]  delete mode 100644 "Life/Temp/2029/\320\257\320\275\320\262\320\260\321\200\321\214/25-01-29.md"
[2026-06-25 19:13:52]  delete mode 100644 "Life/Temp/2029/\320\257\320\275\320\262\320\260\321\200\321\214/26-01-29.md"
[2026-06-25 19:13:52]  delete mode 100644 "Life/Temp/2029/\320\257\320\275\320\262\320\260\321\200\321\214/27-01-29.md"
[2026-06-25 19:13:52]  delete mode 100644 "Life/Temp/2029/\320\257\320\275\320\262\320\260\321\200\321\214/28-01-29.md"
[2026-06-25 19:13:52]  delete mode 100644 "Life/Temp/2029/\320\257\320\275\320\262\320\260\321\200\321\214/29-01-29.md"
[2026-06-25 19:13:52]  delete mode 100644 "Life/Temp/2029/\320\257\320\275\320\262\320\260\321\200\321\214/30-01-29.md"
[2026-06-25 19:13:52]  delete mode 100644 "Life/Temp/2029/\320\257\320\275\320\262\320\260\321\200\321\214/31-01-29.md"
[2026-06-25 19:13:52]  delete mode 100644 "Life/Temp/2030/\320\220\320\262\320\263\321\203\321\201\321\202/01-08-30.md"
[2026-06-25 19:13:52]  delete mode 100644 "Life/Temp/2030/\320\220\320\262\320\263\321\203\321\201\321\202/02-08-30.md"
[2026-06-25 19:13:52]  delete mode 100644 "Life/Temp/2030/\320\220\320\262\320\263\321\203\321\201\321\202/03-08-30.md"
[2026-06-25 19:13:52]  delete mode 100644 "Life/Temp/2030/\320\220\320\262\320\263\321\203\321\201\321\202/04-08-30.md"
[2026-06-25 19:13:52]  delete mode 100644 "Life/Temp/2030/\320\220\320\262\320\263\321\203\321\201\321\202/05-08-30.md"
[2026-06-25 19:13:52]  delete mode 100644 "Life/Temp/2030/\320\220\320\262\320\263\321\203\321\201\321\202/06-08-30.md"
[2026-06-25 19:13:52]  delete mode 100644 "Life/Temp/2030/\320\220\320\262\320\263\321\203\321\201\321\202/07-08-30.md"
[2026-06-25 19:13:52]  delete mode 100644 "Life/Temp/2030/\320\220\320\262\320\263\321\203\321\201\321\202/08-08-30.md"
[2026-06-25 19:13:52]  delete mode 100644 "Life/Temp/2030/\320\220\320\262\320\263\321\203\321\201\321\202/09-08-30.md"
[2026-06-25 19:13:52]  delete mode 100644 "Life/Temp/2030/\320\220\320\262\320\263\321\203\321\201\321\202/10-08-30.md"
[2026-06-25 19:13:52]  delete mode 100644 "Life/Temp/2030/\320\220\320\262\320\263\321\203\321\201\321\202/11-08-30.md"
[2026-06-25 19:13:52]  delete mode 100644 "Life/Temp/2030/\320\220\320\262\320\263\321\203\321\201\321\202/12-08-30.md"
[2026-06-25 19:13:52]  delete mode 100644 "Life/Temp/2030/\320\220\320\262\320\263\321\203\321\201\321\202/13-08-30.md"
[2026-06-25 19:13:52]  delete mode 100644 "Life/Temp/2030/\320\220\320\262\320\263\321\203\321\201\321\202/14-08-30.md"
[2026-06-25 19:13:52]  delete mode 100644 "Life/Temp/2030/\320\220\320\262\320\263\321\203\321\201\321\202/15-08-30.md"
[2026-06-25 19:13:52]  delete mode 100644 "Life/Temp/2030/\320\220\320\262\320\263\321\203\321\201\321\202/16-08-30.md"
[2026-06-25 19:13:52]  delete mode 100644 "Life/Temp/2030/\320\220\320\262\320\263\321\203\321\201\321\202/17-08-30.md"
[2026-06-25 19:13:52]  delete mode 100644 "Life/Temp/2030/\320\220\320\262\320\263\321\203\321\201\321\202/18-08-30.md"
[2026-06-25 19:13:52]  delete mode 100644 "Life/Temp/2030/\320\220\320\262\320\263\321\203\321\201\321\202/19-08-30.md"
[2026-06-25 19:13:52]  delete mode 100644 "Life/Temp/2030/\320\220\320\262\320\263\321\203\321\201\321\202/20-08-30.md"
[2026-06-25 19:13:52]  delete mode 100644 "Life/Temp/2030/\320\220\320\262\320\263\321\203\321\201\321\202/21-08-30.md"
[2026-06-25 19:13:52]  delete mode 100644 "Life/Temp/2030/\320\220\320\262\320\263\321\203\321\201\321\202/22-08-30.md"
[2026-06-25 19:13:52]  delete mode 100644 "Life/Temp/2030/\320\220\320\262\320\263\321\203\321\201\321\202/23-08-30.md"
[2026-06-25 19:13:52]  delete mode 100644 "Life/Temp/2030/\320\220\320\262\320\263\321\203\321\201\321\202/24-08-30.md"
[2026-06-25 19:13:52]  delete mode 100644 "Life/Temp/2030/\320\220\320\262\320\263\321\203\321\201\321\202/25-08-30.md"
[2026-06-25 19:13:52]  delete mode 100644 "Life/Temp/2030/\320\220\320\262\320\263\321\203\321\201\321\202/26-08-30.md"
[2026-06-25 19:13:52]  delete mode 100644 "Life/Temp/2030/\320\220\320\262\320\263\321\203\321\201\321\202/27-08-30.md"
[2026-06-25 19:13:52]  delete mode 100644 "Life/Temp/2030/\320\220\320\262\320\263\321\203\321\201\321\202/28-08-30.md"
[2026-06-25 19:13:52]  delete mode 100644 "Life/Temp/2030/\320\220\320\262\320\263\321\203\321\201\321\202/29-08-30.md"
[2026-06-25 19:13:52]  delete mode 100644 "Life/Temp/2030/\320\220\320\262\320\263\321\203\321\201\321\202/30-08-30.md"
[2026-06-25 19:13:52]  delete mode 100644 "Life/Temp/2030/\320\220\320\262\320\263\321\203\321\201\321\202/31-08-30.md"
[2026-06-25 19:13:52]  delete mode 100644 "Life/Temp/2030/\320\220\320\277\321\200\320\265\320\273\321\214/01-04-30.md"
[2026-06-25 19:13:52]  delete mode 100644 "Life/Temp/2030/\320\220\320\277\321\200\320\265\320\273\321\214/02-04-30.md"
[2026-06-25 19:13:52]  delete mode 100644 "Life/Temp/2030/\320\220\320\277\321\200\320\265\320\273\321\214/03-04-30.md"
[2026-06-25 19:13:52]  delete mode 100644 "Life/Temp/2030/\320\220\320\277\321\200\320\265\320\273\321\214/04-04-30.md"
[2026-06-25 19:13:52]  delete mode 100644 "Life/Temp/2030/\320\220\320\277\321\200\320\265\320\273\321\214/05-04-30.md"
[2026-06-25 19:13:52]  delete mode 100644 "Life/Temp/2030/\320\220\320\277\321\200\320\265\320\273\321\214/06-04-30.md"
[2026-06-25 19:13:52]  delete mode 100644 "Life/Temp/2030/\320\220\320\277\321\200\320\265\320\273\321\214/07-04-30.md"
[2026-06-25 19:13:52]  delete mode 100644 "Life/Temp/2030/\320\220\320\277\321\200\320\265\320\273\321\214/08-04-30.md"
[2026-06-25 19:13:52]  delete mode 100644 "Life/Temp/2030/\320\220\320\277\321\200\320\265\320\273\321\214/09-04-30.md"
[2026-06-25 19:13:52]  delete mode 100644 "Life/Temp/2030/\320\220\320\277\321\200\320\265\320\273\321\214/10-04-30.md"
[2026-06-25 19:13:52]  delete mode 100644 "Life/Temp/2030/\320\220\320\277\321\200\320\265\320\273\321\214/11-04-30.md"
[2026-06-25 19:13:52]  delete mode 100644 "Life/Temp/2030/\320\220\320\277\321\200\320\265\320\273\321\214/12-04-30.md"
[2026-06-25 19:13:52]  delete mode 100644 "Life/Temp/2030/\320\220\320\277\321\200\320\265\320\273\321\214/13-04-30.md"
[2026-06-25 19:13:52]  delete mode 100644 "Life/Temp/2030/\320\220\320\277\321\200\320\265\320\273\321\214/14-04-30.md"
[2026-06-25 19:13:52]  delete mode 100644 "Life/Temp/2030/\320\220\320\277\321\200\320\265\320\273\321\214/15-04-30.md"
[2026-06-25 19:13:52]  delete mode 100644 "Life/Temp/2030/\320\220\320\277\321\200\320\265\320\273\321\214/16-04-30.md"
[2026-06-25 19:13:52]  delete mode 100644 "Life/Temp/2030/\320\220\320\277\321\200\320\265\320\273\321\214/17-04-30.md"
[2026-06-25 19:13:52]  delete mode 100644 "Life/Temp/2030/\320\220\320\277\321\200\320\265\320\273\321\214/18-04-30.md"
[2026-06-25 19:13:52]  delete mode 100644 "Life/Temp/2030/\320\220\320\277\321\200\320\265\320\273\321\214/19-04-30.md"
[2026-06-25 19:13:52]  delete mode 100644 "Life/Temp/2030/\320\220\320\277\321\200\320\265\320\273\321\214/20-04-30.md"
[2026-06-25 19:13:52]  delete mode 100644 "Life/Temp/2030/\320\220\320\277\321\200\320\265\320\273\321\214/21-04-30.md"
[2026-06-25 19:13:52]  delete mode 100644 "Life/Temp/2030/\320\220\320\277\321\200\320\265\320\273\321\214/22-04-30.md"
[2026-06-25 19:13:52]  delete mode 100644 "Life/Temp/2030/\320\220\320\277\321\200\320\265\320\273\321\214/23-04-30.md"
[2026-06-25 19:13:52]  delete mode 100644 "Life/Temp/2030/\320\220\320\277\321\200\320\265\320\273\321\214/24-04-30.md"
[2026-06-25 19:13:52]  delete mode 100644 "Life/Temp/2030/\320\220\320\277\321\200\320\265\320\273\321\214/25-04-30.md"
[2026-06-25 19:13:52]  delete mode 100644 "Life/Temp/2030/\320\220\320\277\321\200\320\265\320\273\321\214/26-04-30.md"
[2026-06-25 19:13:52]  delete mode 100644 "Life/Temp/2030/\320\220\320\277\321\200\320\265\320\273\321\214/27-04-30.md"
[2026-06-25 19:13:52]  delete mode 100644 "Life/Temp/2030/\320\220\320\277\321\200\320\265\320\273\321\214/28-04-30.md"
[2026-06-25 19:13:52]  delete mode 100644 "Life/Temp/2030/\320\220\320\277\321\200\320\265\320\273\321\214/29-04-30.md"
[2026-06-25 19:13:52]  delete mode 100644 "Life/Temp/2030/\320\220\320\277\321\200\320\265\320\273\321\214/30-04-30.md"
[2026-06-25 19:13:52]  delete mode 100644 "Life/Temp/2030/\320\224\320\265\320\272\320\260\320\261\321\200\321\214/01-12-30.md"
[2026-06-25 19:13:52]  delete mode 100644 "Life/Temp/2030/\320\224\320\265\320\272\320\260\320\261\321\200\321\214/02-12-30.md"
[2026-06-25 19:13:52]  delete mode 100644 "Life/Temp/2030/\320\224\320\265\320\272\320\260\320\261\321\200\321\214/03-12-30.md"
[2026-06-25 19:13:52]  delete mode 100644 "Life/Temp/2030/\320\224\320\265\320\272\320\260\320\261\321\200\321\214/04-12-30.md"
[2026-06-25 19:13:52]  delete mode 100644 "Life/Temp/2030/\320\224\320\265\320\272\320\260\320\261\321\200\321\214/05-12-30.md"
[2026-06-25 19:13:52]  delete mode 100644 "Life/Temp/2030/\320\224\320\265\320\272\320\260\320\261\321\200\321\214/06-12-30.md"
[2026-06-25 19:13:52]  delete mode 100644 "Life/Temp/2030/\320\224\320\265\320\272\320\260\320\261\321\200\321\214/07-12-30.md"
[2026-06-25 19:13:52]  delete mode 100644 "Life/Temp/2030/\320\224\320\265\320\272\320\260\320\261\321\200\321\214/08-12-30.md"
[2026-06-25 19:13:52]  delete mode 100644 "Life/Temp/2030/\320\224\320\265\320\272\320\260\320\261\321\200\321\214/09-12-30.md"
[2026-06-25 19:13:52]  delete mode 100644 "Life/Temp/2030/\320\224\320\265\320\272\320\260\320\261\321\200\321\214/10-12-30.md"
[2026-06-25 19:13:52]  delete mode 100644 "Life/Temp/2030/\320\224\320\265\320\272\320\260\320\261\321\200\321\214/11-12-30.md"
[2026-06-25 19:13:52]  delete mode 100644 "Life/Temp/2030/\320\224\320\265\320\272\320\260\320\261\321\200\321\214/12-12-30.md"
[2026-06-25 19:13:52]  delete mode 100644 "Life/Temp/2030/\320\224\320\265\320\272\320\260\320\261\321\200\321\214/13-12-30.md"
[2026-06-25 19:13:52]  delete mode 100644 "Life/Temp/2030/\320\224\320\265\320\272\320\260\320\261\321\200\321\214/14-12-30.md"
[2026-06-25 19:13:52]  delete mode 100644 "Life/Temp/2030/\320\224\320\265\320\272\320\260\320\261\321\200\321\214/15-12-30.md"
[2026-06-25 19:13:52]  delete mode 100644 "Life/Temp/2030/\320\224\320\265\320\272\320\260\320\261\321\200\321\214/16-12-30.md"
[2026-06-25 19:13:52]  delete mode 100644 "Life/Temp/2030/\320\224\320\265\320\272\320\260\320\261\321\200\321\214/17-12-30.md"
[2026-06-25 19:13:52]  delete mode 100644 "Life/Temp/2030/\320\224\320\265\320\272\320\260\320\261\321\200\321\214/18-12-30.md"
[2026-06-25 19:13:52]  delete mode 100644 "Life/Temp/2030/\320\224\320\265\320\272\320\260\320\261\321\200\321\214/19-12-30.md"
[2026-06-25 19:13:52]  delete mode 100644 "Life/Temp/2030/\320\224\320\265\320\272\320\260\320\261\321\200\321\214/20-12-30.md"
[2026-06-25 19:13:52]  delete mode 100644 "Life/Temp/2030/\320\224\320\265\320\272\320\260\320\261\321\200\321\214/21-12-30.md"
[2026-06-25 19:13:52]  delete mode 100644 "Life/Temp/2030/\320\224\320\265\320\272\320\260\320\261\321\200\321\214/22-12-30.md"
[2026-06-25 19:13:52]  delete mode 100644 "Life/Temp/2030/\320\224\320\265\320\272\320\260\320\261\321\200\321\214/23-12-30.md"
[2026-06-25 19:13:52]  delete mode 100644 "Life/Temp/2030/\320\224\320\265\320\272\320\260\320\261\321\200\321\214/24-12-30.md"
[2026-06-25 19:13:52]  delete mode 100644 "Life/Temp/2030/\320\224\320\265\320\272\320\260\320\261\321\200\321\214/25-12-30.md"
[2026-06-25 19:13:52]  delete mode 100644 "Life/Temp/2030/\320\224\320\265\320\272\320\260\320\261\321\200\321\214/26-12-30.md"
[2026-06-25 19:13:52]  delete mode 100644 "Life/Temp/2030/\320\224\320\265\320\272\320\260\320\261\321\200\321\214/27-12-30.md"
[2026-06-25 19:13:52]  delete mode 100644 "Life/Temp/2030/\320\224\320\265\320\272\320\260\320\261\321\200\321\214/28-12-30.md"
[2026-06-25 19:13:52]  delete mode 100644 "Life/Temp/2030/\320\224\320\265\320\272\320\260\320\261\321\200\321\214/29-12-30.md"
[2026-06-25 19:13:52]  delete mode 100644 "Life/Temp/2030/\320\224\320\265\320\272\320\260\320\261\321\200\321\214/30-12-30.md"
[2026-06-25 19:13:52]  delete mode 100644 "Life/Temp/2030/\320\224\320\265\320\272\320\260\320\261\321\200\321\214/31-12-30.md"
[2026-06-25 19:13:52]  delete mode 100644 "Life/Temp/2030/\320\230\321\216\320\273\321\214/01-07-30.md"
[2026-06-25 19:13:52]  delete mode 100644 "Life/Temp/2030/\320\230\321\216\320\273\321\214/02-07-30.md"
[2026-06-25 19:13:52]  delete mode 100644 "Life/Temp/2030/\320\230\321\216\320\273\321\214/03-07-30.md"
[2026-06-25 19:13:52]  delete mode 100644 "Life/Temp/2030/\320\230\321\216\320\273\321\214/04-07-30.md"
[2026-06-25 19:13:52]  delete mode 100644 "Life/Temp/2030/\320\230\321\216\320\273\321\214/05-07-30.md"
[2026-06-25 19:13:52]  delete mode 100644 "Life/Temp/2030/\320\230\321\216\320\273\321\214/06-07-30.md"
[2026-06-25 19:13:52]  delete mode 100644 "Life/Temp/2030/\320\230\321\216\320\273\321\214/07-07-30.md"
[2026-06-25 19:13:52]  delete mode 100644 "Life/Temp/2030/\320\230\321\216\320\273\321\214/08-07-30.md"
[2026-06-25 19:13:52]  delete mode 100644 "Life/Temp/2030/\320\230\321\216\320\273\321\214/09-07-30.md"
[2026-06-25 19:13:52]  delete mode 100644 "Life/Temp/2030/\320\230\321\216\320\273\321\214/10-07-30.md"
[2026-06-25 19:13:52]  delete mode 100644 "Life/Temp/2030/\320\230\321\216\320\273\321\214/11-07-30.md"
[2026-06-25 19:13:52]  delete mode 100644 "Life/Temp/2030/\320\230\321\216\320\273\321\214/12-07-30.md"
[2026-06-25 19:13:52]  delete mode 100644 "Life/Temp/2030/\320\230\321\216\320\273\321\214/13-07-30.md"
[2026-06-25 19:13:52]  delete mode 100644 "Life/Temp/2030/\320\230\321\216\320\273\321\214/14-07-30.md"
[2026-06-25 19:13:52]  delete mode 100644 "Life/Temp/2030/\320\230\321\216\320\273\321\214/15-07-30.md"
[2026-06-25 19:13:52]  delete mode 100644 "Life/Temp/2030/\320\230\321\216\320\273\321\214/16-07-30.md"
[2026-06-25 19:13:52]  delete mode 100644 "Life/Temp/2030/\320\230\321\216\320\273\321\214/17-07-30.md"
[2026-06-25 19:13:52]  delete mode 100644 "Life/Temp/2030/\320\230\321\216\320\273\321\214/18-07-30.md"
[2026-06-25 19:13:52]  delete mode 100644 "Life/Temp/2030/\320\230\321\216\320\273\321\214/19-07-30.md"
[2026-06-25 19:13:52]  delete mode 100644 "Life/Temp/2030/\320\230\321\216\320\273\321\214/20-07-30.md"
[2026-06-25 19:13:52]  delete mode 100644 "Life/Temp/2030/\320\230\321\216\320\273\321\214/21-07-30.md"
[2026-06-25 19:13:52]  delete mode 100644 "Life/Temp/2030/\320\230\321\216\320\273\321\214/22-07-30.md"
[2026-06-25 19:13:52]  delete mode 100644 "Life/Temp/2030/\320\230\321\216\320\273\321\214/23-07-30.md"
[2026-06-25 19:13:52]  delete mode 100644 "Life/Temp/2030/\320\230\321\216\320\273\321\214/24-07-30.md"
[2026-06-25 19:13:52]  delete mode 100644 "Life/Temp/2030/\320\230\321\216\320\273\321\214/25-07-30.md"
[2026-06-25 19:13:52]  delete mode 100644 "Life/Temp/2030/\320\230\321\216\320\273\321\214/26-07-30.md"
[2026-06-25 19:13:52]  delete mode 100644 "Life/Temp/2030/\320\230\321\216\320\273\321\214/27-07-30.md"
[2026-06-25 19:13:52]  delete mode 100644 "Life/Temp/2030/\320\230\321\216\320\273\321\214/28-07-30.md"
[2026-06-25 19:13:52]  delete mode 100644 "Life/Temp/2030/\320\230\321\216\320\273\321\214/29-07-30.md"
[2026-06-25 19:13:52]  delete mode 100644 "Life/Temp/2030/\320\230\321\216\320\273\321\214/30-07-30.md"
[2026-06-25 19:13:52]  delete mode 100644 "Life/Temp/2030/\320\230\321\216\320\273\321\214/31-07-30.md"
[2026-06-25 19:13:52]  delete mode 100644 "Life/Temp/2030/\320\230\321\216\320\275\321\214/01-06-30.md"
[2026-06-25 19:13:52]  delete mode 100644 "Life/Temp/2030/\320\230\321\216\320\275\321\214/02-06-30.md"
[2026-06-25 19:13:52]  delete mode 100644 "Life/Temp/2030/\320\230\321\216\320\275\321\214/03-06-30.md"
[2026-06-25 19:13:52]  delete mode 100644 "Life/Temp/2030/\320\230\321\216\320\275\321\214/04-06-30.md"
[2026-06-25 19:13:52]  delete mode 100644 "Life/Temp/2030/\320\230\321\216\320\275\321\214/05-06-30.md"
[2026-06-25 19:13:52]  delete mode 100644 "Life/Temp/2030/\320\230\321\216\320\275\321\214/06-06-30.md"
[2026-06-25 19:13:52]  delete mode 100644 "Life/Temp/2030/\320\230\321\216\320\275\321\214/07-06-30.md"
[2026-06-25 19:13:52]  delete mode 100644 "Life/Temp/2030/\320\230\321\216\320\275\321\214/08-06-30.md"
[2026-06-25 19:13:52]  delete mode 100644 "Life/Temp/2030/\320\230\321\216\320\275\321\214/09-06-30.md"
[2026-06-25 19:13:52]  delete mode 100644 "Life/Temp/2030/\320\230\321\216\320\275\321\214/10-06-30.md"
[2026-06-25 19:13:52]  delete mode 100644 "Life/Temp/2030/\320\230\321\216\320\275\321\214/11-06-30.md"
[2026-06-25 19:13:52]  delete mode 100644 "Life/Temp/2030/\320\230\321\216\320\275\321\214/12-06-30.md"
[2026-06-25 19:13:52]  delete mode 100644 "Life/Temp/2030/\320\230\321\216\320\275\321\214/13-06-30.md"
[2026-06-25 19:13:52]  delete mode 100644 "Life/Temp/2030/\320\230\321\216\320\275\321\214/14-06-30.md"
[2026-06-25 19:13:52]  delete mode 100644 "Life/Temp/2030/\320\230\321\216\320\275\321\214/15-06-30.md"
[2026-06-25 19:13:52]  delete mode 100644 "Life/Temp/2030/\320\230\321\216\320\275\321\214/16-06-30.md"
[2026-06-25 19:13:52]  delete mode 100644 "Life/Temp/2030/\320\230\321\216\320\275\321\214/17-06-30.md"
[2026-06-25 19:13:52]  delete mode 100644 "Life/Temp/2030/\320\230\321\216\320\275\321\214/18-06-30.md"
[2026-06-25 19:13:52]  delete mode 100644 "Life/Temp/2030/\320\230\321\216\320\275\321\214/19-06-30.md"
[2026-06-25 19:13:52]  delete mode 100644 "Life/Temp/2030/\320\230\321\216\320\275\321\214/20-06-30.md"
[2026-06-25 19:13:52]  delete mode 100644 "Life/Temp/2030/\320\230\321\216\320\275\321\214/21-06-30.md"
[2026-06-25 19:13:52]  delete mode 100644 "Life/Temp/2030/\320\230\321\216\320\275\321\214/22-06-30.md"
[2026-06-25 19:13:52]  delete mode 100644 "Life/Temp/2030/\320\230\321\216\320\275\321\214/23-06-30.md"
[2026-06-25 19:13:52]  delete mode 100644 "Life/Temp/2030/\320\230\321\216\320\275\321\214/24-06-30.md"
[2026-06-25 19:13:52]  delete mode 100644 "Life/Temp/2030/\320\230\321\216\320\275\321\214/25-06-30.md"
[2026-06-25 19:13:52]  delete mode 100644 "Life/Temp/2030/\320\230\321\216\320\275\321\214/26-06-30.md"
[2026-06-25 19:13:52]  delete mode 100644 "Life/Temp/2030/\320\230\321\216\320\275\321\214/27-06-30.md"
[2026-06-25 19:13:52]  delete mode 100644 "Life/Temp/2030/\320\230\321\216\320\275\321\214/28-06-30.md"
[2026-06-25 19:13:52]  delete mode 100644 "Life/Temp/2030/\320\230\321\216\320\275\321\214/29-06-30.md"
[2026-06-25 19:13:52]  delete mode 100644 "Life/Temp/2030/\320\230\321\216\320\275\321\214/30-06-30.md"
[2026-06-25 19:13:52]  delete mode 100644 "Life/Temp/2030/\320\234\320\260\320\271/01-05-30.md"
[2026-06-25 19:13:52]  delete mode 100644 "Life/Temp/2030/\320\234\320\260\320\271/02-05-30.md"
[2026-06-25 19:13:52]  delete mode 100644 "Life/Temp/2030/\320\234\320\260\320\271/03-05-30.md"
[2026-06-25 19:13:52]  delete mode 100644 "Life/Temp/2030/\320\234\320\260\320\271/04-05-30.md"
[2026-06-25 19:13:52]  delete mode 100644 "Life/Temp/2030/\320\234\320\260\320\271/05-05-30.md"
[2026-06-25 19:13:52]  delete mode 100644 "Life/Temp/2030/\320\234\320\260\320\271/06-05-30.md"
[2026-06-25 19:13:52]  delete mode 100644 "Life/Temp/2030/\320\234\320\260\320\271/07-05-30.md"
[2026-06-25 19:13:52]  delete mode 100644 "Life/Temp/2030/\320\234\320\260\320\271/08-05-30.md"
[2026-06-25 19:13:52]  delete mode 100644 "Life/Temp/2030/\320\234\320\260\320\271/09-05-30.md"
[2026-06-25 19:13:52]  delete mode 100644 "Life/Temp/2030/\320\234\320\260\320\271/10-05-30.md"
[2026-06-25 19:13:52]  delete mode 100644 "Life/Temp/2030/\320\234\320\260\320\271/11-05-30.md"
[2026-06-25 19:13:52]  delete mode 100644 "Life/Temp/2030/\320\234\320\260\320\271/12-05-30.md"
[2026-06-25 19:13:52]  delete mode 100644 "Life/Temp/2030/\320\234\320\260\320\271/13-05-30.md"
[2026-06-25 19:13:52]  delete mode 100644 "Life/Temp/2030/\320\234\320\260\320\271/14-05-30.md"
[2026-06-25 19:13:52]  delete mode 100644 "Life/Temp/2030/\320\234\320\260\320\271/15-05-30.md"
[2026-06-25 19:13:52]  delete mode 100644 "Life/Temp/2030/\320\234\320\260\320\271/16-05-30.md"
[2026-06-25 19:13:52]  delete mode 100644 "Life/Temp/2030/\320\234\320\260\320\271/17-05-30.md"
[2026-06-25 19:13:52]  delete mode 100644 "Life/Temp/2030/\320\234\320\260\320\271/18-05-30.md"
[2026-06-25 19:13:52]  delete mode 100644 "Life/Temp/2030/\320\234\320\260\320\271/19-05-30.md"
[2026-06-25 19:13:52]  delete mode 100644 "Life/Temp/2030/\320\234\320\260\320\271/20-05-30.md"
[2026-06-25 19:13:52]  delete mode 100644 "Life/Temp/2030/\320\234\320\260\320\271/21-05-30.md"
[2026-06-25 19:13:52]  delete mode 100644 "Life/Temp/2030/\320\234\320\260\320\271/22-05-30.md"
[2026-06-25 19:13:52]  delete mode 100644 "Life/Temp/2030/\320\234\320\260\320\271/23-05-30.md"
[2026-06-25 19:13:52]  delete mode 100644 "Life/Temp/2030/\320\234\320\260\320\271/24-05-30.md"
[2026-06-25 19:13:52]  delete mode 100644 "Life/Temp/2030/\320\234\320\260\320\271/25-05-30.md"
[2026-06-25 19:13:52]  delete mode 100644 "Life/Temp/2030/\320\234\320\260\320\271/26-05-30.md"
[2026-06-25 19:13:52]  delete mode 100644 "Life/Temp/2030/\320\234\320\260\320\271/27-05-30.md"
[2026-06-25 19:13:52]  delete mode 100644 "Life/Temp/2030/\320\234\320\260\320\271/28-05-30.md"
[2026-06-25 19:13:52]  delete mode 100644 "Life/Temp/2030/\320\234\320\260\320\271/29-05-30.md"
[2026-06-25 19:13:52]  delete mode 100644 "Life/Temp/2030/\320\234\320\260\320\271/30-05-30.md"
[2026-06-25 19:13:52]  delete mode 100644 "Life/Temp/2030/\320\234\320\260\320\271/31-05-30.md"
[2026-06-25 19:13:52]  delete mode 100644 "Life/Temp/2030/\320\234\320\260\321\200\321\202/01-03-30.md"
[2026-06-25 19:13:52]  delete mode 100644 "Life/Temp/2030/\320\234\320\260\321\200\321\202/02-03-30.md"
[2026-06-25 19:13:52]  delete mode 100644 "Life/Temp/2030/\320\234\320\260\321\200\321\202/03-03-30.md"
[2026-06-25 19:13:52]  delete mode 100644 "Life/Temp/2030/\320\234\320\260\321\200\321\202/04-03-30.md"
[2026-06-25 19:13:52]  delete mode 100644 "Life/Temp/2030/\320\234\320\260\321\200\321\202/05-03-30.md"
[2026-06-25 19:13:52]  delete mode 100644 "Life/Temp/2030/\320\234\320\260\321\200\321\202/06-03-30.md"
[2026-06-25 19:13:52]  delete mode 100644 "Life/Temp/2030/\320\234\320\260\321\200\321\202/07-03-30.md"
[2026-06-25 19:13:52]  delete mode 100644 "Life/Temp/2030/\320\234\320\260\321\200\321\202/08-03-30.md"
[2026-06-25 19:13:52]  delete mode 100644 "Life/Temp/2030/\320\234\320\260\321\200\321\202/09-03-30.md"
[2026-06-25 19:13:52]  delete mode 100644 "Life/Temp/2030/\320\234\320\260\321\200\321\202/10-03-30.md"
[2026-06-25 19:13:52]  delete mode 100644 "Life/Temp/2030/\320\234\320\260\321\200\321\202/11-03-30.md"
[2026-06-25 19:13:52]  delete mode 100644 "Life/Temp/2030/\320\234\320\260\321\200\321\202/12-03-30.md"
[2026-06-25 19:13:52]  delete mode 100644 "Life/Temp/2030/\320\234\320\260\321\200\321\202/13-03-30.md"
[2026-06-25 19:13:52]  delete mode 100644 "Life/Temp/2030/\320\234\320\260\321\200\321\202/14-03-30.md"
[2026-06-25 19:13:52]  delete mode 100644 "Life/Temp/2030/\320\234\320\260\321\200\321\202/15-03-30.md"
[2026-06-25 19:13:52]  delete mode 100644 "Life/Temp/2030/\320\234\320\260\321\200\321\202/16-03-30.md"
[2026-06-25 19:13:52]  delete mode 100644 "Life/Temp/2030/\320\234\320\260\321\200\321\202/17-03-30.md"
[2026-06-25 19:13:52]  delete mode 100644 "Life/Temp/2030/\320\234\320\260\321\200\321\202/18-03-30.md"
[2026-06-25 19:13:52]  delete mode 100644 "Life/Temp/2030/\320\234\320\260\321\200\321\202/19-03-30.md"
[2026-06-25 19:13:52]  delete mode 100644 "Life/Temp/2030/\320\234\320\260\321\200\321\202/20-03-30.md"
[2026-06-25 19:13:52]  delete mode 100644 "Life/Temp/2030/\320\234\320\260\321\200\321\202/21-03-30.md"
[2026-06-25 19:13:52]  delete mode 100644 "Life/Temp/2030/\320\234\320\260\321\200\321\202/22-03-30.md"
[2026-06-25 19:13:52]  delete mode 100644 "Life/Temp/2030/\320\234\320\260\321\200\321\202/23-03-30.md"
[2026-06-25 19:13:52]  delete mode 100644 "Life/Temp/2030/\320\234\320\260\321\200\321\202/24-03-30.md"
[2026-06-25 19:13:52]  delete mode 100644 "Life/Temp/2030/\320\234\320\260\321\200\321\202/25-03-30.md"
[2026-06-25 19:13:52]  delete mode 100644 "Life/Temp/2030/\320\234\320\260\321\200\321\202/26-03-30.md"
[2026-06-25 19:13:52]  delete mode 100644 "Life/Temp/2030/\320\234\320\260\321\200\321\202/27-03-30.md"
[2026-06-25 19:13:52]  delete mode 100644 "Life/Temp/2030/\320\234\320\260\321\200\321\202/28-03-30.md"
[2026-06-25 19:13:52]  delete mode 100644 "Life/Temp/2030/\320\234\320\260\321\200\321\202/29-03-30.md"
[2026-06-25 19:13:52]  delete mode 100644 "Life/Temp/2030/\320\234\320\260\321\200\321\202/30-03-30.md"
[2026-06-25 19:13:52]  delete mode 100644 "Life/Temp/2030/\320\234\320\260\321\200\321\202/31-03-30.md"
[2026-06-25 19:13:52]  delete mode 100644 "Life/Temp/2030/\320\235\320\276\321\217\320\261\321\200\321\214/01-11-30.md"
[2026-06-25 19:13:52]  delete mode 100644 "Life/Temp/2030/\320\235\320\276\321\217\320\261\321\200\321\214/02-11-30.md"
[2026-06-25 19:13:52]  delete mode 100644 "Life/Temp/2030/\320\235\320\276\321\217\320\261\321\200\321\214/03-11-30.md"
[2026-06-25 19:13:52]  delete mode 100644 "Life/Temp/2030/\320\235\320\276\321\217\320\261\321\200\321\214/04-11-30.md"
[2026-06-25 19:13:52]  delete mode 100644 "Life/Temp/2030/\320\235\320\276\321\217\320\261\321\200\321\214/05-11-30.md"
[2026-06-25 19:13:52]  delete mode 100644 "Life/Temp/2030/\320\235\320\276\321\217\320\261\321\200\321\214/06-11-30.md"
[2026-06-25 19:13:52]  delete mode 100644 "Life/Temp/2030/\320\235\320\276\321\217\320\261\321\200\321\214/07-11-30.md"
[2026-06-25 19:13:52]  delete mode 100644 "Life/Temp/2030/\320\235\320\276\321\217\320\261\321\200\321\214/08-11-30.md"
[2026-06-25 19:13:52]  delete mode 100644 "Life/Temp/2030/\320\235\320\276\321\217\320\261\321\200\321\214/09-11-30.md"
[2026-06-25 19:13:52]  delete mode 100644 "Life/Temp/2030/\320\235\320\276\321\217\320\261\321\200\321\214/10-11-30.md"
[2026-06-25 19:13:52]  delete mode 100644 "Life/Temp/2030/\320\235\320\276\321\217\320\261\321\200\321\214/11-11-30.md"
[2026-06-25 19:13:52]  delete mode 100644 "Life/Temp/2030/\320\235\320\276\321\217\320\261\321\200\321\214/12-11-30.md"
[2026-06-25 19:13:52]  delete mode 100644 "Life/Temp/2030/\320\235\320\276\321\217\320\261\321\200\321\214/13-11-30.md"
[2026-06-25 19:13:52]  delete mode 100644 "Life/Temp/2030/\320\235\320\276\321\217\320\261\321\200\321\214/14-11-30.md"
[2026-06-25 19:13:52]  delete mode 100644 "Life/Temp/2030/\320\235\320\276\321\217\320\261\321\200\321\214/15-11-30.md"
[2026-06-25 19:13:52]  delete mode 100644 "Life/Temp/2030/\320\235\320\276\321\217\320\261\321\200\321\214/16-11-30.md"
[2026-06-25 19:13:52]  delete mode 100644 "Life/Temp/2030/\320\235\320\276\321\217\320\261\321\200\321\214/17-11-30.md"
[2026-06-25 19:13:52]  delete mode 100644 "Life/Temp/2030/\320\235\320\276\321\217\320\261\321\200\321\214/18-11-30.md"
[2026-06-25 19:13:52]  delete mode 100644 "Life/Temp/2030/\320\235\320\276\321\217\320\261\321\200\321\214/19-11-30.md"
[2026-06-25 19:13:52]  delete mode 100644 "Life/Temp/2030/\320\235\320\276\321\217\320\261\321\200\321\214/20-11-30.md"
[2026-06-25 19:13:52]  delete mode 100644 "Life/Temp/2030/\320\235\320\276\321\217\320\261\321\200\321\214/21-11-30.md"
[2026-06-25 19:13:52]  delete mode 100644 "Life/Temp/2030/\320\235\320\276\321\217\320\261\321\200\321\214/22-11-30.md"
[2026-06-25 19:13:52]  delete mode 100644 "Life/Temp/2030/\320\235\320\276\321\217\320\261\321\200\321\214/23-11-30.md"
[2026-06-25 19:13:52]  delete mode 100644 "Life/Temp/2030/\320\235\320\276\321\217\320\261\321\200\321\214/24-11-30.md"
[2026-06-25 19:13:52]  delete mode 100644 "Life/Temp/2030/\320\235\320\276\321\217\320\261\321\200\321\214/25-11-30.md"
[2026-06-25 19:13:52]  delete mode 100644 "Life/Temp/2030/\320\235\320\276\321\217\320\261\321\200\321\214/26-11-30.md"
[2026-06-25 19:13:52]  delete mode 100644 "Life/Temp/2030/\320\235\320\276\321\217\320\261\321\200\321\214/27-11-30.md"
[2026-06-25 19:13:52]  delete mode 100644 "Life/Temp/2030/\320\235\320\276\321\217\320\261\321\200\321\214/28-11-30.md"
[2026-06-25 19:13:52]  delete mode 100644 "Life/Temp/2030/\320\235\320\276\321\217\320\261\321\200\321\214/29-11-30.md"
[2026-06-25 19:13:52]  delete mode 100644 "Life/Temp/2030/\320\235\320\276\321\217\320\261\321\200\321\214/30-11-30.md"
[2026-06-25 19:13:52]  delete mode 100644 "Life/Temp/2030/\320\236\320\272\321\202\321\217\320\261\321\200\321\214/01-10-30.md"
[2026-06-25 19:13:52]  delete mode 100644 "Life/Temp/2030/\320\236\320\272\321\202\321\217\320\261\321\200\321\214/02-10-30.md"
[2026-06-25 19:13:52]  delete mode 100644 "Life/Temp/2030/\320\236\320\272\321\202\321\217\320\261\321\200\321\214/03-10-30.md"
[2026-06-25 19:13:52]  delete mode 100644 "Life/Temp/2030/\320\236\320\272\321\202\321\217\320\261\321\200\321\214/04-10-30.md"
[2026-06-25 19:13:52]  delete mode 100644 "Life/Temp/2030/\320\236\320\272\321\202\321\217\320\261\321\200\321\214/05-10-30.md"
[2026-06-25 19:13:52]  delete mode 100644 "Life/Temp/2030/\320\236\320\272\321\202\321\217\320\261\321\200\321\214/06-10-30.md"
[2026-06-25 19:13:52]  delete mode 100644 "Life/Temp/2030/\320\236\320\272\321\202\321\217\320\261\321\200\321\214/07-10-30.md"
[2026-06-25 19:13:52]  delete mode 100644 "Life/Temp/2030/\320\236\320\272\321\202\321\217\320\261\321\200\321\214/08-10-30.md"
[2026-06-25 19:13:52]  delete mode 100644 "Life/Temp/2030/\320\236\320\272\321\202\321\217\320\261\321\200\321\214/09-10-30.md"
[2026-06-25 19:13:52]  delete mode 100644 "Life/Temp/2030/\320\236\320\272\321\202\321\217\320\261\321\200\321\214/10-10-30.md"
[2026-06-25 19:13:52]  delete mode 100644 "Life/Temp/2030/\320\236\320\272\321\202\321\217\320\261\321\200\321\214/11-10-30.md"
[2026-06-25 19:13:52]  delete mode 100644 "Life/Temp/2030/\320\236\320\272\321\202\321\217\320\261\321\200\321\214/12-10-30.md"
[2026-06-25 19:13:52]  delete mode 100644 "Life/Temp/2030/\320\236\320\272\321\202\321\217\320\261\321\200\321\214/13-10-30.md"
[2026-06-25 19:13:52]  delete mode 100644 "Life/Temp/2030/\320\236\320\272\321\202\321\217\320\261\321\200\321\214/14-10-30.md"
[2026-06-25 19:13:52]  delete mode 100644 "Life/Temp/2030/\320\236\320\272\321\202\321\217\320\261\321\200\321\214/15-10-30.md"
[2026-06-25 19:13:52]  delete mode 100644 "Life/Temp/2030/\320\236\320\272\321\202\321\217\320\261\321\200\321\214/16-10-30.md"
[2026-06-25 19:13:52]  delete mode 100644 "Life/Temp/2030/\320\236\320\272\321\202\321\217\320\261\321\200\321\214/17-10-30.md"
[2026-06-25 19:13:52]  delete mode 100644 "Life/Temp/2030/\320\236\320\272\321\202\321\217\320\261\321\200\321\214/18-10-30.md"
[2026-06-25 19:13:52]  delete mode 100644 "Life/Temp/2030/\320\236\320\272\321\202\321\217\320\261\321\200\321\214/19-10-30.md"
[2026-06-25 19:13:52]  delete mode 100644 "Life/Temp/2030/\320\236\320\272\321\202\321\217\320\261\321\200\321\214/20-10-30.md"
[2026-06-25 19:13:52]  delete mode 100644 "Life/Temp/2030/\320\236\320\272\321\202\321\217\320\261\321\200\321\214/21-10-30.md"
[2026-06-25 19:13:52]  delete mode 100644 "Life/Temp/2030/\320\236\320\272\321\202\321\217\320\261\321\200\321\214/22-10-30.md"
[2026-06-25 19:13:52]  delete mode 100644 "Life/Temp/2030/\320\236\320\272\321\202\321\217\320\261\321\200\321\214/23-10-30.md"
[2026-06-25 19:13:52]  delete mode 100644 "Life/Temp/2030/\320\236\320\272\321\202\321\217\320\261\321\200\321\214/24-10-30.md"
[2026-06-25 19:13:52]  delete mode 100644 "Life/Temp/2030/\320\236\320\272\321\202\321\217\320\261\321\200\321\214/25-10-30.md"
[2026-06-25 19:13:52]  delete mode 100644 "Life/Temp/2030/\320\236\320\272\321\202\321\217\320\261\321\200\321\214/26-10-30.md"
[2026-06-25 19:13:52]  delete mode 100644 "Life/Temp/2030/\320\236\320\272\321\202\321\217\320\261\321\200\321\214/27-10-30.md"
[2026-06-25 19:13:52]  delete mode 100644 "Life/Temp/2030/\320\236\320\272\321\202\321\217\320\261\321\200\321\214/28-10-30.md"
[2026-06-25 19:13:52]  delete mode 100644 "Life/Temp/2030/\320\236\320\272\321\202\321\217\320\261\321\200\321\214/29-10-30.md"
[2026-06-25 19:13:52]  delete mode 100644 "Life/Temp/2030/\320\236\320\272\321\202\321\217\320\261\321\200\321\214/30-10-30.md"
[2026-06-25 19:13:52]  delete mode 100644 "Life/Temp/2030/\320\236\320\272\321\202\321\217\320\261\321\200\321\214/31-10-30.md"
[2026-06-25 19:13:52]  delete mode 100644 "Life/Temp/2030/\320\241\320\265\320\275\321\202\321\217\320\261\321\200\321\214/01-09-30.md"
[2026-06-25 19:13:52]  delete mode 100644 "Life/Temp/2030/\320\241\320\265\320\275\321\202\321\217\320\261\321\200\321\214/02-09-30.md"
[2026-06-25 19:13:52]  delete mode 100644 "Life/Temp/2030/\320\241\320\265\320\275\321\202\321\217\320\261\321\200\321\214/03-09-30.md"
[2026-06-25 19:13:52]  delete mode 100644 "Life/Temp/2030/\320\241\320\265\320\275\321\202\321\217\320\261\321\200\321\214/04-09-30.md"
[2026-06-25 19:13:52]  delete mode 100644 "Life/Temp/2030/\320\241\320\265\320\275\321\202\321\217\320\261\321\200\321\214/05-09-30.md"
[2026-06-25 19:13:52]  delete mode 100644 "Life/Temp/2030/\320\241\320\265\320\275\321\202\321\217\320\261\321\200\321\214/06-09-30.md"
[2026-06-25 19:13:52]  delete mode 100644 "Life/Temp/2030/\320\241\320\265\320\275\321\202\321\217\320\261\321\200\321\214/07-09-30.md"
[2026-06-25 19:13:52]  delete mode 100644 "Life/Temp/2030/\320\241\320\265\320\275\321\202\321\217\320\261\321\200\321\214/08-09-30.md"
[2026-06-25 19:13:52]  delete mode 100644 "Life/Temp/2030/\320\241\320\265\320\275\321\202\321\217\320\261\321\200\321\214/09-09-30.md"
[2026-06-25 19:13:52]  delete mode 100644 "Life/Temp/2030/\320\241\320\265\320\275\321\202\321\217\320\261\321\200\321\214/10-09-30.md"
[2026-06-25 19:13:52]  delete mode 100644 "Life/Temp/2030/\320\241\320\265\320\275\321\202\321\217\320\261\321\200\321\214/11-09-30.md"
[2026-06-25 19:13:52]  delete mode 100644 "Life/Temp/2030/\320\241\320\265\320\275\321\202\321\217\320\261\321\200\321\214/12-09-30.md"
[2026-06-25 19:13:52]  delete mode 100644 "Life/Temp/2030/\320\241\320\265\320\275\321\202\321\217\320\261\321\200\321\214/13-09-30.md"
[2026-06-25 19:13:52]  delete mode 100644 "Life/Temp/2030/\320\241\320\265\320\275\321\202\321\217\320\261\321\200\321\214/14-09-30.md"
[2026-06-25 19:13:52]  delete mode 100644 "Life/Temp/2030/\320\241\320\265\320\275\321\202\321\217\320\261\321\200\321\214/15-09-30.md"
[2026-06-25 19:13:52]  delete mode 100644 "Life/Temp/2030/\320\241\320\265\320\275\321\202\321\217\320\261\321\200\321\214/16-09-30.md"
[2026-06-25 19:13:52]  delete mode 100644 "Life/Temp/2030/\320\241\320\265\320\275\321\202\321\217\320\261\321\200\321\214/17-09-30.md"
[2026-06-25 19:13:52]  delete mode 100644 "Life/Temp/2030/\320\241\320\265\320\275\321\202\321\217\320\261\321\200\321\214/18-09-30.md"
[2026-06-25 19:13:52]  delete mode 100644 "Life/Temp/2030/\320\241\320\265\320\275\321\202\321\217\320\261\321\200\321\214/19-09-30.md"
[2026-06-25 19:13:52]  delete mode 100644 "Life/Temp/2030/\320\241\320\265\320\275\321\202\321\217\320\261\321\200\321\214/20-09-30.md"
[2026-06-25 19:13:52]  delete mode 100644 "Life/Temp/2030/\320\241\320\265\320\275\321\202\321\217\320\261\321\200\321\214/21-09-30.md"
[2026-06-25 19:13:52]  delete mode 100644 "Life/Temp/2030/\320\241\320\265\320\275\321\202\321\217\320\261\321\200\321\214/22-09-30.md"
[2026-06-25 19:13:52]  delete mode 100644 "Life/Temp/2030/\320\241\320\265\320\275\321\202\321\217\320\261\321\200\321\214/23-09-30.md"
[2026-06-25 19:13:52]  delete mode 100644 "Life/Temp/2030/\320\241\320\265\320\275\321\202\321\217\320\261\321\200\321\214/24-09-30.md"
[2026-06-25 19:13:52]  delete mode 100644 "Life/Temp/2030/\320\241\320\265\320\275\321\202\321\217\320\261\321\200\321\214/25-09-30.md"
[2026-06-25 19:13:52]  delete mode 100644 "Life/Temp/2030/\320\241\320\265\320\275\321\202\321\217\320\261\321\200\321\214/26-09-30.md"
[2026-06-25 19:13:52]  delete mode 100644 "Life/Temp/2030/\320\241\320\265\320\275\321\202\321\217\320\261\321\200\321\214/27-09-30.md"
[2026-06-25 19:13:52]  delete mode 100644 "Life/Temp/2030/\320\241\320\265\320\275\321\202\321\217\320\261\321\200\321\214/28-09-30.md"
[2026-06-25 19:13:52]  delete mode 100644 "Life/Temp/2030/\320\241\320\265\320\275\321\202\321\217\320\261\321\200\321\214/29-09-30.md"
[2026-06-25 19:13:52]  delete mode 100644 "Life/Temp/2030/\320\241\320\265\320\275\321\202\321\217\320\261\321\200\321\214/30-09-30.md"
[2026-06-25 19:13:52]  delete mode 100644 "Life/Temp/2030/\320\244\320\265\320\262\321\200\320\260\320\273\321\214/01-02-30.md"
[2026-06-25 19:13:52]  delete mode 100644 "Life/Temp/2030/\320\244\320\265\320\262\321\200\320\260\320\273\321\214/02-02-30.md"
[2026-06-25 19:13:52]  delete mode 100644 "Life/Temp/2030/\320\244\320\265\320\262\321\200\320\260\320\273\321\214/03-02-30.md"
[2026-06-25 19:13:52]  delete mode 100644 "Life/Temp/2030/\320\244\320\265\320\262\321\200\320\260\320\273\321\214/04-02-30.md"
[2026-06-25 19:13:52]  delete mode 100644 "Life/Temp/2030/\320\244\320\265\320\262\321\200\320\260\320\273\321\214/05-02-30.md"
[2026-06-25 19:13:52]  delete mode 100644 "Life/Temp/2030/\320\244\320\265\320\262\321\200\320\260\320\273\321\214/06-02-30.md"
[2026-06-25 19:13:52]  delete mode 100644 "Life/Temp/2030/\320\244\320\265\320\262\321\200\320\260\320\273\321\214/07-02-30.md"
[2026-06-25 19:13:52]  delete mode 100644 "Life/Temp/2030/\320\244\320\265\320\262\321\200\320\260\320\273\321\214/08-02-30.md"
[2026-06-25 19:13:52]  delete mode 100644 "Life/Temp/2030/\320\244\320\265\320\262\321\200\320\260\320\273\321\214/09-02-30.md"
[2026-06-25 19:13:52]  delete mode 100644 "Life/Temp/2030/\320\244\320\265\320\262\321\200\320\260\320\273\321\214/10-02-30.md"
[2026-06-25 19:13:52]  delete mode 100644 "Life/Temp/2030/\320\244\320\265\320\262\321\200\320\260\320\273\321\214/11-02-30.md"
[2026-06-25 19:13:52]  delete mode 100644 "Life/Temp/2030/\320\244\320\265\320\262\321\200\320\260\320\273\321\214/12-02-30.md"
[2026-06-25 19:13:52]  delete mode 100644 "Life/Temp/2030/\320\244\320\265\320\262\321\200\320\260\320\273\321\214/13-02-30.md"
[2026-06-25 19:13:52]  delete mode 100644 "Life/Temp/2030/\320\244\320\265\320\262\321\200\320\260\320\273\321\214/14-02-30.md"
[2026-06-25 19:13:52]  delete mode 100644 "Life/Temp/2030/\320\244\320\265\320\262\321\200\320\260\320\273\321\214/15-02-30.md"
[2026-06-25 19:13:52]  delete mode 100644 "Life/Temp/2030/\320\244\320\265\320\262\321\200\320\260\320\273\321\214/16-02-30.md"
[2026-06-25 19:13:52]  delete mode 100644 "Life/Temp/2030/\320\244\320\265\320\262\321\200\320\260\320\273\321\214/17-02-30.md"
[2026-06-25 19:13:52]  delete mode 100644 "Life/Temp/2030/\320\244\320\265\320\262\321\200\320\260\320\273\321\214/18-02-30.md"
[2026-06-25 19:13:52]  delete mode 100644 "Life/Temp/2030/\320\244\320\265\320\262\321\200\320\260\320\273\321\214/19-02-30.md"
[2026-06-25 19:13:52]  delete mode 100644 "Life/Temp/2030/\320\244\320\265\320\262\321\200\320\260\320\273\321\214/20-02-30.md"
[2026-06-25 19:13:52]  delete mode 100644 "Life/Temp/2030/\320\244\320\265\320\262\321\200\320\260\320\273\321\214/21-02-30.md"
[2026-06-25 19:13:52]  delete mode 100644 "Life/Temp/2030/\320\244\320\265\320\262\321\200\320\260\320\273\321\214/22-02-30.md"
[2026-06-25 19:13:52]  delete mode 100644 "Life/Temp/2030/\320\244\320\265\320\262\321\200\320\260\320\273\321\214/23-02-30.md"
[2026-06-25 19:13:52]  delete mode 100644 "Life/Temp/2030/\320\244\320\265\320\262\321\200\320\260\320\273\321\214/24-02-30.md"
[2026-06-25 19:13:52]  delete mode 100644 "Life/Temp/2030/\320\244\320\265\320\262\321\200\320\260\320\273\321\214/25-02-30.md"
[2026-06-25 19:13:52]  delete mode 100644 "Life/Temp/2030/\320\244\320\265\320\262\321\200\320\260\320\273\321\214/26-02-30.md"
[2026-06-25 19:13:52]  delete mode 100644 "Life/Temp/2030/\320\244\320\265\320\262\321\200\320\260\320\273\321\214/27-02-30.md"
[2026-06-25 19:13:52]  delete mode 100644 "Life/Temp/2030/\320\244\320\265\320\262\321\200\320\260\320\273\321\214/28-02-30.md"
[2026-06-25 19:13:52]  delete mode 100644 "Life/Temp/2030/\320\257\320\275\320\262\320\260\321\200\321\214/01-01-30.md"
[2026-06-25 19:13:52]  delete mode 100644 "Life/Temp/2030/\320\257\320\275\320\262\320\260\321\200\321\214/02-01-30.md"
[2026-06-25 19:13:52]  delete mode 100644 "Life/Temp/2030/\320\257\320\275\320\262\320\260\321\200\321\214/03-01-30.md"
[2026-06-25 19:13:52]  delete mode 100644 "Life/Temp/2030/\320\257\320\275\320\262\320\260\321\200\321\214/04-01-30.md"
[2026-06-25 19:13:52]  delete mode 100644 "Life/Temp/2030/\320\257\320\275\320\262\320\260\321\200\321\214/05-01-30.md"
[2026-06-25 19:13:52]  delete mode 100644 "Life/Temp/2030/\320\257\320\275\320\262\320\260\321\200\321\214/06-01-30.md"
[2026-06-25 19:13:52]  delete mode 100644 "Life/Temp/2030/\320\257\320\275\320\262\320\260\321\200\321\214/07-01-30.md"
[2026-06-25 19:13:52]  delete mode 100644 "Life/Temp/2030/\320\257\320\275\320\262\320\260\321\200\321\214/08-01-30.md"
[2026-06-25 19:13:52]  delete mode 100644 "Life/Temp/2030/\320\257\320\275\320\262\320\260\321\200\321\214/09-01-30.md"
[2026-06-25 19:13:52]  delete mode 100644 "Life/Temp/2030/\320\257\320\275\320\262\320\260\321\200\321\214/10-01-30.md"
[2026-06-25 19:13:52]  delete mode 100644 "Life/Temp/2030/\320\257\320\275\320\262\320\260\321\200\321\214/11-01-30.md"
[2026-06-25 19:13:52]  delete mode 100644 "Life/Temp/2030/\320\257\320\275\320\262\320\260\321\200\321\214/12-01-30.md"
[2026-06-25 19:13:52]  delete mode 100644 "Life/Temp/2030/\320\257\320\275\320\262\320\260\321\200\321\214/13-01-30.md"
[2026-06-25 19:13:52]  delete mode 100644 "Life/Temp/2030/\320\257\320\275\320\262\320\260\321\200\321\214/14-01-30.md"
[2026-06-25 19:13:52]  delete mode 100644 "Life/Temp/2030/\320\257\320\275\320\262\320\260\321\200\321\214/15-01-30.md"
[2026-06-25 19:13:52]  delete mode 100644 "Life/Temp/2030/\320\257\320\275\320\262\320\260\321\200\321\214/16-01-30.md"
[2026-06-25 19:13:52]  delete mode 100644 "Life/Temp/2030/\320\257\320\275\320\262\320\260\321\200\321\214/17-01-30.md"
[2026-06-25 19:13:52]  delete mode 100644 "Life/Temp/2030/\320\257\320\275\320\262\320\260\321\200\321\214/18-01-30.md"
[2026-06-25 19:13:52]  delete mode 100644 "Life/Temp/2030/\320\257\320\275\320\262\320\260\321\200\321\214/19-01-30.md"
[2026-06-25 19:13:52]  delete mode 100644 "Life/Temp/2030/\320\257\320\275\320\262\320\260\321\200\321\214/20-01-30.md"
[2026-06-25 19:13:52]  delete mode 100644 "Life/Temp/2030/\320\257\320\275\320\262\320\260\321\200\321\214/21-01-30.md"
[2026-06-25 19:13:52]  delete mode 100644 "Life/Temp/2030/\320\257\320\275\320\262\320\260\321\200\321\214/22-01-30.md"
[2026-06-25 19:13:52]  delete mode 100644 "Life/Temp/2030/\320\257\320\275\320\262\320\260\321\200\321\214/23-01-30.md"
[2026-06-25 19:13:52]  delete mode 100644 "Life/Temp/2030/\320\257\320\275\320\262\320\260\321\200\321\214/24-01-30.md"
[2026-06-25 19:13:52]  delete mode 100644 "Life/Temp/2030/\320\257\320\275\320\262\320\260\321\200\321\214/25-01-30.md"
[2026-06-25 19:13:52]  delete mode 100644 "Life/Temp/2030/\320\257\320\275\320\262\320\260\321\200\321\214/26-01-30.md"
[2026-06-25 19:13:52]  delete mode 100644 "Life/Temp/2030/\320\257\320\275\320\262\320\260\321\200\321\214/27-01-30.md"
[2026-06-25 19:13:52]  delete mode 100644 "Life/Temp/2030/\320\257\320\275\320\262\320\260\321\200\321\214/28-01-30.md"
[2026-06-25 19:13:52]  delete mode 100644 "Life/Temp/2030/\320\257\320\275\320\262\320\260\321\200\321\214/29-01-30.md"
[2026-06-25 19:13:52]  delete mode 100644 "Life/Temp/2030/\320\257\320\275\320\262\320\260\321\200\321\214/30-01-30.md"
[2026-06-25 19:13:52]  delete mode 100644 "Life/Temp/2030/\320\257\320\275\320\262\320\260\321\200\321\214/31-01-30.md"
[2026-06-25 19:13:52]  delete mode 100644 "Life/Temp/2031/\320\220\320\262\320\263\321\203\321\201\321\202/01-08-31.md"
[2026-06-25 19:13:52]  delete mode 100644 "Life/Temp/2031/\320\220\320\262\320\263\321\203\321\201\321\202/02-08-31.md"
[2026-06-25 19:13:52]  delete mode 100644 "Life/Temp/2031/\320\220\320\262\320\263\321\203\321\201\321\202/03-08-31.md"
[2026-06-25 19:13:52]  delete mode 100644 "Life/Temp/2031/\320\220\320\262\320\263\321\203\321\201\321\202/04-08-31.md"
[2026-06-25 19:13:52]  delete mode 100644 "Life/Temp/2031/\320\220\320\262\320\263\321\203\321\201\321\202/05-08-31.md"
[2026-06-25 19:13:52]  delete mode 100644 "Life/Temp/2031/\320\220\320\262\320\263\321\203\321\201\321\202/06-08-31.md"
[2026-06-25 19:13:52]  delete mode 100644 "Life/Temp/2031/\320\220\320\262\320\263\321\203\321\201\321\202/07-08-31.md"
[2026-06-25 19:13:52]  delete mode 100644 "Life/Temp/2031/\320\220\320\262\320\263\321\203\321\201\321\202/08-08-31.md"
[2026-06-25 19:13:52]  delete mode 100644 "Life/Temp/2031/\320\220\320\262\320\263\321\203\321\201\321\202/09-08-31.md"
[2026-06-25 19:13:52]  delete mode 100644 "Life/Temp/2031/\320\220\320\262\320\263\321\203\321\201\321\202/10-08-31.md"
[2026-06-25 19:13:52]  delete mode 100644 "Life/Temp/2031/\320\220\320\262\320\263\321\203\321\201\321\202/11-08-31.md"
[2026-06-25 19:13:52]  delete mode 100644 "Life/Temp/2031/\320\220\320\262\320\263\321\203\321\201\321\202/12-08-31.md"
[2026-06-25 19:13:52]  delete mode 100644 "Life/Temp/2031/\320\220\320\262\320\263\321\203\321\201\321\202/13-08-31.md"
[2026-06-25 19:13:52]  delete mode 100644 "Life/Temp/2031/\320\220\320\262\320\263\321\203\321\201\321\202/14-08-31.md"
[2026-06-25 19:13:52]  delete mode 100644 "Life/Temp/2031/\320\220\320\262\320\263\321\203\321\201\321\202/15-08-31.md"
[2026-06-25 19:13:52]  delete mode 100644 "Life/Temp/2031/\320\220\320\262\320\263\321\203\321\201\321\202/16-08-31.md"
[2026-06-25 19:13:52]  delete mode 100644 "Life/Temp/2031/\320\220\320\262\320\263\321\203\321\201\321\202/17-08-31.md"
[2026-06-25 19:13:52]  delete mode 100644 "Life/Temp/2031/\320\220\320\262\320\263\321\203\321\201\321\202/18-08-31.md"
[2026-06-25 19:13:52]  delete mode 100644 "Life/Temp/2031/\320\220\320\262\320\263\321\203\321\201\321\202/19-08-31.md"
[2026-06-25 19:13:52]  delete mode 100644 "Life/Temp/2031/\320\220\320\262\320\263\321\203\321\201\321\202/20-08-31.md"
[2026-06-25 19:13:52]  delete mode 100644 "Life/Temp/2031/\320\220\320\262\320\263\321\203\321\201\321\202/21-08-31.md"
[2026-06-25 19:13:52]  delete mode 100644 "Life/Temp/2031/\320\220\320\262\320\263\321\203\321\201\321\202/22-08-31.md"
[2026-06-25 19:13:52]  delete mode 100644 "Life/Temp/2031/\320\220\320\262\320\263\321\203\321\201\321\202/23-08-31.md"
[2026-06-25 19:13:52]  delete mode 100644 "Life/Temp/2031/\320\220\320\262\320\263\321\203\321\201\321\202/24-08-31.md"
[2026-06-25 19:13:52]  delete mode 100644 "Life/Temp/2031/\320\220\320\262\320\263\321\203\321\201\321\202/25-08-31.md"
[2026-06-25 19:13:52]  delete mode 100644 "Life/Temp/2031/\320\220\320\262\320\263\321\203\321\201\321\202/26-08-31.md"
[2026-06-25 19:13:52]  delete mode 100644 "Life/Temp/2031/\320\220\320\262\320\263\321\203\321\201\321\202/27-08-31.md"
[2026-06-25 19:13:52]  delete mode 100644 "Life/Temp/2031/\320\220\320\262\320\263\321\203\321\201\321\202/28-08-31.md"
[2026-06-25 19:13:52]  delete mode 100644 "Life/Temp/2031/\320\220\320\262\320\263\321\203\321\201\321\202/29-08-31.md"
[2026-06-25 19:13:52]  delete mode 100644 "Life/Temp/2031/\320\220\320\262\320\263\321\203\321\201\321\202/30-08-31.md"
[2026-06-25 19:13:52]  delete mode 100644 "Life/Temp/2031/\320\220\320\262\320\263\321\203\321\201\321\202/31-08-31.md"
[2026-06-25 19:13:52]  delete mode 100644 "Life/Temp/2031/\320\220\320\277\321\200\320\265\320\273\321\214/01-04-31.md"
[2026-06-25 19:13:52]  delete mode 100644 "Life/Temp/2031/\320\220\320\277\321\200\320\265\320\273\321\214/02-04-31.md"
[2026-06-25 19:13:52]  delete mode 100644 "Life/Temp/2031/\320\220\320\277\321\200\320\265\320\273\321\214/03-04-31.md"
[2026-06-25 19:13:52]  delete mode 100644 "Life/Temp/2031/\320\220\320\277\321\200\320\265\320\273\321\214/04-04-31.md"
[2026-06-25 19:13:52]  delete mode 100644 "Life/Temp/2031/\320\220\320\277\321\200\320\265\320\273\321\214/05-04-31.md"
[2026-06-25 19:13:52]  delete mode 100644 "Life/Temp/2031/\320\220\320\277\321\200\320\265\320\273\321\214/06-04-31.md"
[2026-06-25 19:13:52]  delete mode 100644 "Life/Temp/2031/\320\220\320\277\321\200\320\265\320\273\321\214/07-04-31.md"
[2026-06-25 19:13:53]  delete mode 100644 "Life/Temp/2031/\320\235\320\276\321\217\320\261\321\200\321\214/17-11-31.md"
[2026-06-25 19:13:53]  delete mode 100644 "Life/Temp/2031/\320\235\320\276\321\217\320\261\321\200\321\214/18-11-31.md"
[2026-06-25 19:13:53]  delete mode 100644 "Life/Temp/2031/\320\235\320\276\321\217\320\261\321\200\321\214/19-11-31.md"
[2026-06-25 19:13:53]  delete mode 100644 "Life/Temp/2031/\320\235\320\276\321\217\320\261\321\200\321\214/20-11-31.md"
[2026-06-25 19:13:53]  delete mode 100644 "Life/Temp/2031/\320\235\320\276\321\217\320\261\321\200\321\214/21-11-31.md"
[2026-06-25 19:13:53]  delete mode 100644 "Life/Temp/2031/\320\235\320\276\321\217\320\261\321\200\321\214/22-11-31.md"
[2026-06-25 19:13:53]  delete mode 100644 "Life/Temp/2031/\320\235\320\276\321\217\320\261\321\200\321\214/23-11-31.md"
[2026-06-25 19:13:53]  delete mode 100644 "Life/Temp/2031/\320\235\320\276\321\217\320\261\321\200\321\214/24-11-31.md"
[2026-06-25 19:13:53]  delete mode 100644 "Life/Temp/2031/\320\235\320\276\321\217\320\261\321\200\321\214/25-11-31.md"
[2026-06-25 19:13:53]  delete mode 100644 "Life/Temp/2031/\320\235\320\276\321\217\320\261\321\200\321\214/26-11-31.md"
[2026-06-25 19:13:53]  delete mode 100644 "Life/Temp/2031/\320\235\320\276\321\217\320\261\321\200\321\214/27-11-31.md"
[2026-06-25 19:13:53]  delete mode 100644 "Life/Temp/2031/\320\235\320\276\321\217\320\261\321\200\321\214/28-11-31.md"
[2026-06-25 19:13:53]  delete mode 100644 "Life/Temp/2031/\320\235\320\276\321\217\320\261\321\200\321\214/29-11-31.md"
[2026-06-25 19:13:53]  delete mode 100644 "Life/Temp/2031/\320\235\320\276\321\217\320\261\321\200\321\214/30-11-31.md"
[2026-06-25 19:13:53]  delete mode 100644 "Life/Temp/2031/\320\236\320\272\321\202\321\217\320\261\321\200\321\214/01-10-31.md"
[2026-06-25 19:13:53]  delete mode 100644 "Life/Temp/2031/\320\236\320\272\321\202\321\217\320\261\321\200\321\214/02-10-31.md"
[2026-06-25 19:13:53]  delete mode 100644 "Life/Temp/2031/\320\236\320\272\321\202\321\217\320\261\321\200\321\214/03-10-31.md"
[2026-06-25 19:13:53]  delete mode 100644 "Life/Temp/2031/\320\236\320\272\321\202\321\217\320\261\321\200\321\214/04-10-31.md"
[2026-06-25 19:13:53]  delete mode 100644 "Life/Temp/2031/\320\236\320\272\321\202\321\217\320\261\321\200\321\214/05-10-31.md"
[2026-06-25 19:13:53]  delete mode 100644 "Life/Temp/2031/\320\236\320\272\321\202\321\217\320\261\321\200\321\214/06-10-31.md"
[2026-06-25 19:13:53]  delete mode 100644 "Life/Temp/2031/\320\236\320\272\321\202\321\217\320\261\321\200\321\214/07-10-31.md"
[2026-06-25 19:13:53]  delete mode 100644 "Life/Temp/2031/\320\236\320\272\321\202\321\217\320\261\321\200\321\214/08-10-31.md"
[2026-06-25 19:13:53]  delete mode 100644 "Life/Temp/2031/\320\236\320\272\321\202\321\217\320\261\321\200\321\214/09-10-31.md"
[2026-06-25 19:13:53]  delete mode 100644 "Life/Temp/2031/\320\236\320\272\321\202\321\217\320\261\321\200\321\214/10-10-31.md"
[2026-06-25 19:13:53]  delete mode 100644 "Life/Temp/2031/\320\236\320\272\321\202\321\217\320\261\321\200\321\214/11-10-31.md"
[2026-06-25 19:13:53]  delete mode 100644 "Life/Temp/2031/\320\236\320\272\321\202\321\217\320\261\321\200\321\214/12-10-31.md"
[2026-06-25 19:13:53]  delete mode 100644 "Life/Temp/2031/\320\236\320\272\321\202\321\217\320\261\321\200\321\214/13-10-31.md"
[2026-06-25 19:13:53]  delete mode 100644 "Life/Temp/2031/\320\236\320\272\321\202\321\217\320\261\321\200\321\214/14-10-31.md"
[2026-06-25 19:13:53]  delete mode 100644 "Life/Temp/2031/\320\236\320\272\321\202\321\217\320\261\321\200\321\214/15-10-31.md"
[2026-06-25 19:13:53]  delete mode 100644 "Life/Temp/2031/\320\236\320\272\321\202\321\217\320\261\321\200\321\214/16-10-31.md"
[2026-06-25 19:13:53]  delete mode 100644 "Life/Temp/2031/\320\236\320\272\321\202\321\217\320\261\321\200\321\214/17-10-31.md"
[2026-06-25 19:13:53]  delete mode 100644 "Life/Temp/2031/\320\236\320\272\321\202\321\217\320\261\321\200\321\214/18-10-31.md"
[2026-06-25 19:13:53]  delete mode 100644 "Life/Temp/2031/\320\236\320\272\321\202\321\217\320\261\321\200\321\214/19-10-31.md"
[2026-06-25 19:13:53]  delete mode 100644 "Life/Temp/2031/\320\236\320\272\321\202\321\217\320\261\321\200\321\214/20-10-31.md"
[2026-06-25 19:13:53]  delete mode 100644 "Life/Temp/2031/\320\236\320\272\321\202\321\217\320\261\321\200\321\214/21-10-31.md"
[2026-06-25 19:13:53]  delete mode 100644 "Life/Temp/2031/\320\236\320\272\321\202\321\217\320\261\321\200\321\214/22-10-31.md"
[2026-06-25 19:13:53]  delete mode 100644 "Life/Temp/2031/\320\236\320\272\321\202\321\217\320\261\321\200\321\214/23-10-31.md"
[2026-06-25 19:13:53]  delete mode 100644 "Life/Temp/2031/\320\236\320\272\321\202\321\217\320\261\321\200\321\214/24-10-31.md"
[2026-06-25 19:13:53]  delete mode 100644 "Life/Temp/2031/\320\236\320\272\321\202\321\217\320\261\321\200\321\214/25-10-31.md"
[2026-06-25 19:13:53]  delete mode 100644 "Life/Temp/2031/\320\236\320\272\321\202\321\217\320\261\321\200\321\214/26-10-31.md"
[2026-06-25 19:13:53]  delete mode 100644 "Life/Temp/2031/\320\236\320\272\321\202\321\217\320\261\321\200\321\214/27-10-31.md"
[2026-06-25 19:13:53]  delete mode 100644 "Life/Temp/2031/\320\236\320\272\321\202\321\217\320\261\321\200\321\214/28-10-31.md"
[2026-06-25 19:13:53]  delete mode 100644 "Life/Temp/2031/\320\236\320\272\321\202\321\217\320\261\321\200\321\214/29-10-31.md"
[2026-06-25 19:13:53]  delete mode 100644 "Life/Temp/2031/\320\236\320\272\321\202\321\217\320\261\321\200\321\214/30-10-31.md"
[2026-06-25 19:13:53]  delete mode 100644 "Life/Temp/2031/\320\236\320\272\321\202\321\217\320\261\321\200\321\214/31-10-31.md"
[2026-06-25 19:13:53]  delete mode 100644 "Life/Temp/2031/\320\241\320\265\320\275\321\202\321\217\320\261\321\200\321\214/01-09-31.md"
[2026-06-25 19:13:53]  delete mode 100644 "Life/Temp/2031/\320\241\320\265\320\275\321\202\321\217\320\261\321\200\321\214/02-09-31.md"
[2026-06-25 19:13:53]  delete mode 100644 "Life/Temp/2031/\320\241\320\265\320\275\321\202\321\217\320\261\321\200\321\214/03-09-31.md"
[2026-06-25 19:13:53]  delete mode 100644 "Life/Temp/2031/\320\241\320\265\320\275\321\202\321\217\320\261\321\200\321\214/04-09-31.md"
[2026-06-25 19:13:53]  delete mode 100644 "Life/Temp/2031/\320\241\320\265\320\275\321\202\321\217\320\261\321\200\321\214/05-09-31.md"
[2026-06-25 19:13:53]  delete mode 100644 "Life/Temp/2031/\320\241\320\265\320\275\321\202\321\217\320\261\321\200\321\214/06-09-31.md"
[2026-06-25 19:13:53]  delete mode 100644 "Life/Temp/2031/\320\241\320\265\320\275\321\202\321\217\320\261\321\200\321\214/07-09-31.md"
[2026-06-25 19:13:53]  delete mode 100644 "Life/Temp/2031/\320\241\320\265\320\275\321\202\321\217\320\261\321\200\321\214/08-09-31.md"
[2026-06-25 19:13:53]  delete mode 100644 "Life/Temp/2031/\320\241\320\265\320\275\321\202\321\217\320\261\321\200\321\214/09-09-31.md"
[2026-06-25 19:13:53]  delete mode 100644 "Life/Temp/2031/\320\241\320\265\320\275\321\202\321\217\320\261\321\200\321\214/10-09-31.md"
[2026-06-25 19:13:53]  delete mode 100644 "Life/Temp/2031/\320\241\320\265\320\275\321\202\321\217\320\261\321\200\321\214/11-09-31.md"
[2026-06-25 19:13:53]  delete mode 100644 "Life/Temp/2031/\320\241\320\265\320\275\321\202\321\217\320\261\321\200\321\214/12-09-31.md"
[2026-06-25 19:13:53]  delete mode 100644 "Life/Temp/2031/\320\241\320\265\320\275\321\202\321\217\320\261\321\200\321\214/13-09-31.md"
[2026-06-25 19:13:53]  delete mode 100644 "Life/Temp/2031/\320\241\320\265\320\275\321\202\321\217\320\261\321\200\321\214/14-09-31.md"
[2026-06-25 19:13:53]  delete mode 100644 "Life/Temp/2031/\320\241\320\265\320\275\321\202\321\217\320\261\321\200\321\214/15-09-31.md"
[2026-06-25 19:13:53]  delete mode 100644 "Life/Temp/2031/\320\241\320\265\320\275\321\202\321\217\320\261\321\200\321\214/16-09-31.md"
[2026-06-25 19:13:53]  delete mode 100644 "Life/Temp/2031/\320\241\320\265\320\275\321\202\321\217\320\261\321\200\321\214/17-09-31.md"
[2026-06-25 19:13:53]  delete mode 100644 "Life/Temp/2031/\320\241\320\265\320\275\321\202\321\217\320\261\321\200\321\214/18-09-31.md"
[2026-06-25 19:13:53]  delete mode 100644 "Life/Temp/2031/\320\241\320\265\320\275\321\202\321\217\320\261\321\200\321\214/19-09-31.md"
[2026-06-25 19:13:53]  delete mode 100644 "Life/Temp/2031/\320\241\320\265\320\275\321\202\321\217\320\261\321\200\321\214/20-09-31.md"
[2026-06-25 19:13:53]  delete mode 100644 "Life/Temp/2031/\320\241\320\265\320\275\321\202\321\217\320\261\321\200\321\214/21-09-31.md"
[2026-06-25 19:13:53]  delete mode 100644 "Life/Temp/2031/\320\241\320\265\320\275\321\202\321\217\320\261\321\200\321\214/22-09-31.md"
[2026-06-25 19:13:53]  delete mode 100644 "Life/Temp/2031/\320\241\320\265\320\275\321\202\321\217\320\261\321\200\321\214/23-09-31.md"
[2026-06-25 19:13:53]  delete mode 100644 "Life/Temp/2031/\320\241\320\265\320\275\321\202\321\217\320\261\321\200\321\214/24-09-31.md"
[2026-06-25 19:13:53]  delete mode 100644 "Life/Temp/2031/\320\241\320\265\320\275\321\202\321\217\320\261\321\200\321\214/25-09-31.md"
[2026-06-25 19:13:53]  delete mode 100644 "Life/Temp/2031/\320\241\320\265\320\275\321\202\321\217\320\261\321\200\321\214/26-09-31.md"
[2026-06-25 19:13:53]  delete mode 100644 "Life/Temp/2031/\320\241\320\265\320\275\321\202\321\217\320\261\321\200\321\214/27-09-31.md"
[2026-06-25 19:13:53]  delete mode 100644 "Life/Temp/2031/\320\241\320\265\320\275\321\202\321\217\320\261\321\200\321\214/28-09-31.md"
[2026-06-25 19:13:53]  delete mode 100644 "Life/Temp/2031/\320\241\320\265\320\275\321\202\321\217\320\261\321\200\321\214/29-09-31.md"
[2026-06-25 19:13:53]  delete mode 100644 "Life/Temp/2031/\320\241\320\265\320\275\321\202\321\217\320\261\321\200\321\214/30-09-31.md"
[2026-06-25 19:13:53]  delete mode 100644 "Life/Temp/2031/\320\244\320\265\320\262\321\200\320\260\320\273\321\214/01-02-31.md"
[2026-06-25 19:13:53]  delete mode 100644 "Life/Temp/2031/\320\244\320\265\320\262\321\200\320\260\320\273\321\214/02-02-31.md"
[2026-06-25 19:13:53]  delete mode 100644 "Life/Temp/2031/\320\244\320\265\320\262\321\200\320\260\320\273\321\214/03-02-31.md"
[2026-06-25 19:13:53]  delete mode 100644 "Life/Temp/2031/\320\244\320\265\320\262\321\200\320\260\320\273\321\214/04-02-31.md"
[2026-06-25 19:13:53]  delete mode 100644 "Life/Temp/2031/\320\244\320\265\320\262\321\200\320\260\320\273\321\214/05-02-31.md"
[2026-06-25 19:13:53]  delete mode 100644 "Life/Temp/2031/\320\244\320\265\320\262\321\200\320\260\320\273\321\214/06-02-31.md"
[2026-06-25 19:13:53]  delete mode 100644 "Life/Temp/2031/\320\244\320\265\320\262\321\200\320\260\320\273\321\214/07-02-31.md"
[2026-06-25 19:13:53]  delete mode 100644 "Life/Temp/2031/\320\244\320\265\320\262\321\200\320\260\320\273\321\214/08-02-31.md"
[2026-06-25 19:13:53]  delete mode 100644 "Life/Temp/2031/\320\244\320\265\320\262\321\200\320\260\320\273\321\214/09-02-31.md"
[2026-06-25 19:13:53]  delete mode 100644 "Life/Temp/2031/\320\244\320\265\320\262\321\200\320\260\320\273\321\214/10-02-31.md"
[2026-06-25 19:13:53]  delete mode 100644 "Life/Temp/2031/\320\244\320\265\320\262\321\200\320\260\320\273\321\214/11-02-31.md"
[2026-06-25 19:13:53]  delete mode 100644 "Life/Temp/2031/\320\244\320\265\320\262\321\200\320\260\320\273\321\214/12-02-31.md"
[2026-06-25 19:13:53]  delete mode 100644 "Life/Temp/2031/\320\244\320\265\320\262\321\200\320\260\320\273\321\214/13-02-31.md"
[2026-06-25 19:13:53]  delete mode 100644 "Life/Temp/2031/\320\244\320\265\320\262\321\200\320\260\320\273\321\214/14-02-31.md"
[2026-06-25 19:13:53]  delete mode 100644 "Life/Temp/2031/\320\244\320\265\320\262\321\200\320\260\320\273\321\214/15-02-31.md"
[2026-06-25 19:13:53]  delete mode 100644 "Life/Temp/2031/\320\244\320\265\320\262\321\200\320\260\320\273\321\214/16-02-31.md"
[2026-06-25 19:13:53]  delete mode 100644 "Life/Temp/2031/\320\244\320\265\320\262\321\200\320\260\320\273\321\214/17-02-31.md"
[2026-06-25 19:13:53]  delete mode 100644 "Life/Temp/2031/\320\244\320\265\320\262\321\200\320\260\320\273\321\214/18-02-31.md"
[2026-06-25 19:13:53]  delete mode 100644 "Life/Temp/2031/\320\244\320\265\320\262\321\200\320\260\320\273\321\214/19-02-31.md"
[2026-06-25 19:13:53]  delete mode 100644 "Life/Temp/2031/\320\244\320\265\320\262\321\200\320\260\320\273\321\214/20-02-31.md"
[2026-06-25 19:13:53]  delete mode 100644 "Life/Temp/2031/\320\244\320\265\320\262\321\200\320\260\320\273\321\214/21-02-31.md"
[2026-06-25 19:13:53]  delete mode 100644 "Life/Temp/2031/\320\244\320\265\320\262\321\200\320\260\320\273\321\214/22-02-31.md"
[2026-06-25 19:13:53]  delete mode 100644 "Life/Temp/2031/\320\244\320\265\320\262\321\200\320\260\320\273\321\214/23-02-31.md"
[2026-06-25 19:13:53]  delete mode 100644 "Life/Temp/2031/\320\244\320\265\320\262\321\200\320\260\320\273\321\214/24-02-31.md"
[2026-06-25 19:13:53]  delete mode 100644 "Life/Temp/2031/\320\244\320\265\320\262\321\200\320\260\320\273\321\214/25-02-31.md"
[2026-06-25 19:13:53]  delete mode 100644 "Life/Temp/2031/\320\244\320\265\320\262\321\200\320\260\320\273\321\214/26-02-31.md"
[2026-06-25 19:13:53]  delete mode 100644 "Life/Temp/2031/\320\244\320\265\320\262\321\200\320\260\320\273\321\214/27-02-31.md"
[2026-06-25 19:13:53]  delete mode 100644 "Life/Temp/2031/\320\244\320\265\320\262\321\200\320\260\320\273\321\214/28-02-31.md"
[2026-06-25 19:13:53]  delete mode 100644 "Life/Temp/2031/\320\257\320\275\320\262\320\260\321\200\321\214/01-01-31.md"
[2026-06-25 19:13:53]  delete mode 100644 "Life/Temp/2031/\320\257\320\275\320\262\320\260\321\200\321\214/02-01-31.md"
[2026-06-25 19:13:53]  delete mode 100644 "Life/Temp/2031/\320\257\320\275\320\262\320\260\321\200\321\214/03-01-31.md"
[2026-06-25 19:13:53]  delete mode 100644 "Life/Temp/2031/\320\257\320\275\320\262\320\260\321\200\321\214/04-01-31.md"
[2026-06-25 19:13:53]  delete mode 100644 "Life/Temp/2031/\320\257\320\275\320\262\320\260\321\200\321\214/05-01-31.md"
[2026-06-25 19:13:53]  delete mode 100644 "Life/Temp/2031/\320\257\320\275\320\262\320\260\321\200\321\214/06-01-31.md"
[2026-06-25 19:13:53]  delete mode 100644 "Life/Temp/2031/\320\257\320\275\320\262\320\260\321\200\321\214/07-01-31.md"
[2026-06-25 19:13:53]  delete mode 100644 "Life/Temp/2031/\320\257\320\275\320\262\320\260\321\200\321\214/08-01-31.md"
[2026-06-25 19:13:53]  delete mode 100644 "Life/Temp/2031/\320\257\320\275\320\262\320\260\321\200\321\214/09-01-31.md"
[2026-06-25 19:13:53]  delete mode 100644 "Life/Temp/2031/\320\257\320\275\320\262\320\260\321\200\321\214/10-01-31.md"
[2026-06-25 19:13:53]  delete mode 100644 "Life/Temp/2031/\320\257\320\275\320\262\320\260\321\200\321\214/11-01-31.md"
[2026-06-25 19:13:53]  delete mode 100644 "Life/Temp/2031/\320\257\320\275\320\262\320\260\321\200\321\214/12-01-31.md"
[2026-06-25 19:13:53]  delete mode 100644 "Life/Temp/2031/\320\257\320\275\320\262\320\260\321\200\321\214/13-01-31.md"
[2026-06-25 19:13:53]  delete mode 100644 "Life/Temp/2031/\320\257\320\275\320\262\320\260\321\200\321\214/14-01-31.md"
[2026-06-25 19:13:53]  delete mode 100644 "Life/Temp/2031/\320\257\320\275\320\262\320\260\321\200\321\214/15-01-31.md"
[2026-06-25 19:13:53]  delete mode 100644 "Life/Temp/2031/\320\257\320\275\320\262\320\260\321\200\321\214/16-01-31.md"
[2026-06-25 19:13:53]  delete mode 100644 "Life/Temp/2031/\320\257\320\275\320\262\320\260\321\200\321\214/17-01-31.md"
[2026-06-25 19:13:53]  delete mode 100644 "Life/Temp/2031/\320\257\320\275\320\262\320\260\321\200\321\214/18-01-31.md"
[2026-06-25 19:13:53]  delete mode 100644 "Life/Temp/2031/\320\257\320\275\320\262\320\260\321\200\321\214/19-01-31.md"
[2026-06-25 19:13:53]  delete mode 100644 "Life/Temp/2031/\320\257\320\275\320\262\320\260\321\200\321\214/20-01-31.md"
[2026-06-25 19:13:53]  delete mode 100644 "Life/Temp/2031/\320\257\320\275\320\262\320\260\321\200\321\214/21-01-31.md"
[2026-06-25 19:13:53]  delete mode 100644 "Life/Temp/2031/\320\257\320\275\320\262\320\260\321\200\321\214/22-01-31.md"
[2026-06-25 19:13:53]  delete mode 100644 "Life/Temp/2031/\320\257\320\275\320\262\320\260\321\200\321\214/23-01-31.md"
[2026-06-25 19:13:53]  delete mode 100644 "Life/Temp/2031/\320\257\320\275\320\262\320\260\321\200\321\214/24-01-31.md"
[2026-06-25 19:13:53]  delete mode 100644 "Life/Temp/2031/\320\257\320\275\320\262\320\260\321\200\321\214/25-01-31.md"
[2026-06-25 19:13:53]  delete mode 100644 "Life/Temp/2031/\320\257\320\275\320\262\320\260\321\200\321\214/26-01-31.md"
[2026-06-25 19:13:53]  delete mode 100644 "Life/Temp/2031/\320\257\320\275\320\262\320\260\321\200\321\214/27-01-31.md"
[2026-06-25 19:13:53]  delete mode 100644 "Life/Temp/2031/\320\257\320\275\320\262\320\260\321\200\321\214/28-01-31.md"
[2026-06-25 19:13:53]  delete mode 100644 "Life/Temp/2031/\320\257\320\275\320\262\320\260\321\200\321\214/29-01-31.md"
[2026-06-25 19:13:53]  delete mode 100644 "Life/Temp/2031/\320\257\320\275\320\262\320\260\321\200\321\214/30-01-31.md"
[2026-06-25 19:13:53]  delete mode 100644 "Life/Temp/2031/\320\257\320\275\320\262\320\260\321\200\321\214/31-01-31.md"
[2026-06-25 19:13:53]  delete mode 100644 "Life/Temp/2032/\320\220\320\262\320\263\321\203\321\201\321\202/01-08-32.md"
[2026-06-25 19:13:53]  delete mode 100644 "Life/Temp/2032/\320\220\320\262\320\263\321\203\321\201\321\202/02-08-32.md"
[2026-06-25 19:13:53]  delete mode 100644 "Life/Temp/2032/\320\220\320\262\320\263\321\203\321\201\321\202/03-08-32.md"
[2026-06-25 19:13:53]  delete mode 100644 "Life/Temp/2032/\320\220\320\262\320\263\321\203\321\201\321\202/04-08-32.md"
[2026-06-25 19:13:53]  delete mode 100644 "Life/Temp/2032/\320\220\320\262\320\263\321\203\321\201\321\202/05-08-32.md"
[2026-06-25 19:13:53]  delete mode 100644 "Life/Temp/2032/\320\220\320\262\320\263\321\203\321\201\321\202/06-08-32.md"
[2026-06-25 19:13:53]  delete mode 100644 "Life/Temp/2032/\320\220\320\262\320\263\321\203\321\201\321\202/07-08-32.md"
[2026-06-25 19:13:53]  delete mode 100644 "Life/Temp/2032/\320\220\320\262\320\263\321\203\321\201\321\202/08-08-32.md"
[2026-06-25 19:13:53]  delete mode 100644 "Life/Temp/2032/\320\220\320\262\320\263\321\203\321\201\321\202/09-08-32.md"
[2026-06-25 19:13:53]  delete mode 100644 "Life/Temp/2032/\320\220\320\262\320\263\321\203\321\201\321\202/10-08-32.md"
[2026-06-25 19:13:53]  delete mode 100644 "Life/Temp/2032/\320\220\320\262\320\263\321\203\321\201\321\202/11-08-32.md"
[2026-06-25 19:13:53]  delete mode 100644 "Life/Temp/2032/\320\220\320\262\320\263\321\203\321\201\321\202/12-08-32.md"
[2026-06-25 19:13:53]  delete mode 100644 "Life/Temp/2032/\320\220\320\262\320\263\321\203\321\201\321\202/13-08-32.md"
[2026-06-25 19:13:53]  delete mode 100644 "Life/Temp/2032/\320\220\320\262\320\263\321\203\321\201\321\202/14-08-32.md"
[2026-06-25 19:13:53]  delete mode 100644 "Life/Temp/2032/\320\220\320\262\320\263\321\203\321\201\321\202/15-08-32.md"
[2026-06-25 19:13:53]  delete mode 100644 "Life/Temp/2032/\320\220\320\262\320\263\321\203\321\201\321\202/16-08-32.md"
[2026-06-25 19:13:53]  delete mode 100644 "Life/Temp/2032/\320\220\320\262\320\263\321\203\321\201\321\202/17-08-32.md"
[2026-06-25 19:13:53]  delete mode 100644 "Life/Temp/2032/\320\220\320\262\320\263\321\203\321\201\321\202/18-08-32.md"
[2026-06-25 19:13:53]  delete mode 100644 "Life/Temp/2032/\320\220\320\262\320\263\321\203\321\201\321\202/19-08-32.md"
[2026-06-25 19:13:53]  delete mode 100644 "Life/Temp/2032/\320\220\320\262\320\263\321\203\321\201\321\202/20-08-32.md"
[2026-06-25 19:13:53]  delete mode 100644 "Life/Temp/2032/\320\220\320\262\320\263\321\203\321\201\321\202/21-08-32.md"
[2026-06-25 19:13:53]  delete mode 100644 "Life/Temp/2032/\320\220\320\262\320\263\321\203\321\201\321\202/22-08-32.md"
[2026-06-25 19:13:53]  delete mode 100644 "Life/Temp/2032/\320\220\320\262\320\263\321\203\321\201\321\202/23-08-32.md"
[2026-06-25 19:13:53]  delete mode 100644 "Life/Temp/2032/\320\220\320\262\320\263\321\203\321\201\321\202/24-08-32.md"
[2026-06-25 19:13:53]  delete mode 100644 "Life/Temp/2032/\320\220\320\262\320\263\321\203\321\201\321\202/25-08-32.md"
[2026-06-25 19:13:53]  delete mode 100644 "Life/Temp/2032/\320\220\320\262\320\263\321\203\321\201\321\202/26-08-32.md"
[2026-06-25 19:13:53]  delete mode 100644 "Life/Temp/2032/\320\220\320\262\320\263\321\203\321\201\321\202/27-08-32.md"
[2026-06-25 19:13:53]  delete mode 100644 "Life/Temp/2032/\320\220\320\262\320\263\321\203\321\201\321\202/28-08-32.md"
[2026-06-25 19:13:53]  delete mode 100644 "Life/Temp/2032/\320\220\320\262\320\263\321\203\321\201\321\202/29-08-32.md"
[2026-06-25 19:13:53]  delete mode 100644 "Life/Temp/2032/\320\220\320\262\320\263\321\203\321\201\321\202/30-08-32.md"
[2026-06-25 19:13:53]  delete mode 100644 "Life/Temp/2032/\320\220\320\262\320\263\321\203\321\201\321\202/31-08-32.md"
[2026-06-25 19:13:53]  delete mode 100644 "Life/Temp/2032/\320\220\320\277\321\200\320\265\320\273\321\214/01-04-32.md"
[2026-06-25 19:13:53]  delete mode 100644 "Life/Temp/2032/\320\220\320\277\321\200\320\265\320\273\321\214/02-04-32.md"
[2026-06-25 19:13:53]  delete mode 100644 "Life/Temp/2032/\320\220\320\277\321\200\320\265\320\273\321\214/03-04-32.md"
[2026-06-25 19:13:53]  delete mode 100644 "Life/Temp/2032/\320\220\320\277\321\200\320\265\320\273\321\214/04-04-32.md"
[2026-06-25 19:13:53]  delete mode 100644 "Life/Temp/2032/\320\220\320\277\321\200\320\265\320\273\321\214/05-04-32.md"
[2026-06-25 19:13:53]  delete mode 100644 "Life/Temp/2032/\320\220\320\277\321\200\320\265\320\273\321\214/06-04-32.md"
[2026-06-25 19:13:53]  delete mode 100644 "Life/Temp/2032/\320\220\320\277\321\200\320\265\320\273\321\214/07-04-32.md"
[2026-06-25 19:13:53]  delete mode 100644 "Life/Temp/2032/\320\220\320\277\321\200\320\265\320\273\321\214/08-04-32.md"
[2026-06-25 19:13:53]  delete mode 100644 "Life/Temp/2032/\320\220\320\277\321\200\320\265\320\273\321\214/09-04-32.md"
[2026-06-25 19:13:53]  delete mode 100644 "Life/Temp/2032/\320\220\320\277\321\200\320\265\320\273\321\214/10-04-32.md"
[2026-06-25 19:13:53]  delete mode 100644 "Life/Temp/2032/\320\220\320\277\321\200\320\265\320\273\321\214/11-04-32.md"
[2026-06-25 19:13:53]  delete mode 100644 "Life/Temp/2032/\320\220\320\277\321\200\320\265\320\273\321\214/12-04-32.md"
[2026-06-25 19:13:53]  delete mode 100644 "Life/Temp/2032/\320\220\320\277\321\200\320\265\320\273\321\214/13-04-32.md"
[2026-06-25 19:13:53]  delete mode 100644 "Life/Temp/2032/\320\220\320\277\321\200\320\265\320\273\321\214/14-04-32.md"
[2026-06-25 19:13:53]  delete mode 100644 "Life/Temp/2032/\320\220\320\277\321\200\320\265\320\273\321\214/15-04-32.md"
[2026-06-25 19:13:53]  delete mode 100644 "Life/Temp/2032/\320\220\320\277\321\200\320\265\320\273\321\214/16-04-32.md"
[2026-06-25 19:13:53]  delete mode 100644 "Life/Temp/2032/\320\220\320\277\321\200\320\265\320\273\321\214/17-04-32.md"
[2026-06-25 19:13:53]  delete mode 100644 "Life/Temp/2032/\320\220\320\277\321\200\320\265\320\273\321\214/18-04-32.md"
[2026-06-25 19:13:53]  delete mode 100644 "Life/Temp/2032/\320\220\320\277\321\200\320\265\320\273\321\214/19-04-32.md"
[2026-06-25 19:13:53]  delete mode 100644 "Life/Temp/2032/\320\220\320\277\321\200\320\265\320\273\321\214/20-04-32.md"
[2026-06-25 19:13:53]  delete mode 100644 "Life/Temp/2032/\320\220\320\277\321\200\320\265\320\273\321\214/21-04-32.md"
[2026-06-25 19:13:53]  delete mode 100644 "Life/Temp/2032/\320\220\320\277\321\200\320\265\320\273\321\214/22-04-32.md"
[2026-06-25 19:13:53]  delete mode 100644 "Life/Temp/2032/\320\220\320\277\321\200\320\265\320\273\321\214/23-04-32.md"
[2026-06-25 19:13:53]  delete mode 100644 "Life/Temp/2032/\320\220\320\277\321\200\320\265\320\273\321\214/24-04-32.md"
[2026-06-25 19:13:53]  delete mode 100644 "Life/Temp/2032/\320\220\320\277\321\200\320\265\320\273\321\214/25-04-32.md"
[2026-06-25 19:13:53]  delete mode 100644 "Life/Temp/2032/\320\220\320\277\321\200\320\265\320\273\321\214/26-04-32.md"
[2026-06-25 19:13:53]  delete mode 100644 "Life/Temp/2032/\320\220\320\277\321\200\320\265\320\273\321\214/27-04-32.md"
[2026-06-25 19:13:53]  delete mode 100644 "Life/Temp/2032/\320\220\320\277\321\200\320\265\320\273\321\214/28-04-32.md"
[2026-06-25 19:13:53]  delete mode 100644 "Life/Temp/2032/\320\220\320\277\321\200\320\265\320\273\321\214/29-04-32.md"
[2026-06-25 19:13:53]  delete mode 100644 "Life/Temp/2032/\320\220\320\277\321\200\320\265\320\273\321\214/30-04-32.md"
[2026-06-25 19:13:53]  delete mode 100644 "Life/Temp/2032/\320\224\320\265\320\272\320\260\320\261\321\200\321\214/01-12-32.md"
[2026-06-25 19:13:53]  delete mode 100644 "Life/Temp/2032/\320\224\320\265\320\272\320\260\320\261\321\200\321\214/02-12-32.md"
[2026-06-25 19:13:53]  delete mode 100644 "Life/Temp/2032/\320\224\320\265\320\272\320\260\320\261\321\200\321\214/03-12-32.md"
[2026-06-25 19:13:53]  delete mode 100644 "Life/Temp/2032/\320\224\320\265\320\272\320\260\320\261\321\200\321\214/04-12-32.md"
[2026-06-25 19:13:53]  delete mode 100644 "Life/Temp/2032/\320\224\320\265\320\272\320\260\320\261\321\200\321\214/05-12-32.md"
[2026-06-25 19:13:53]  delete mode 100644 "Life/Temp/2032/\320\224\320\265\320\272\320\260\320\261\321\200\321\214/06-12-32.md"
[2026-06-25 19:13:53]  delete mode 100644 "Life/Temp/2032/\320\224\320\265\320\272\320\260\320\261\321\200\321\214/07-12-32.md"
[2026-06-25 19:13:53]  delete mode 100644 "Life/Temp/2032/\320\224\320\265\320\272\320\260\320\261\321\200\321\214/08-12-32.md"
[2026-06-25 19:13:53]  delete mode 100644 "Life/Temp/2032/\320\224\320\265\320\272\320\260\320\261\321\200\321\214/09-12-32.md"
[2026-06-25 19:13:53]  delete mode 100644 "Life/Temp/2032/\320\224\320\265\320\272\320\260\320\261\321\200\321\214/10-12-32.md"
[2026-06-25 19:13:53]  delete mode 100644 "Life/Temp/2032/\320\224\320\265\320\272\320\260\320\261\321\200\321\214/11-12-32.md"
[2026-06-25 19:13:53]  delete mode 100644 "Life/Temp/2032/\320\224\320\265\320\272\320\260\320\261\321\200\321\214/12-12-32.md"
[2026-06-25 19:13:53]  delete mode 100644 "Life/Temp/2032/\320\224\320\265\320\272\320\260\320\261\321\200\321\214/13-12-32.md"
[2026-06-25 19:13:53]  delete mode 100644 "Life/Temp/2032/\320\224\320\265\320\272\320\260\320\261\321\200\321\214/14-12-32.md"
[2026-06-25 19:13:53]  delete mode 100644 "Life/Temp/2032/\320\224\320\265\320\272\320\260\320\261\321\200\321\214/15-12-32.md"
[2026-06-25 19:13:53]  delete mode 100644 "Life/Temp/2032/\320\224\320\265\320\272\320\260\320\261\321\200\321\214/16-12-32.md"
[2026-06-25 19:13:53]  delete mode 100644 "Life/Temp/2032/\320\224\320\265\320\272\320\260\320\261\321\200\321\214/17-12-32.md"
[2026-06-25 19:13:53]  delete mode 100644 "Life/Temp/2032/\320\224\320\265\320\272\320\260\320\261\321\200\321\214/18-12-32.md"
[2026-06-25 19:13:53]  delete mode 100644 "Life/Temp/2032/\320\224\320\265\320\272\320\260\320\261\321\200\321\214/19-12-32.md"
[2026-06-25 19:13:53]  delete mode 100644 "Life/Temp/2032/\320\224\320\265\320\272\320\260\320\261\321\200\321\214/20-12-32.md"
[2026-06-25 19:13:53]  delete mode 100644 "Life/Temp/2032/\320\224\320\265\320\272\320\260\320\261\321\200\321\214/21-12-32.md"
[2026-06-25 19:13:53]  delete mode 100644 "Life/Temp/2032/\320\224\320\265\320\272\320\260\320\261\321\200\321\214/22-12-32.md"
[2026-06-25 19:13:53]  delete mode 100644 "Life/Temp/2032/\320\224\320\265\320\272\320\260\320\261\321\200\321\214/23-12-32.md"
[2026-06-25 19:13:53]  delete mode 100644 "Life/Temp/2032/\320\224\320\265\320\272\320\260\320\261\321\200\321\214/24-12-32.md"
[2026-06-25 19:13:53]  delete mode 100644 "Life/Temp/2032/\320\224\320\265\320\272\320\260\320\261\321\200\321\214/25-12-32.md"
[2026-06-25 19:13:53]  delete mode 100644 "Life/Temp/2032/\320\224\320\265\320\272\320\260\320\261\321\200\321\214/26-12-32.md"
[2026-06-25 19:13:53]  delete mode 100644 "Life/Temp/2032/\320\224\320\265\320\272\320\260\320\261\321\200\321\214/27-12-32.md"
[2026-06-25 19:13:53]  delete mode 100644 "Life/Temp/2032/\320\224\320\265\320\272\320\260\320\261\321\200\321\214/28-12-32.md"
[2026-06-25 19:13:53]  delete mode 100644 "Life/Temp/2032/\320\224\320\265\320\272\320\260\320\261\321\200\321\214/29-12-32.md"
[2026-06-25 19:13:53]  delete mode 100644 "Life/Temp/2032/\320\224\320\265\320\272\320\260\320\261\321\200\321\214/30-12-32.md"
[2026-06-25 19:13:53]  delete mode 100644 "Life/Temp/2032/\320\224\320\265\320\272\320\260\320\261\321\200\321\214/31-12-32.md"
[2026-06-25 19:13:53]  delete mode 100644 "Life/Temp/2032/\320\230\321\216\320\273\321\214/01-07-32.md"
[2026-06-25 19:13:53]  delete mode 100644 "Life/Temp/2032/\320\230\321\216\320\273\321\214/02-07-32.md"
[2026-06-25 19:13:53]  delete mode 100644 "Life/Temp/2032/\320\230\321\216\320\273\321\214/03-07-32.md"
[2026-06-25 19:13:53]  delete mode 100644 "Life/Temp/2032/\320\230\321\216\320\273\321\214/04-07-32.md"
[2026-06-25 19:13:53]  delete mode 100644 "Life/Temp/2032/\320\230\321\216\320\273\321\214/05-07-32.md"
[2026-06-25 19:13:53]  delete mode 100644 "Life/Temp/2032/\320\230\321\216\320\273\321\214/06-07-32.md"
[2026-06-25 19:13:53]  delete mode 100644 "Life/Temp/2032/\320\230\321\216\320\273\321\214/07-07-32.md"
[2026-06-25 19:13:53]  delete mode 100644 "Life/Temp/2032/\320\230\321\216\320\273\321\214/08-07-32.md"
[2026-06-25 19:13:53]  delete mode 100644 "Life/Temp/2032/\320\230\321\216\320\273\321\214/09-07-32.md"
[2026-06-25 19:13:53]  delete mode 100644 "Life/Temp/2032/\320\230\321\216\320\273\321\214/10-07-32.md"
[2026-06-25 19:13:53]  delete mode 100644 "Life/Temp/2032/\320\230\321\216\320\273\321\214/11-07-32.md"
[2026-06-25 19:13:53]  delete mode 100644 "Life/Temp/2032/\320\230\321\216\320\273\321\214/12-07-32.md"
[2026-06-25 19:13:53]  delete mode 100644 "Life/Temp/2032/\320\230\321\216\320\273\321\214/13-07-32.md"
[2026-06-25 19:13:53]  delete mode 100644 "Life/Temp/2032/\320\230\321\216\320\273\321\214/14-07-32.md"
[2026-06-25 19:13:53]  delete mode 100644 "Life/Temp/2032/\320\230\321\216\320\273\321\214/15-07-32.md"
[2026-06-25 19:13:53]  delete mode 100644 "Life/Temp/2032/\320\230\321\216\320\273\321\214/16-07-32.md"
[2026-06-25 19:13:53]  delete mode 100644 "Life/Temp/2032/\320\230\321\216\320\273\321\214/17-07-32.md"
[2026-06-25 19:13:53]  delete mode 100644 "Life/Temp/2032/\320\230\321\216\320\273\321\214/18-07-32.md"
[2026-06-25 19:13:53]  delete mode 100644 "Life/Temp/2032/\320\230\321\216\320\273\321\214/19-07-32.md"
[2026-06-25 19:13:53]  delete mode 100644 "Life/Temp/2032/\320\230\321\216\320\273\321\214/20-07-32.md"
[2026-06-25 19:13:53]  delete mode 100644 "Life/Temp/2032/\320\230\321\216\320\273\321\214/21-07-32.md"
[2026-06-25 19:13:53]  delete mode 100644 "Life/Temp/2032/\320\230\321\216\320\273\321\214/22-07-32.md"
[2026-06-25 19:13:53]  delete mode 100644 "Life/Temp/2032/\320\230\321\216\320\273\321\214/23-07-32.md"
[2026-06-25 19:13:53]  delete mode 100644 "Life/Temp/2032/\320\230\321\216\320\273\321\214/24-07-32.md"
[2026-06-25 19:13:53]  delete mode 100644 "Life/Temp/2032/\320\230\321\216\320\273\321\214/25-07-32.md"
[2026-06-25 19:13:53]  delete mode 100644 "Life/Temp/2032/\320\230\321\216\320\273\321\214/26-07-32.md"
[2026-06-25 19:13:53]  delete mode 100644 "Life/Temp/2032/\320\230\321\216\320\273\321\214/27-07-32.md"
[2026-06-25 19:13:53]  delete mode 100644 "Life/Temp/2032/\320\230\321\216\320\273\321\214/28-07-32.md"
[2026-06-25 19:13:53]  delete mode 100644 "Life/Temp/2032/\320\230\321\216\320\273\321\214/29-07-32.md"
[2026-06-25 19:13:53]  delete mode 100644 "Life/Temp/2032/\320\230\321\216\320\273\321\214/30-07-32.md"
[2026-06-25 19:13:53]  delete mode 100644 "Life/Temp/2032/\320\230\321\216\320\273\321\214/31-07-32.md"
[2026-06-25 19:13:53]  delete mode 100644 "Life/Temp/2032/\320\230\321\216\320\275\321\214/01-06-32.md"
[2026-06-25 19:13:53]  delete mode 100644 "Life/Temp/2032/\320\230\321\216\320\275\321\214/02-06-32.md"
[2026-06-25 19:13:53]  delete mode 100644 "Life/Temp/2032/\320\230\321\216\320\275\321\214/03-06-32.md"
[2026-06-25 19:13:53]  delete mode 100644 "Life/Temp/2032/\320\230\321\216\320\275\321\214/04-06-32.md"
[2026-06-25 19:13:53]  delete mode 100644 "Life/Temp/2032/\320\230\321\216\320\275\321\214/05-06-32.md"
[2026-06-25 19:13:53]  delete mode 100644 "Life/Temp/2032/\320\230\321\216\320\275\321\214/06-06-32.md"
[2026-06-25 19:13:53]  delete mode 100644 "Life/Temp/2032/\320\230\321\216\320\275\321\214/07-06-32.md"
[2026-06-25 19:13:53]  delete mode 100644 "Life/Temp/2032/\320\230\321\216\320\275\321\214/08-06-32.md"
[2026-06-25 19:13:53]  delete mode 100644 "Life/Temp/2032/\320\230\321\216\320\275\321\214/09-06-32.md"
[2026-06-25 19:13:53]  delete mode 100644 "Life/Temp/2032/\320\230\321\216\320\275\321\214/10-06-32.md"
[2026-06-25 19:13:53]  delete mode 100644 "Life/Temp/2032/\320\230\321\216\320\275\321\214/11-06-32.md"
[2026-06-25 19:13:53]  delete mode 100644 "Life/Temp/2032/\320\230\321\216\320\275\321\214/12-06-32.md"
[2026-06-25 19:13:53]  delete mode 100644 "Life/Temp/2032/\320\230\321\216\320\275\321\214/13-06-32.md"
[2026-06-25 19:13:53]  delete mode 100644 "Life/Temp/2032/\320\230\321\216\320\275\321\214/14-06-32.md"
[2026-06-25 19:13:53]  delete mode 100644 "Life/Temp/2032/\320\230\321\216\320\275\321\214/15-06-32.md"
[2026-06-25 19:13:53]  delete mode 100644 "Life/Temp/2032/\320\230\321\216\320\275\321\214/16-06-32.md"
[2026-06-25 19:13:53]  delete mode 100644 "Life/Temp/2032/\320\230\321\216\320\275\321\214/17-06-32.md"
[2026-06-25 19:13:53]  delete mode 100644 "Life/Temp/2032/\320\230\321\216\320\275\321\214/18-06-32.md"
[2026-06-25 19:13:53]  delete mode 100644 "Life/Temp/2032/\320\230\321\216\320\275\321\214/19-06-32.md"
[2026-06-25 19:13:53]  delete mode 100644 "Life/Temp/2032/\320\230\321\216\320\275\321\214/20-06-32.md"
[2026-06-25 19:13:53]  delete mode 100644 "Life/Temp/2032/\320\230\321\216\320\275\321\214/21-06-32.md"
[2026-06-25 19:13:53]  delete mode 100644 "Life/Temp/2032/\320\230\321\216\320\275\321\214/22-06-32.md"
[2026-06-25 19:13:53]  delete mode 100644 "Life/Temp/2032/\320\230\321\216\320\275\321\214/23-06-32.md"
[2026-06-25 19:13:53]  delete mode 100644 "Life/Temp/2032/\320\230\321\216\320\275\321\214/24-06-32.md"
[2026-06-25 19:13:53]  delete mode 100644 "Life/Temp/2032/\320\230\321\216\320\275\321\214/25-06-32.md"
[2026-06-25 19:13:53]  delete mode 100644 "Life/Temp/2032/\320\230\321\216\320\275\321\214/26-06-32.md"
[2026-06-25 19:13:53]  delete mode 100644 "Life/Temp/2032/\320\230\321\216\320\275\321\214/27-06-32.md"
[2026-06-25 19:13:53]  delete mode 100644 "Life/Temp/2032/\320\230\321\216\320\275\321\214/28-06-32.md"
[2026-06-25 19:13:53]  delete mode 100644 "Life/Temp/2032/\320\230\321\216\320\275\321\214/29-06-32.md"
[2026-06-25 19:13:53]  delete mode 100644 "Life/Temp/2032/\320\230\321\216\320\275\321\214/30-06-32.md"
[2026-06-25 19:13:53]  delete mode 100644 "Life/Temp/2032/\320\234\320\260\320\271/01-05-32.md"
[2026-06-25 19:13:53]  delete mode 100644 "Life/Temp/2032/\320\234\320\260\320\271/02-05-32.md"
[2026-06-25 19:13:53]  delete mode 100644 "Life/Temp/2032/\320\234\320\260\320\271/03-05-32.md"
[2026-06-25 19:13:53]  delete mode 100644 "Life/Temp/2032/\320\234\320\260\320\271/04-05-32.md"
[2026-06-25 19:13:53]  delete mode 100644 "Life/Temp/2032/\320\234\320\260\320\271/05-05-32.md"
[2026-06-25 19:13:53]  delete mode 100644 "Life/Temp/2032/\320\234\320\260\320\271/06-05-32.md"
[2026-06-25 19:13:53]  delete mode 100644 "Life/Temp/2032/\320\234\320\260\320\271/07-05-32.md"
[2026-06-25 19:13:53]  delete mode 100644 "Life/Temp/2032/\320\234\320\260\320\271/08-05-32.md"
[2026-06-25 19:13:53]  delete mode 100644 "Life/Temp/2032/\320\234\320\260\320\271/09-05-32.md"
[2026-06-25 19:13:53]  delete mode 100644 "Life/Temp/2032/\320\234\320\260\320\271/10-05-32.md"
[2026-06-25 19:13:53]  delete mode 100644 "Life/Temp/2032/\320\234\320\260\320\271/11-05-32.md"
[2026-06-25 19:13:53]  delete mode 100644 "Life/Temp/2032/\320\234\320\260\320\271/12-05-32.md"
[2026-06-25 19:13:53]  delete mode 100644 "Life/Temp/2032/\320\234\320\260\320\271/13-05-32.md"
[2026-06-25 19:13:53]  delete mode 100644 "Life/Temp/2032/\320\234\320\260\320\271/14-05-32.md"
[2026-06-25 19:13:53]  delete mode 100644 "Life/Temp/2032/\320\234\320\260\320\271/15-05-32.md"
[2026-06-25 19:13:53]  delete mode 100644 "Life/Temp/2032/\320\234\320\260\320\271/16-05-32.md"
[2026-06-25 19:13:53]  delete mode 100644 "Life/Temp/2032/\320\234\320\260\320\271/17-05-32.md"
[2026-06-25 19:13:53]  delete mode 100644 "Life/Temp/2032/\320\234\320\260\320\271/18-05-32.md"
[2026-06-25 19:13:53]  delete mode 100644 "Life/Temp/2032/\320\234\320\260\320\271/19-05-32.md"
[2026-06-25 19:13:53]  delete mode 100644 "Life/Temp/2032/\320\234\320\260\320\271/20-05-32.md"
[2026-06-25 19:13:53]  delete mode 100644 "Life/Temp/2032/\320\234\320\260\320\271/21-05-32.md"
[2026-06-25 19:13:53]  delete mode 100644 "Life/Temp/2032/\320\234\320\260\320\271/22-05-32.md"
[2026-06-25 19:13:53]  delete mode 100644 "Life/Temp/2032/\320\234\320\260\320\271/23-05-32.md"
[2026-06-25 19:13:53]  delete mode 100644 "Life/Temp/2032/\320\234\320\260\320\271/24-05-32.md"
[2026-06-25 19:13:53]  delete mode 100644 "Life/Temp/2032/\320\234\320\260\320\271/25-05-32.md"
[2026-06-25 19:13:53]  delete mode 100644 "Life/Temp/2032/\320\234\320\260\320\271/26-05-32.md"
[2026-06-25 19:13:53]  delete mode 100644 "Life/Temp/2032/\320\234\320\260\320\271/27-05-32.md"
[2026-06-25 19:13:53]  delete mode 100644 "Life/Temp/2032/\320\234\320\260\320\271/28-05-32.md"
[2026-06-25 19:13:53]  delete mode 100644 "Life/Temp/2032/\320\234\320\260\320\271/29-05-32.md"
[2026-06-25 19:13:53]  delete mode 100644 "Life/Temp/2032/\320\234\320\260\320\271/30-05-32.md"
[2026-06-25 19:13:53]  delete mode 100644 "Life/Temp/2032/\320\234\320\260\320\271/31-05-32.md"
[2026-06-25 19:13:53]  delete mode 100644 "Life/Temp/2032/\320\234\320\260\321\200\321\202/01-03-32.md"
[2026-06-25 19:13:53]  delete mode 100644 "Life/Temp/2032/\320\234\320\260\321\200\321\202/02-03-32.md"
[2026-06-25 19:13:53]  delete mode 100644 "Life/Temp/2032/\320\234\320\260\321\200\321\202/03-03-32.md"
[2026-06-25 19:13:53]  delete mode 100644 "Life/Temp/2032/\320\234\320\260\321\200\321\202/04-03-32.md"
[2026-06-25 19:13:53]  delete mode 100644 "Life/Temp/2032/\320\234\320\260\321\200\321\202/05-03-32.md"
[2026-06-25 19:13:53]  delete mode 100644 "Life/Temp/2032/\320\234\320\260\321\200\321\202/06-03-32.md"
[2026-06-25 19:13:53]  delete mode 100644 "Life/Temp/2032/\320\234\320\260\321\200\321\202/07-03-32.md"
[2026-06-25 19:13:53]  delete mode 100644 "Life/Temp/2032/\320\234\320\260\321\200\321\202/08-03-32.md"
[2026-06-25 19:13:53]  delete mode 100644 "Life/Temp/2032/\320\234\320\260\321\200\321\202/09-03-32.md"
[2026-06-25 19:13:53]  delete mode 100644 "Life/Temp/2032/\320\234\320\260\321\200\321\202/10-03-32.md"
[2026-06-25 19:13:53]  delete mode 100644 "Life/Temp/2032/\320\234\320\260\321\200\321\202/11-03-32.md"
[2026-06-25 19:13:53]  delete mode 100644 "Life/Temp/2032/\320\234\320\260\321\200\321\202/12-03-32.md"
[2026-06-25 19:13:53]  delete mode 100644 "Life/Temp/2032/\320\234\320\260\321\200\321\202/13-03-32.md"
[2026-06-25 19:13:53]  delete mode 100644 "Life/Temp/2032/\320\234\320\260\321\200\321\202/14-03-32.md"
[2026-06-25 19:13:53]  delete mode 100644 "Life/Temp/2032/\320\234\320\260\321\200\321\202/15-03-32.md"
[2026-06-25 19:13:53]  delete mode 100644 "Life/Temp/2032/\320\234\320\260\321\200\321\202/16-03-32.md"
[2026-06-25 19:13:53]  delete mode 100644 "Life/Temp/2032/\320\234\320\260\321\200\321\202/17-03-32.md"
[2026-06-25 19:13:53]  delete mode 100644 "Life/Temp/2032/\320\234\320\260\321\200\321\202/18-03-32.md"
[2026-06-25 19:13:53]  delete mode 100644 "Life/Temp/2032/\320\234\320\260\321\200\321\202/19-03-32.md"
[2026-06-25 19:13:53]  delete mode 100644 "Life/Temp/2032/\320\234\320\260\321\200\321\202/20-03-32.md"
[2026-06-25 19:13:53]  delete mode 100644 "Life/Temp/2032/\320\234\320\260\321\200\321\202/21-03-32.md"
[2026-06-25 19:13:53]  delete mode 100644 "Life/Temp/2032/\320\234\320\260\321\200\321\202/22-03-32.md"
[2026-06-25 19:13:53]  delete mode 100644 "Life/Temp/2032/\320\234\320\260\321\200\321\202/23-03-32.md"
[2026-06-25 19:13:53]  delete mode 100644 "Life/Temp/2032/\320\234\320\260\321\200\321\202/24-03-32.md"
[2026-06-25 19:13:53]  delete mode 100644 "Life/Temp/2032/\320\234\320\260\321\200\321\202/25-03-32.md"
[2026-06-25 19:13:53]  delete mode 100644 "Life/Temp/2032/\320\234\320\260\321\200\321\202/26-03-32.md"
[2026-06-25 19:13:53]  delete mode 100644 "Life/Temp/2032/\320\234\320\260\321\200\321\202/27-03-32.md"
[2026-06-25 19:13:53]  delete mode 100644 "Life/Temp/2032/\320\234\320\260\321\200\321\202/28-03-32.md"
[2026-06-25 19:13:53]  delete mode 100644 "Life/Temp/2032/\320\234\320\260\321\200\321\202/29-03-32.md"
[2026-06-25 19:13:53]  delete mode 100644 "Life/Temp/2032/\320\234\320\260\321\200\321\202/30-03-32.md"
[2026-06-25 19:13:53]  delete mode 100644 "Life/Temp/2032/\320\234\320\260\321\200\321\202/31-03-32.md"
[2026-06-25 19:13:53]  delete mode 100644 "Life/Temp/2032/\320\235\320\276\321\217\320\261\321\200\321\214/01-11-32.md"
[2026-06-25 19:13:53]  delete mode 100644 "Life/Temp/2032/\320\235\320\276\321\217\320\261\321\200\321\214/02-11-32.md"
[2026-06-25 19:13:53]  delete mode 100644 "Life/Temp/2032/\320\235\320\276\321\217\320\261\321\200\321\214/03-11-32.md"
[2026-06-25 19:13:53]  delete mode 100644 "Life/Temp/2032/\320\235\320\276\321\217\320\261\321\200\321\214/04-11-32.md"
[2026-06-25 19:13:53]  delete mode 100644 "Life/Temp/2032/\320\235\320\276\321\217\320\261\321\200\321\214/05-11-32.md"
[2026-06-25 19:13:53]  delete mode 100644 "Life/Temp/2032/\320\235\320\276\321\217\320\261\321\200\321\214/06-11-32.md"
[2026-06-25 19:13:53]  delete mode 100644 "Life/Temp/2032/\320\235\320\276\321\217\320\261\321\200\321\214/07-11-32.md"
[2026-06-25 19:13:53]  delete mode 100644 "Life/Temp/2032/\320\235\320\276\321\217\320\261\321\200\321\214/08-11-32.md"
[2026-06-25 19:13:53]  delete mode 100644 "Life/Temp/2032/\320\235\320\276\321\217\320\261\321\200\321\214/09-11-32.md"
[2026-06-25 19:13:53]  delete mode 100644 "Life/Temp/2032/\320\235\320\276\321\217\320\261\321\200\321\214/10-11-32.md"
[2026-06-25 19:13:53]  delete mode 100644 "Life/Temp/2032/\320\235\320\276\321\217\320\261\321\200\321\214/11-11-32.md"
[2026-06-25 19:13:53]  delete mode 100644 "Life/Temp/2032/\320\235\320\276\321\217\320\261\321\200\321\214/12-11-32.md"
[2026-06-25 19:13:53]  delete mode 100644 "Life/Temp/2032/\320\235\320\276\321\217\320\261\321\200\321\214/13-11-32.md"
[2026-06-25 19:13:53]  delete mode 100644 "Life/Temp/2032/\320\235\320\276\321\217\320\261\321\200\321\214/14-11-32.md"
[2026-06-25 19:13:53]  delete mode 100644 "Life/Temp/2032/\320\235\320\276\321\217\320\261\321\200\321\214/15-11-32.md"
[2026-06-25 19:13:53]  delete mode 100644 "Life/Temp/2032/\320\235\320\276\321\217\320\261\321\200\321\214/16-11-32.md"
[2026-06-25 19:13:53]  delete mode 100644 "Life/Temp/2032/\320\235\320\276\321\217\320\261\321\200\321\214/17-11-32.md"
[2026-06-25 19:13:53]  delete mode 100644 "Life/Temp/2032/\320\235\320\276\321\217\320\261\321\200\321\214/18-11-32.md"
[2026-06-25 19:13:53]  delete mode 100644 "Life/Temp/2032/\320\235\320\276\321\217\320\261\321\200\321\214/19-11-32.md"
[2026-06-25 19:13:53]  delete mode 100644 "Life/Temp/2032/\320\235\320\276\321\217\320\261\321\200\321\214/20-11-32.md"
[2026-06-25 19:13:53]  delete mode 100644 "Life/Temp/2032/\320\235\320\276\321\217\320\261\321\200\321\214/21-11-32.md"
[2026-06-25 19:13:53]  delete mode 100644 "Life/Temp/2032/\320\235\320\276\321\217\320\261\321\200\321\214/22-11-32.md"
[2026-06-25 19:13:53]  delete mode 100644 "Life/Temp/2032/\320\235\320\276\321\217\320\261\321\200\321\214/23-11-32.md"
[2026-06-25 19:13:53]  delete mode 100644 "Life/Temp/2032/\320\235\320\276\321\217\320\261\321\200\321\214/24-11-32.md"
[2026-06-25 19:13:53]  delete mode 100644 "Life/Temp/2032/\320\235\320\276\321\217\320\261\321\200\321\214/25-11-32.md"
[2026-06-25 19:13:53]  delete mode 100644 "Life/Temp/2032/\320\235\320\276\321\217\320\261\321\200\321\214/26-11-32.md"
[2026-06-25 19:13:53]  delete mode 100644 "Life/Temp/2032/\320\235\320\276\321\217\320\261\321\200\321\214/27-11-32.md"
[2026-06-25 19:13:53]  delete mode 100644 "Life/Temp/2032/\320\235\320\276\321\217\320\261\321\200\321\214/28-11-32.md"
[2026-06-25 19:13:53]  delete mode 100644 "Life/Temp/2032/\320\235\320\276\321\217\320\261\321\200\321\214/29-11-32.md"
[2026-06-25 19:13:53]  delete mode 100644 "Life/Temp/2032/\320\235\320\276\321\217\320\261\321\200\321\214/30-11-32.md"
[2026-06-25 19:13:53]  delete mode 100644 "Life/Temp/2032/\320\236\320\272\321\202\321\217\320\261\321\200\321\214/01-10-32.md"
[2026-06-25 19:13:53]  delete mode 100644 "Life/Temp/2032/\320\236\320\272\321\202\321\217\320\261\321\200\321\214/02-10-32.md"
[2026-06-25 19:13:53]  delete mode 100644 "Life/Temp/2032/\320\236\320\272\321\202\321\217\320\261\321\200\321\214/03-10-32.md"
[2026-06-25 19:13:53]  delete mode 100644 "Life/Temp/2032/\320\236\320\272\321\202\321\217\320\261\321\200\321\214/04-10-32.md"
[2026-06-25 19:13:53]  delete mode 100644 "Life/Temp/2032/\320\236\320\272\321\202\321\217\320\261\321\200\321\214/05-10-32.md"
[2026-06-25 19:13:53]  delete mode 100644 "Life/Temp/2032/\320\236\320\272\321\202\321\217\320\261\321\200\321\214/06-10-32.md"
[2026-06-25 19:13:53]  delete mode 100644 "Life/Temp/2032/\320\236\320\272\321\202\321\217\320\261\321\200\321\214/07-10-32.md"
[2026-06-25 19:13:53]  delete mode 100644 "Life/Temp/2032/\320\236\320\272\321\202\321\217\320\261\321\200\321\214/08-10-32.md"
[2026-06-25 19:13:53]  delete mode 100644 "Life/Temp/2032/\320\236\320\272\321\202\321\217\320\261\321\200\321\214/09-10-32.md"
[2026-06-25 19:13:53]  delete mode 100644 "Life/Temp/2032/\320\236\320\272\321\202\321\217\320\261\321\200\321\214/10-10-32.md"
[2026-06-25 19:13:53]  delete mode 100644 "Life/Temp/2032/\320\236\320\272\321\202\321\217\320\261\321\200\321\214/11-10-32.md"
[2026-06-25 19:13:53]  delete mode 100644 "Life/Temp/2032/\320\236\320\272\321\202\321\217\320\261\321\200\321\214/12-10-32.md"
[2026-06-25 19:13:53]  delete mode 100644 "Life/Temp/2032/\320\236\320\272\321\202\321\217\320\261\321\200\321\214/13-10-32.md"
[2026-06-25 19:13:53]  delete mode 100644 "Life/Temp/2032/\320\236\320\272\321\202\321\217\320\261\321\200\321\214/14-10-32.md"
[2026-06-25 19:13:53]  delete mode 100644 "Life/Temp/2032/\320\236\320\272\321\202\321\217\320\261\321\200\321\214/15-10-32.md"
[2026-06-25 19:13:53]  delete mode 100644 "Life/Temp/2032/\320\236\320\272\321\202\321\217\320\261\321\200\321\214/16-10-32.md"
[2026-06-25 19:13:53]  delete mode 100644 "Life/Temp/2032/\320\236\320\272\321\202\321\217\320\261\321\200\321\214/17-10-32.md"
[2026-06-25 19:13:53]  delete mode 100644 "Life/Temp/2032/\320\236\320\272\321\202\321\217\320\261\321\200\321\214/18-10-32.md"
[2026-06-25 19:13:53]  delete mode 100644 "Life/Temp/2032/\320\236\320\272\321\202\321\217\320\261\321\200\321\214/19-10-32.md"
[2026-06-25 19:13:53]  delete mode 100644 "Life/Temp/2032/\320\236\320\272\321\202\321\217\320\261\321\200\321\214/20-10-32.md"
[2026-06-25 19:13:53]  delete mode 100644 "Life/Temp/2032/\320\236\320\272\321\202\321\217\320\261\321\200\321\214/21-10-32.md"
[2026-06-25 19:13:53]  delete mode 100644 "Life/Temp/2032/\320\236\320\272\321\202\321\217\320\261\321\200\321\214/22-10-32.md"
[2026-06-25 19:13:53]  delete mode 100644 "Life/Temp/2032/\320\236\320\272\321\202\321\217\320\261\321\200\321\214/23-10-32.md"
[2026-06-25 19:13:53]  delete mode 100644 "Life/Temp/2032/\320\236\320\272\321\202\321\217\320\261\321\200\321\214/24-10-32.md"
[2026-06-25 19:13:53]  delete mode 100644 "Life/Temp/2032/\320\236\320\272\321\202\321\217\320\261\321\200\321\214/25-10-32.md"
[2026-06-25 19:13:53]  delete mode 100644 "Life/Temp/2032/\320\236\320\272\321\202\321\217\320\261\321\200\321\214/26-10-32.md"
[2026-06-25 19:13:53]  delete mode 100644 "Life/Temp/2032/\320\236\320\272\321\202\321\217\320\261\321\200\321\214/27-10-32.md"
[2026-06-25 19:13:53]  delete mode 100644 "Life/Temp/2032/\320\236\320\272\321\202\321\217\320\261\321\200\321\214/28-10-32.md"
[2026-06-25 19:13:53]  delete mode 100644 "Life/Temp/2032/\320\236\320\272\321\202\321\217\320\261\321\200\321\214/29-10-32.md"
[2026-06-25 19:13:53]  delete mode 100644 "Life/Temp/2032/\320\236\320\272\321\202\321\217\320\261\321\200\321\214/30-10-32.md"
[2026-06-25 19:13:53]  delete mode 100644 "Life/Temp/2032/\320\236\320\272\321\202\321\217\320\261\321\200\321\214/31-10-32.md"
[2026-06-25 19:13:53]  delete mode 100644 "Life/Temp/2032/\320\241\320\265\320\275\321\202\321\217\320\261\321\200\321\214/01-09-32.md"
[2026-06-25 19:13:53]  delete mode 100644 "Life/Temp/2032/\320\241\320\265\320\275\321\202\321\217\320\261\321\200\321\214/02-09-32.md"
[2026-06-25 19:13:53]  delete mode 100644 "Life/Temp/2032/\320\241\320\265\320\275\321\202\321\217\320\261\321\200\321\214/03-09-32.md"
[2026-06-25 19:13:53]  delete mode 100644 "Life/Temp/2032/\320\241\320\265\320\275\321\202\321\217\320\261\321\200\321\214/04-09-32.md"
[2026-06-25 19:13:53]  delete mode 100644 "Life/Temp/2032/\320\241\320\265\320\275\321\202\321\217\320\261\321\200\321\214/05-09-32.md"
[2026-06-25 19:13:53]  delete mode 100644 "Life/Temp/2032/\320\241\320\265\320\275\321\202\321\217\320\261\321\200\321\214/06-09-32.md"
[2026-06-25 19:13:53]  delete mode 100644 "Life/Temp/2032/\320\241\320\265\320\275\321\202\321\217\320\261\321\200\321\214/07-09-32.md"
[2026-06-25 19:13:53]  delete mode 100644 "Life/Temp/2032/\320\241\320\265\320\275\321\202\321\217\320\261\321\200\321\214/08-09-32.md"
[2026-06-25 19:13:53]  delete mode 100644 "Life/Temp/2032/\320\241\320\265\320\275\321\202\321\217\320\261\321\200\321\214/09-09-32.md"
[2026-06-25 19:13:53]  delete mode 100644 "Life/Temp/2032/\320\241\320\265\320\275\321\202\321\217\320\261\321\200\321\214/10-09-32.md"
[2026-06-25 19:13:53]  delete mode 100644 "Life/Temp/2032/\320\241\320\265\320\275\321\202\321\217\320\261\321\200\321\214/11-09-32.md"
[2026-06-25 19:13:53]  delete mode 100644 "Life/Temp/2032/\320\241\320\265\320\275\321\202\321\217\320\261\321\200\321\214/12-09-32.md"
[2026-06-25 19:13:53]  delete mode 100644 "Life/Temp/2032/\320\241\320\265\320\275\321\202\321\217\320\261\321\200\321\214/13-09-32.md"
[2026-06-25 19:13:53]  delete mode 100644 "Life/Temp/2032/\320\241\320\265\320\275\321\202\321\217\320\261\321\200\321\214/14-09-32.md"
[2026-06-25 19:13:53]  delete mode 100644 "Life/Temp/2032/\320\241\320\265\320\275\321\202\321\217\320\261\321\200\321\214/15-09-32.md"
[2026-06-25 19:13:53]  delete mode 100644 "Life/Temp/2032/\320\241\320\265\320\275\321\202\321\217\320\261\321\200\321\214/16-09-32.md"
[2026-06-25 19:13:53]  delete mode 100644 "Life/Temp/2032/\320\241\320\265\320\275\321\202\321\217\320\261\321\200\321\214/17-09-32.md"
[2026-06-25 19:13:53]  delete mode 100644 "Life/Temp/2032/\320\241\320\265\320\275\321\202\321\217\320\261\321\200\321\214/18-09-32.md"
[2026-06-25 19:13:53]  delete mode 100644 "Life/Temp/2032/\320\241\320\265\320\275\321\202\321\217\320\261\321\200\321\214/19-09-32.md"
[2026-06-25 19:13:53]  delete mode 100644 "Life/Temp/2032/\320\241\320\265\320\275\321\202\321\217\320\261\321\200\321\214/20-09-32.md"
[2026-06-25 19:13:53]  delete mode 100644 "Life/Temp/2032/\320\241\320\265\320\275\321\202\321\217\320\261\321\200\321\214/21-09-32.md"
[2026-06-25 19:13:53]  delete mode 100644 "Life/Temp/2032/\320\241\320\265\320\275\321\202\321\217\320\261\321\200\321\214/22-09-32.md"
[2026-06-25 19:13:53]  delete mode 100644 "Life/Temp/2032/\320\241\320\265\320\275\321\202\321\217\320\261\321\200\321\214/23-09-32.md"
[2026-06-25 19:13:53]  delete mode 100644 "Life/Temp/2032/\320\241\320\265\320\275\321\202\321\217\320\261\321\200\321\214/24-09-32.md"
[2026-06-25 19:13:53]  delete mode 100644 "Life/Temp/2032/\320\241\320\265\320\275\321\202\321\217\320\261\321\200\321\214/25-09-32.md"
[2026-06-25 19:13:53]  delete mode 100644 "Life/Temp/2032/\320\241\320\265\320\275\321\202\321\217\320\261\321\200\321\214/26-09-32.md"
[2026-06-25 19:13:53]  delete mode 100644 "Life/Temp/2032/\320\241\320\265\320\275\321\202\321\217\320\261\321\200\321\214/27-09-32.md"
[2026-06-25 19:13:53]  delete mode 100644 "Life/Temp/2032/\320\241\320\265\320\275\321\202\321\217\320\261\321\200\321\214/28-09-32.md"
[2026-06-25 19:13:53]  delete mode 100644 "Life/Temp/2032/\320\241\320\265\320\275\321\202\321\217\320\261\321\200\321\214/29-09-32.md"
[2026-06-25 19:13:53]  delete mode 100644 "Life/Temp/2032/\320\241\320\265\320\275\321\202\321\217\320\261\321\200\321\214/30-09-32.md"
[2026-06-25 19:13:53]  delete mode 100644 "Life/Temp/2032/\320\244\320\265\320\262\321\200\320\260\320\273\321\214/01-02-32.md"
[2026-06-25 19:13:53]  delete mode 100644 "Life/Temp/2032/\320\244\320\265\320\262\321\200\320\260\320\273\321\214/02-02-32.md"
[2026-06-25 19:13:53]  delete mode 100644 "Life/Temp/2032/\320\244\320\265\320\262\321\200\320\260\320\273\321\214/03-02-32.md"
[2026-06-25 19:13:53]  delete mode 100644 "Life/Temp/2032/\320\244\320\265\320\262\321\200\320\260\320\273\321\214/04-02-32.md"
[2026-06-25 19:13:53]  delete mode 100644 "Life/Temp/2032/\320\244\320\265\320\262\321\200\320\260\320\273\321\214/05-02-32.md"
[2026-06-25 19:13:53]  delete mode 100644 "Life/Temp/2032/\320\244\320\265\320\262\321\200\320\260\320\273\321\214/06-02-32.md"
[2026-06-25 19:13:53]  delete mode 100644 "Life/Temp/2032/\320\244\320\265\320\262\321\200\320\260\320\273\321\214/07-02-32.md"
[2026-06-25 19:13:53]  delete mode 100644 "Life/Temp/2032/\320\244\320\265\320\262\321\200\320\260\320\273\321\214/08-02-32.md"
[2026-06-25 19:13:53]  delete mode 100644 "Life/Temp/2032/\320\244\320\265\320\262\321\200\320\260\320\273\321\214/09-02-32.md"
[2026-06-25 19:13:53]  delete mode 100644 "Life/Temp/2032/\320\244\320\265\320\262\321\200\320\260\320\273\321\214/10-02-32.md"
[2026-06-25 19:13:53]  delete mode 100644 "Life/Temp/2032/\320\244\320\265\320\262\321\200\320\260\320\273\321\214/11-02-32.md"
[2026-06-25 19:13:53]  delete mode 100644 "Life/Temp/2032/\320\244\320\265\320\262\321\200\320\260\320\273\321\214/12-02-32.md"
[2026-06-25 19:13:53]  delete mode 100644 "Life/Temp/2032/\320\244\320\265\320\262\321\200\320\260\320\273\321\214/13-02-32.md"
[2026-06-25 19:13:53]  delete mode 100644 "Life/Temp/2032/\320\244\320\265\320\262\321\200\320\260\320\273\321\214/14-02-32.md"
[2026-06-25 19:13:53]  delete mode 100644 "Life/Temp/2032/\320\244\320\265\320\262\321\200\320\260\320\273\321\214/15-02-32.md"
[2026-06-25 19:13:53]  delete mode 100644 "Life/Temp/2032/\320\244\320\265\320\262\321\200\320\260\320\273\321\214/16-02-32.md"
[2026-06-25 19:13:53]  delete mode 100644 "Life/Temp/2032/\320\244\320\265\320\262\321\200\320\260\320\273\321\214/17-02-32.md"
[2026-06-25 19:13:53]  delete mode 100644 "Life/Temp/2032/\320\244\320\265\320\262\321\200\320\260\320\273\321\214/18-02-32.md"
[2026-06-25 19:13:53]  delete mode 100644 "Life/Temp/2032/\320\244\320\265\320\262\321\200\320\260\320\273\321\214/19-02-32.md"
[2026-06-25 19:13:53]  delete mode 100644 "Life/Temp/2032/\320\244\320\265\320\262\321\200\320\260\320\273\321\214/20-02-32.md"
[2026-06-25 19:13:53]  delete mode 100644 "Life/Temp/2032/\320\244\320\265\320\262\321\200\320\260\320\273\321\214/21-02-32.md"
[2026-06-25 19:13:53]  delete mode 100644 "Life/Temp/2032/\320\244\320\265\320\262\321\200\320\260\320\273\321\214/22-02-32.md"
[2026-06-25 19:13:53]  delete mode 100644 "Life/Temp/2032/\320\244\320\265\320\262\321\200\320\260\320\273\321\214/23-02-32.md"
[2026-06-25 19:13:53]  delete mode 100644 "Life/Temp/2032/\320\244\320\265\320\262\321\200\320\260\320\273\321\214/24-02-32.md"
[2026-06-25 19:13:53]  delete mode 100644 "Life/Temp/2032/\320\244\320\265\320\262\321\200\320\260\320\273\321\214/25-02-32.md"
[2026-06-25 19:13:53]  delete mode 100644 "Life/Temp/2032/\320\244\320\265\320\262\321\200\320\260\320\273\321\214/26-02-32.md"
[2026-06-25 19:13:53]  delete mode 100644 "Life/Temp/2032/\320\244\320\265\320\262\321\200\320\260\320\273\321\214/27-02-32.md"
[2026-06-25 19:13:53]  delete mode 100644 "Life/Temp/2032/\320\244\320\265\320\262\321\200\320\260\320\273\321\214/28-02-32.md"
[2026-06-25 19:13:53]  delete mode 100644 "Life/Temp/2032/\320\244\320\265\320\262\321\200\320\260\320\273\321\214/29-02-32.md"
[2026-06-25 19:13:53]  delete mode 100644 "Life/Temp/2032/\320\257\320\275\320\262\320\260\321\200\321\214/01-01-32.md"
[2026-06-25 19:13:53]  delete mode 100644 "Life/Temp/2032/\320\257\320\275\320\262\320\260\321\200\321\214/02-01-32.md"
[2026-06-25 19:13:53]  delete mode 100644 "Life/Temp/2032/\320\257\320\275\320\262\320\260\321\200\321\214/03-01-32.md"
[2026-06-25 19:13:53]  delete mode 100644 "Life/Temp/2032/\320\257\320\275\320\262\320\260\321\200\321\214/04-01-32.md"
[2026-06-25 19:13:53]  delete mode 100644 "Life/Temp/2032/\320\257\320\275\320\262\320\260\321\200\321\214/05-01-32.md"
[2026-06-25 19:13:53]  delete mode 100644 "Life/Temp/2032/\320\257\320\275\320\262\320\260\321\200\321\214/06-01-32.md"
[2026-06-25 19:13:53]  delete mode 100644 "Life/Temp/2032/\320\257\320\275\320\262\320\260\321\200\321\214/07-01-32.md"
[2026-06-25 19:13:53]  delete mode 100644 "Life/Temp/2032/\320\257\320\275\320\262\320\260\321\200\321\214/08-01-32.md"
[2026-06-25 19:13:53]  delete mode 100644 "Life/Temp/2032/\320\257\320\275\320\262\320\260\321\200\321\214/09-01-32.md"
[2026-06-25 19:13:53]  delete mode 100644 "Life/Temp/2032/\320\257\320\275\320\262\320\260\321\200\321\214/10-01-32.md"
[2026-06-25 19:13:53]  delete mode 100644 "Life/Temp/2032/\320\257\320\275\320\262\320\260\321\200\321\214/11-01-32.md"
[2026-06-25 19:13:53]  delete mode 100644 "Life/Temp/2032/\320\257\320\275\320\262\320\260\321\200\321\214/12-01-32.md"
[2026-06-25 19:13:53]  delete mode 100644 "Life/Temp/2032/\320\257\320\275\320\262\320\260\321\200\321\214/13-01-32.md"
[2026-06-25 19:13:53]  delete mode 100644 "Life/Temp/2032/\320\257\320\275\320\262\320\260\321\200\321\214/14-01-32.md"
[2026-06-25 19:13:53]  delete mode 100644 "Life/Temp/2032/\320\257\320\275\320\262\320\260\321\200\321\214/15-01-32.md"
[2026-06-25 19:13:53]  delete mode 100644 "Life/Temp/2032/\320\257\320\275\320\262\320\260\321\200\321\214/16-01-32.md"
[2026-06-25 19:13:53]  delete mode 100644 "Life/Temp/2032/\320\257\320\275\320\262\320\260\321\200\321\214/17-01-32.md"
[2026-06-25 19:13:53]  delete mode 100644 "Life/Temp/2032/\320\257\320\275\320\262\320\260\321\200\321\214/18-01-32.md"
[2026-06-25 19:13:53]  delete mode 100644 "Life/Temp/2032/\320\257\320\275\320\262\320\260\321\200\321\214/19-01-32.md"
[2026-06-25 19:13:53]  delete mode 100644 "Life/Temp/2032/\320\257\320\275\320\262\320\260\321\200\321\214/20-01-32.md"
[2026-06-25 19:13:53]  delete mode 100644 "Life/Temp/2032/\320\257\320\275\320\262\320\260\321\200\321\214/21-01-32.md"
[2026-06-25 19:13:53]  delete mode 100644 "Life/Temp/2032/\320\257\320\275\320\262\320\260\321\200\321\214/22-01-32.md"
[2026-06-25 19:13:53]  delete mode 100644 "Life/Temp/2032/\320\257\320\275\320\262\320\260\321\200\321\214/23-01-32.md"
[2026-06-25 19:13:53]  delete mode 100644 "Life/Temp/2032/\320\257\320\275\320\262\320\260\321\200\321\214/24-01-32.md"
[2026-06-25 19:13:53]  delete mode 100644 "Life/Temp/2032/\320\257\320\275\320\262\320\260\321\200\321\214/25-01-32.md"
[2026-06-25 19:13:53]  delete mode 100644 "Life/Temp/2032/\320\257\320\275\320\262\320\260\321\200\321\214/26-01-32.md"
[2026-06-25 19:13:53]  delete mode 100644 "Life/Temp/2032/\320\257\320\275\320\262\320\260\321\200\321\214/27-01-32.md"
[2026-06-25 19:13:53]  delete mode 100644 "Life/Temp/2032/\320\257\320\275\320\262\320\260\321\200\321\214/28-01-32.md"
[2026-06-25 19:13:53]  delete mode 100644 "Life/Temp/2032/\320\257\320\275\320\262\320\260\321\200\321\214/29-01-32.md"
[2026-06-25 19:13:53]  delete mode 100644 "Life/Temp/2032/\320\257\320\275\320\262\320\260\321\200\321\214/30-01-32.md"
[2026-06-25 19:13:53]  delete mode 100644 "Life/Temp/2032/\320\257\320\275\320\262\320\260\321\200\321\214/31-01-32.md"
[2026-06-25 19:13:53]  delete mode 100644 "Life/Temp/2033/\320\220\320\262\320\263\321\203\321\201\321\202/01-08-33.md"
[2026-06-25 19:13:53]  delete mode 100644 "Life/Temp/2033/\320\220\320\262\320\263\321\203\321\201\321\202/02-08-33.md"
[2026-06-25 19:13:53]  delete mode 100644 "Life/Temp/2033/\320\220\320\262\320\263\321\203\321\201\321\202/03-08-33.md"
[2026-06-25 19:13:53]  delete mode 100644 "Life/Temp/2033/\320\220\320\262\320\263\321\203\321\201\321\202/04-08-33.md"
[2026-06-25 19:13:53]  delete mode 100644 "Life/Temp/2033/\320\220\320\262\320\263\321\203\321\201\321\202/05-08-33.md"
[2026-06-25 19:13:53]  delete mode 100644 "Life/Temp/2033/\320\220\320\262\320\263\321\203\321\201\321\202/06-08-33.md"
[2026-06-25 19:13:53]  delete mode 100644 "Life/Temp/2033/\320\220\320\262\320\263\321\203\321\201\321\202/07-08-33.md"
[2026-06-25 19:13:53]  delete mode 100644 "Life/Temp/2033/\320\220\320\262\320\263\321\203\321\201\321\202/08-08-33.md"
[2026-06-25 19:13:53]  delete mode 100644 "Life/Temp/2033/\320\220\320\262\320\263\321\203\321\201\321\202/09-08-33.md"
[2026-06-25 19:13:53]  delete mode 100644 "Life/Temp/2033/\320\220\320\262\320\263\321\203\321\201\321\202/10-08-33.md"
[2026-06-25 19:13:53]  delete mode 100644 "Life/Temp/2033/\320\220\320\262\320\263\321\203\321\201\321\202/11-08-33.md"
[2026-06-25 19:13:53]  delete mode 100644 "Life/Temp/2033/\320\220\320\262\320\263\321\203\321\201\321\202/12-08-33.md"
[2026-06-25 19:13:53]  delete mode 100644 "Life/Temp/2033/\320\220\320\262\320\263\321\203\321\201\321\202/13-08-33.md"
[2026-06-25 19:13:53]  delete mode 100644 "Life/Temp/2033/\320\220\320\262\320\263\321\203\321\201\321\202/14-08-33.md"
[2026-06-25 19:13:53]  delete mode 100644 "Life/Temp/2033/\320\220\320\262\320\263\321\203\321\201\321\202/15-08-33.md"
[2026-06-25 19:13:53]  delete mode 100644 "Life/Temp/2033/\320\220\320\262\320\263\321\203\321\201\321\202/16-08-33.md"
[2026-06-25 19:13:53]  delete mode 100644 "Life/Temp/2033/\320\220\320\262\320\263\321\203\321\201\321\202/17-08-33.md"
[2026-06-25 19:13:53]  delete mode 100644 "Life/Temp/2033/\320\220\320\262\320\263\321\203\321\201\321\202/18-08-33.md"
[2026-06-25 19:13:53]  delete mode 100644 "Life/Temp/2033/\320\220\320\262\320\263\321\203\321\201\321\202/19-08-33.md"
[2026-06-25 19:13:53]  delete mode 100644 "Life/Temp/2033/\320\220\320\262\320\263\321\203\321\201\321\202/20-08-33.md"
[2026-06-25 19:13:53]  delete mode 100644 "Life/Temp/2033/\320\220\320\262\320\263\321\203\321\201\321\202/21-08-33.md"
[2026-06-25 19:13:53]  delete mode 100644 "Life/Temp/2033/\320\220\320\262\320\263\321\203\321\201\321\202/22-08-33.md"
[2026-06-25 19:13:53]  delete mode 100644 "Life/Temp/2033/\320\220\320\262\320\263\321\203\321\201\321\202/23-08-33.md"
[2026-06-25 19:13:53]  delete mode 100644 "Life/Temp/2033/\320\220\320\262\320\263\321\203\321\201\321\202/24-08-33.md"
[2026-06-25 19:13:53]  delete mode 100644 "Life/Temp/2033/\320\220\320\262\320\263\321\203\321\201\321\202/25-08-33.md"
[2026-06-25 19:13:53]  delete mode 100644 "Life/Temp/2033/\320\220\320\262\320\263\321\203\321\201\321\202/26-08-33.md"
[2026-06-25 19:13:53]  delete mode 100644 "Life/Temp/2033/\320\220\320\262\320\263\321\203\321\201\321\202/27-08-33.md"
[2026-06-25 19:13:53]  delete mode 100644 "Life/Temp/2033/\320\220\320\262\320\263\321\203\321\201\321\202/28-08-33.md"
[2026-06-25 19:13:53]  delete mode 100644 "Life/Temp/2033/\320\220\320\262\320\263\321\203\321\201\321\202/29-08-33.md"
[2026-06-25 19:13:53]  delete mode 100644 "Life/Temp/2033/\320\220\320\262\320\263\321\203\321\201\321\202/30-08-33.md"
[2026-06-25 19:13:53]  delete mode 100644 "Life/Temp/2033/\320\220\320\262\320\263\321\203\321\201\321\202/31-08-33.md"
[2026-06-25 19:13:53]  delete mode 100644 "Life/Temp/2033/\320\220\320\277\321\200\320\265\320\273\321\214/01-04-33.md"
[2026-06-25 19:13:53]  delete mode 100644 "Life/Temp/2033/\320\220\320\277\321\200\320\265\320\273\321\214/02-04-33.md"
[2026-06-25 19:13:53]  delete mode 100644 "Life/Temp/2033/\320\220\320\277\321\200\320\265\320\273\321\214/03-04-33.md"
[2026-06-25 19:13:53]  delete mode 100644 "Life/Temp/2033/\320\220\320\277\321\200\320\265\320\273\321\214/04-04-33.md"
[2026-06-25 19:13:53]  delete mode 100644 "Life/Temp/2033/\320\220\320\277\321\200\320\265\320\273\321\214/05-04-33.md"
[2026-06-25 19:13:53]  delete mode 100644 "Life/Temp/2033/\320\220\320\277\321\200\320\265\320\273\321\214/06-04-33.md"
[2026-06-25 19:13:53]  delete mode 100644 "Life/Temp/2033/\320\220\320\277\321\200\320\265\320\273\321\214/07-04-33.md"
[2026-06-25 19:13:53]  delete mode 100644 "Life/Temp/2033/\320\220\320\277\321\200\320\265\320\273\321\214/08-04-33.md"
[2026-06-25 19:13:53]  delete mode 100644 "Life/Temp/2033/\320\220\320\277\321\200\320\265\320\273\321\214/09-04-33.md"
[2026-06-25 19:13:53]  delete mode 100644 "Life/Temp/2033/\320\220\320\277\321\200\320\265\320\273\321\214/10-04-33.md"
[2026-06-25 19:13:53]  delete mode 100644 "Life/Temp/2033/\320\220\320\277\321\200\320\265\320\273\321\214/11-04-33.md"
[2026-06-25 19:13:53]  delete mode 100644 "Life/Temp/2033/\320\220\320\277\321\200\320\265\320\273\321\214/12-04-33.md"
[2026-06-25 19:13:53]  delete mode 100644 "Life/Temp/2033/\320\220\320\277\321\200\320\265\320\273\321\214/13-04-33.md"
[2026-06-25 19:13:53]  delete mode 100644 "Life/Temp/2033/\320\220\320\277\321\200\320\265\320\273\321\214/14-04-33.md"
[2026-06-25 19:13:53]  delete mode 100644 "Life/Temp/2033/\320\220\320\277\321\200\320\265\320\273\321\214/15-04-33.md"
[2026-06-25 19:13:53]  delete mode 100644 "Life/Temp/2033/\320\220\320\277\321\200\320\265\320\273\321\214/16-04-33.md"
[2026-06-25 19:13:53]  delete mode 100644 "Life/Temp/2033/\320\220\320\277\321\200\320\265\320\273\321\214/17-04-33.md"
[2026-06-25 19:13:53]  delete mode 100644 "Life/Temp/2033/\320\220\320\277\321\200\320\265\320\273\321\214/18-04-33.md"
[2026-06-25 19:13:53]  delete mode 100644 "Life/Temp/2033/\320\220\320\277\321\200\320\265\320\273\321\214/19-04-33.md"
[2026-06-25 19:13:53]  delete mode 100644 "Life/Temp/2033/\320\220\320\277\321\200\320\265\320\273\321\214/20-04-33.md"
[2026-06-25 19:13:53]  delete mode 100644 "Life/Temp/2033/\320\220\320\277\321\200\320\265\320\273\321\214/21-04-33.md"
[2026-06-25 19:13:53]  delete mode 100644 "Life/Temp/2033/\320\220\320\277\321\200\320\265\320\273\321\214/22-04-33.md"
[2026-06-25 19:13:53]  delete mode 100644 "Life/Temp/2033/\320\220\320\277\321\200\320\265\320\273\321\214/23-04-33.md"
[2026-06-25 19:13:53]  delete mode 100644 "Life/Temp/2033/\320\220\320\277\321\200\320\265\320\273\321\214/24-04-33.md"
[2026-06-25 19:13:53]  delete mode 100644 "Life/Temp/2033/\320\220\320\277\321\200\320\265\320\273\321\214/25-04-33.md"
[2026-06-25 19:13:53]  delete mode 100644 "Life/Temp/2033/\320\220\320\277\321\200\320\265\320\273\321\214/26-04-33.md"
[2026-06-25 19:13:53]  delete mode 100644 "Life/Temp/2033/\320\220\320\277\321\200\320\265\320\273\321\214/27-04-33.md"
[2026-06-25 19:13:53]  delete mode 100644 "Life/Temp/2033/\320\220\320\277\321\200\320\265\320\273\321\214/28-04-33.md"
[2026-06-25 19:13:53]  delete mode 100644 "Life/Temp/2033/\320\220\320\277\321\200\320\265\320\273\321\214/29-04-33.md"
[2026-06-25 19:13:53]  delete mode 100644 "Life/Temp/2033/\320\220\320\277\321\200\320\265\320\273\321\214/30-04-33.md"
[2026-06-25 19:13:53]  delete mode 100644 "Life/Temp/2033/\320\224\320\265\320\272\320\260\320\261\321\200\321\214/01-12-33.md"
[2026-06-25 19:13:53]  delete mode 100644 "Life/Temp/2033/\320\224\320\265\320\272\320\260\320\261\321\200\321\214/02-12-33.md"
[2026-06-25 19:13:53]  delete mode 100644 "Life/Temp/2033/\320\224\320\265\320\272\320\260\320\261\321\200\321\214/03-12-33.md"
[2026-06-25 19:13:53]  delete mode 100644 "Life/Temp/2033/\320\224\320\265\320\272\320\260\320\261\321\200\321\214/04-12-33.md"
[2026-06-25 19:13:53]  delete mode 100644 "Life/Temp/2033/\320\224\320\265\320\272\320\260\320\261\321\200\321\214/05-12-33.md"
[2026-06-25 19:13:53]  delete mode 100644 "Life/Temp/2033/\320\224\320\265\320\272\320\260\320\261\321\200\321\214/06-12-33.md"
[2026-06-25 19:13:53]  delete mode 100644 "Life/Temp/2033/\320\224\320\265\320\272\320\260\320\261\321\200\321\214/07-12-33.md"
[2026-06-25 19:13:53]  delete mode 100644 "Life/Temp/2033/\320\224\320\265\320\272\320\260\320\261\321\200\321\214/08-12-33.md"
[2026-06-25 19:13:53]  delete mode 100644 "Life/Temp/2033/\320\224\320\265\320\272\320\260\320\261\321\200\321\214/09-12-33.md"
[2026-06-25 19:13:53]  delete mode 100644 "Life/Temp/2033/\320\224\320\265\320\272\320\260\320\261\321\200\321\214/10-12-33.md"
[2026-06-25 19:13:53]  delete mode 100644 "Life/Temp/2033/\320\224\320\265\320\272\320\260\320\261\321\200\321\214/11-12-33.md"
[2026-06-25 19:13:53]  delete mode 100644 "Life/Temp/2033/\320\224\320\265\320\272\320\260\320\261\321\200\321\214/12-12-33.md"
[2026-06-25 19:13:53]  delete mode 100644 "Life/Temp/2033/\320\224\320\265\320\272\320\260\320\261\321\200\321\214/13-12-33.md"
[2026-06-25 19:13:53]  delete mode 100644 "Life/Temp/2033/\320\224\320\265\320\272\320\260\320\261\321\200\321\214/14-12-33.md"
[2026-06-25 19:13:53]  delete mode 100644 "Life/Temp/2033/\320\224\320\265\320\272\320\260\320\261\321\200\321\214/15-12-33.md"
[2026-06-25 19:13:53]  delete mode 100644 "Life/Temp/2033/\320\224\320\265\320\272\320\260\320\261\321\200\321\214/16-12-33.md"
[2026-06-25 19:13:53]  delete mode 100644 "Life/Temp/2033/\320\224\320\265\320\272\320\260\320\261\321\200\321\214/17-12-33.md"
[2026-06-25 19:13:53]  delete mode 100644 "Life/Temp/2033/\320\224\320\265\320\272\320\260\320\261\321\200\321\214/18-12-33.md"
[2026-06-25 19:13:53]  delete mode 100644 "Life/Temp/2033/\320\224\320\265\320\272\320\260\320\261\321\200\321\214/19-12-33.md"
[2026-06-25 19:13:53]  delete mode 100644 "Life/Temp/2033/\320\224\320\265\320\272\320\260\320\261\321\200\321\214/20-12-33.md"
[2026-06-25 19:13:53]  delete mode 100644 "Life/Temp/2033/\320\224\320\265\320\272\320\260\320\261\321\200\321\214/21-12-33.md"
[2026-06-25 19:13:53]  delete mode 100644 "Life/Temp/2033/\320\224\320\265\320\272\320\260\320\261\321\200\321\214/22-12-33.md"
[2026-06-25 19:13:53]  delete mode 100644 "Life/Temp/2033/\320\224\320\265\320\272\320\260\320\261\321\200\321\214/23-12-33.md"
[2026-06-25 19:13:53]  delete mode 100644 "Life/Temp/2033/\320\224\320\265\320\272\320\260\320\261\321\200\321\214/24-12-33.md"
[2026-06-25 19:13:53]  delete mode 100644 "Life/Temp/2033/\320\224\320\265\320\272\320\260\320\261\321\200\321\214/25-12-33.md"
[2026-06-25 19:13:53]  delete mode 100644 "Life/Temp/2033/\320\224\320\265\320\272\320\260\320\261\321\200\321\214/26-12-33.md"
[2026-06-25 19:13:53]  delete mode 100644 "Life/Temp/2033/\320\224\320\265\320\272\320\260\320\261\321\200\321\214/27-12-33.md"
[2026-06-25 19:13:53]  delete mode 100644 "Life/Temp/2033/\320\224\320\265\320\272\320\260\320\261\321\200\321\214/28-12-33.md"
[2026-06-25 19:13:53]  delete mode 100644 "Life/Temp/2033/\320\224\320\265\320\272\320\260\320\261\321\200\321\214/29-12-33.md"
[2026-06-25 19:13:53]  delete mode 100644 "Life/Temp/2033/\320\224\320\265\320\272\320\260\320\261\321\200\321\214/30-12-33.md"
[2026-06-25 19:13:53]  delete mode 100644 "Life/Temp/2033/\320\224\320\265\320\272\320\260\320\261\321\200\321\214/31-12-33.md"
[2026-06-25 19:13:53]  delete mode 100644 "Life/Temp/2033/\320\230\321\216\320\273\321\214/01-07-33.md"
[2026-06-25 19:13:53]  delete mode 100644 "Life/Temp/2033/\320\230\321\216\320\273\321\214/02-07-33.md"
[2026-06-25 19:13:53]  delete mode 100644 "Life/Temp/2033/\320\230\321\216\320\273\321\214/03-07-33.md"
[2026-06-25 19:13:53]  delete mode 100644 "Life/Temp/2033/\320\230\321\216\320\273\321\214/04-07-33.md"
[2026-06-25 19:13:53]  delete mode 100644 "Life/Temp/2033/\320\230\321\216\320\273\321\214/05-07-33.md"
[2026-06-25 19:13:53]  delete mode 100644 "Life/Temp/2033/\320\230\321\216\320\273\321\214/06-07-33.md"
[2026-06-25 19:13:53]  delete mode 100644 "Life/Temp/2033/\320\230\321\216\320\273\321\214/07-07-33.md"
[2026-06-25 19:13:53]  delete mode 100644 "Life/Temp/2033/\320\230\321\216\320\273\321\214/08-07-33.md"
[2026-06-25 19:13:53]  delete mode 100644 "Life/Temp/2033/\320\230\321\216\320\273\321\214/09-07-33.md"
[2026-06-25 19:13:53]  delete mode 100644 "Life/Temp/2033/\320\230\321\216\320\273\321\214/10-07-33.md"
[2026-06-25 19:13:53]  delete mode 100644 "Life/Temp/2033/\320\230\321\216\320\273\321\214/11-07-33.md"
[2026-06-25 19:13:53]  delete mode 100644 "Life/Temp/2033/\320\230\321\216\320\273\321\214/12-07-33.md"
[2026-06-25 19:13:53]  delete mode 100644 "Life/Temp/2033/\320\230\321\216\320\273\321\214/13-07-33.md"
[2026-06-25 19:13:53]  delete mode 100644 "Life/Temp/2033/\320\230\321\216\320\273\321\214/14-07-33.md"
[2026-06-25 19:13:53]  delete mode 100644 "Life/Temp/2033/\320\230\321\216\320\273\321\214/15-07-33.md"
[2026-06-25 19:13:53]  delete mode 100644 "Life/Temp/2033/\320\230\321\216\320\273\321\214/16-07-33.md"
[2026-06-25 19:13:53]  delete mode 100644 "Life/Temp/2033/\320\230\321\216\320\273\321\214/17-07-33.md"
[2026-06-25 19:13:53]  delete mode 100644 "Life/Temp/2033/\320\230\321\216\320\273\321\214/18-07-33.md"
[2026-06-25 19:13:53]  delete mode 100644 "Life/Temp/2033/\320\230\321\216\320\273\321\214/19-07-33.md"
[2026-06-25 19:13:53]  delete mode 100644 "Life/Temp/2033/\320\230\321\216\320\273\321\214/20-07-33.md"
[2026-06-25 19:13:53]  delete mode 100644 "Life/Temp/2033/\320\230\321\216\320\273\321\214/21-07-33.md"
[2026-06-25 19:13:53]  delete mode 100644 "Life/Temp/2033/\320\230\321\216\320\273\321\214/22-07-33.md"
[2026-06-25 19:13:53]  delete mode 100644 "Life/Temp/2033/\320\230\321\216\320\273\321\214/23-07-33.md"
[2026-06-25 19:13:53]  delete mode 100644 "Life/Temp/2033/\320\230\321\216\320\273\321\214/24-07-33.md"
[2026-06-25 19:13:53]  delete mode 100644 "Life/Temp/2033/\320\230\321\216\320\273\321\214/25-07-33.md"
[2026-06-25 19:13:53]  delete mode 100644 "Life/Temp/2033/\320\230\321\216\320\273\321\214/26-07-33.md"
[2026-06-25 19:13:53]  delete mode 100644 "Life/Temp/2033/\320\230\321\216\320\273\321\214/27-07-33.md"
[2026-06-25 19:13:53]  delete mode 100644 "Life/Temp/2033/\320\230\321\216\320\273\321\214/28-07-33.md"
[2026-06-25 19:13:53]  delete mode 100644 "Life/Temp/2033/\320\230\321\216\320\273\321\214/29-07-33.md"
[2026-06-25 19:13:53]  delete mode 100644 "Life/Temp/2033/\320\230\321\216\320\273\321\214/30-07-33.md"
[2026-06-25 19:13:53]  delete mode 100644 "Life/Temp/2033/\320\230\321\216\320\273\321\214/31-07-33.md"
[2026-06-25 19:13:53]  delete mode 100644 "Life/Temp/2033/\320\230\321\216\320\275\321\214/01-06-33.md"
[2026-06-25 19:13:53]  delete mode 100644 "Life/Temp/2033/\320\230\321\216\320\275\321\214/02-06-33.md"
[2026-06-25 19:13:53]  delete mode 100644 "Life/Temp/2033/\320\230\321\216\320\275\321\214/03-06-33.md"
[2026-06-25 19:13:53]  delete mode 100644 "Life/Temp/2033/\320\230\321\216\320\275\321\214/04-06-33.md"
[2026-06-25 19:13:53]  delete mode 100644 "Life/Temp/2033/\320\230\321\216\320\275\321\214/05-06-33.md"
[2026-06-25 19:13:53]  delete mode 100644 "Life/Temp/2033/\320\230\321\216\320\275\321\214/06-06-33.md"
[2026-06-25 19:13:53]  delete mode 100644 "Life/Temp/2033/\320\230\321\216\320\275\321\214/07-06-33.md"
[2026-06-25 19:13:53]  delete mode 100644 "Life/Temp/2033/\320\230\321\216\320\275\321\214/08-06-33.md"
[2026-06-25 19:13:53]  delete mode 100644 "Life/Temp/2033/\320\230\321\216\320\275\321\214/09-06-33.md"
[2026-06-25 19:13:53]  delete mode 100644 "Life/Temp/2033/\320\230\321\216\320\275\321\214/10-06-33.md"
[2026-06-25 19:13:53]  delete mode 100644 "Life/Temp/2033/\320\230\321\216\320\275\321\214/11-06-33.md"
[2026-06-25 19:13:53]  delete mode 100644 "Life/Temp/2033/\320\230\321\216\320\275\321\214/12-06-33.md"
[2026-06-25 19:13:53]  delete mode 100644 "Life/Temp/2033/\320\230\321\216\320\275\321\214/13-06-33.md"
[2026-06-25 19:13:53]  delete mode 100644 "Life/Temp/2033/\320\230\321\216\320\275\321\214/14-06-33.md"
[2026-06-25 19:13:53]  delete mode 100644 "Life/Temp/2033/\320\230\321\216\320\275\321\214/15-06-33.md"
[2026-06-25 19:13:53]  delete mode 100644 "Life/Temp/2033/\320\230\321\216\320\275\321\214/16-06-33.md"
[2026-06-25 19:13:53]  delete mode 100644 "Life/Temp/2033/\320\230\321\216\320\275\321\214/17-06-33.md"
[2026-06-25 19:13:53]  delete mode 100644 "Life/Temp/2033/\320\230\321\216\320\275\321\214/18-06-33.md"
[2026-06-25 19:13:53]  delete mode 100644 "Life/Temp/2033/\320\230\321\216\320\275\321\214/19-06-33.md"
[2026-06-25 19:13:53]  delete mode 100644 "Life/Temp/2033/\320\230\321\216\320\275\321\214/20-06-33.md"
[2026-06-25 19:13:53]  delete mode 100644 "Life/Temp/2033/\320\230\321\216\320\275\321\214/21-06-33.md"
[2026-06-25 19:13:53]  delete mode 100644 "Life/Temp/2033/\320\230\321\216\320\275\321\214/22-06-33.md"
[2026-06-25 19:13:53]  delete mode 100644 "Life/Temp/2033/\320\230\321\216\320\275\321\214/23-06-33.md"
[2026-06-25 19:13:53]  delete mode 100644 "Life/Temp/2033/\320\230\321\216\320\275\321\214/24-06-33.md"
[2026-06-25 19:13:53]  delete mode 100644 "Life/Temp/2033/\320\230\321\216\320\275\321\214/25-06-33.md"
[2026-06-25 19:13:53]  delete mode 100644 "Life/Temp/2033/\320\230\321\216\320\275\321\214/26-06-33.md"
[2026-06-25 19:13:53]  delete mode 100644 "Life/Temp/2033/\320\230\321\216\320\275\321\214/27-06-33.md"
[2026-06-25 19:13:53]  delete mode 100644 "Life/Temp/2033/\320\230\321\216\320\275\321\214/28-06-33.md"
[2026-06-25 19:13:53]  delete mode 100644 "Life/Temp/2033/\320\230\321\216\320\275\321\214/29-06-33.md"
[2026-06-25 19:13:53]  delete mode 100644 "Life/Temp/2033/\320\230\321\216\320\275\321\214/30-06-33.md"
[2026-06-25 19:13:53]  delete mode 100644 "Life/Temp/2033/\320\234\320\260\320\271/01-05-33.md"
[2026-06-25 19:13:53]  delete mode 100644 "Life/Temp/2033/\320\234\320\260\320\271/02-05-33.md"
[2026-06-25 19:13:53]  delete mode 100644 "Life/Temp/2033/\320\234\320\260\320\271/03-05-33.md"
[2026-06-25 19:13:53]  delete mode 100644 "Life/Temp/2033/\320\234\320\260\320\271/04-05-33.md"
[2026-06-25 19:13:53]  delete mode 100644 "Life/Temp/2033/\320\234\320\260\320\271/05-05-33.md"
[2026-06-25 19:13:53]  delete mode 100644 "Life/Temp/2033/\320\234\320\260\320\271/06-05-33.md"
[2026-06-25 19:13:53]  delete mode 100644 "Life/Temp/2033/\320\234\320\260\320\271/07-05-33.md"
[2026-06-25 19:13:53]  delete mode 100644 "Life/Temp/2033/\320\234\320\260\320\271/08-05-33.md"
[2026-06-25 19:13:53]  delete mode 100644 "Life/Temp/2033/\320\234\320\260\320\271/09-05-33.md"
[2026-06-25 19:13:53]  delete mode 100644 "Life/Temp/2033/\320\234\320\260\320\271/10-05-33.md"
[2026-06-25 19:13:53]  delete mode 100644 "Life/Temp/2033/\320\234\320\260\320\271/11-05-33.md"
[2026-06-25 19:13:53]  delete mode 100644 "Life/Temp/2033/\320\234\320\260\320\271/12-05-33.md"
[2026-06-25 19:13:53]  delete mode 100644 "Life/Temp/2033/\320\234\320\260\320\271/13-05-33.md"
[2026-06-25 19:13:53]  delete mode 100644 "Life/Temp/2033/\320\234\320\260\320\271/14-05-33.md"
[2026-06-25 19:13:53]  delete mode 100644 "Life/Temp/2033/\320\234\320\260\320\271/15-05-33.md"
[2026-06-25 19:13:53]  delete mode 100644 "Life/Temp/2033/\320\234\320\260\320\271/16-05-33.md"
[2026-06-25 19:13:53]  delete mode 100644 "Life/Temp/2033/\320\234\320\260\320\271/17-05-33.md"
[2026-06-25 19:13:53]  delete mode 100644 "Life/Temp/2033/\320\234\320\260\320\271/18-05-33.md"
[2026-06-25 19:13:53]  delete mode 100644 "Life/Temp/2033/\320\234\320\260\320\271/19-05-33.md"
[2026-06-25 19:13:53]  delete mode 100644 "Life/Temp/2033/\320\234\320\260\320\271/20-05-33.md"
[2026-06-25 19:13:53]  delete mode 100644 "Life/Temp/2033/\320\234\320\260\320\271/21-05-33.md"
[2026-06-25 19:13:53]  delete mode 100644 "Life/Temp/2033/\320\234\320\260\320\271/22-05-33.md"
[2026-06-25 19:13:53]  delete mode 100644 "Life/Temp/2033/\320\234\320\260\320\271/23-05-33.md"
[2026-06-25 19:13:53]  delete mode 100644 "Life/Temp/2033/\320\234\320\260\320\271/24-05-33.md"
[2026-06-25 19:13:53]  delete mode 100644 "Life/Temp/2033/\320\234\320\260\320\271/25-05-33.md"
[2026-06-25 19:13:53]  delete mode 100644 "Life/Temp/2033/\320\234\320\260\320\271/26-05-33.md"
[2026-06-25 19:13:53]  delete mode 100644 "Life/Temp/2033/\320\234\320\260\320\271/27-05-33.md"
[2026-06-25 19:13:53]  delete mode 100644 "Life/Temp/2033/\320\234\320\260\320\271/28-05-33.md"
[2026-06-25 19:13:53]  delete mode 100644 "Life/Temp/2033/\320\234\320\260\320\271/29-05-33.md"
[2026-06-25 19:13:53]  delete mode 100644 "Life/Temp/2033/\320\234\320\260\320\271/30-05-33.md"
[2026-06-25 19:13:53]  delete mode 100644 "Life/Temp/2033/\320\234\320\260\320\271/31-05-33.md"
[2026-06-25 19:13:53]  delete mode 100644 "Life/Temp/2033/\320\234\320\260\321\200\321\202/01-03-33.md"
[2026-06-25 19:13:53]  delete mode 100644 "Life/Temp/2033/\320\234\320\260\321\200\321\202/02-03-33.md"
[2026-06-25 19:13:53]  delete mode 100644 "Life/Temp/2033/\320\234\320\260\321\200\321\202/03-03-33.md"
[2026-06-25 19:13:53]  delete mode 100644 "Life/Temp/2033/\320\234\320\260\321\200\321\202/04-03-33.md"
[2026-06-25 19:13:53]  delete mode 100644 "Life/Temp/2033/\320\234\320\260\321\200\321\202/05-03-33.md"
[2026-06-25 19:13:53]  delete mode 100644 "Life/Temp/2033/\320\234\320\260\321\200\321\202/06-03-33.md"
[2026-06-25 19:13:53]  delete mode 100644 "Life/Temp/2033/\320\234\320\260\321\200\321\202/07-03-33.md"
[2026-06-25 19:13:53]  delete mode 100644 "Life/Temp/2033/\320\234\320\260\321\200\321\202/08-03-33.md"
[2026-06-25 19:13:53]  delete mode 100644 "Life/Temp/2033/\320\234\320\260\321\200\321\202/09-03-33.md"
[2026-06-25 19:13:53]  delete mode 100644 "Life/Temp/2033/\320\234\320\260\321\200\321\202/10-03-33.md"
[2026-06-25 19:13:53]  delete mode 100644 "Life/Temp/2033/\320\234\320\260\321\200\321\202/11-03-33.md"
[2026-06-25 19:13:53]  delete mode 100644 "Life/Temp/2033/\320\234\320\260\321\200\321\202/12-03-33.md"
[2026-06-25 19:13:53]  delete mode 100644 "Life/Temp/2033/\320\234\320\260\321\200\321\202/13-03-33.md"
[2026-06-25 19:13:53]  delete mode 100644 "Life/Temp/2033/\320\234\320\260\321\200\321\202/14-03-33.md"
[2026-06-25 19:13:53]  delete mode 100644 "Life/Temp/2033/\320\234\320\260\321\200\321\202/15-03-33.md"
[2026-06-25 19:13:53]  delete mode 100644 "Life/Temp/2033/\320\234\320\260\321\200\321\202/16-03-33.md"
[2026-06-25 19:13:53]  delete mode 100644 "Life/Temp/2033/\320\234\320\260\321\200\321\202/17-03-33.md"
[2026-06-25 19:13:53]  delete mode 100644 "Life/Temp/2033/\320\234\320\260\321\200\321\202/18-03-33.md"
[2026-06-25 19:13:53]  delete mode 100644 "Life/Temp/2033/\320\234\320\260\321\200\321\202/19-03-33.md"
[2026-06-25 19:13:53]  delete mode 100644 "Life/Temp/2033/\320\234\320\260\321\200\321\202/20-03-33.md"
[2026-06-25 19:13:53]  delete mode 100644 "Life/Temp/2033/\320\234\320\260\321\200\321\202/21-03-33.md"
[2026-06-25 19:13:53]  delete mode 100644 "Life/Temp/2033/\320\234\320\260\321\200\321\202/22-03-33.md"
[2026-06-25 19:13:53]  delete mode 100644 "Life/Temp/2033/\320\234\320\260\321\200\321\202/23-03-33.md"
[2026-06-25 19:13:53]  delete mode 100644 "Life/Temp/2033/\320\234\320\260\321\200\321\202/24-03-33.md"
[2026-06-25 19:13:53]  delete mode 100644 "Life/Temp/2033/\320\234\320\260\321\200\321\202/25-03-33.md"
[2026-06-25 19:13:53]  delete mode 100644 "Life/Temp/2033/\320\234\320\260\321\200\321\202/26-03-33.md"
[2026-06-25 19:13:53]  delete mode 100644 "Life/Temp/2033/\320\234\320\260\321\200\321\202/27-03-33.md"
[2026-06-25 19:13:53]  delete mode 100644 "Life/Temp/2033/\320\234\320\260\321\200\321\202/28-03-33.md"
[2026-06-25 19:13:53]  delete mode 100644 "Life/Temp/2033/\320\234\320\260\321\200\321\202/29-03-33.md"
[2026-06-25 19:13:53]  delete mode 100644 "Life/Temp/2033/\320\234\320\260\321\200\321\202/30-03-33.md"
[2026-06-25 19:13:53]  delete mode 100644 "Life/Temp/2033/\320\234\320\260\321\200\321\202/31-03-33.md"
[2026-06-25 19:13:53]  delete mode 100644 "Life/Temp/2033/\320\235\320\276\321\217\320\261\321\200\321\214/01-11-33.md"
[2026-06-25 19:13:53]  delete mode 100644 "Life/Temp/2033/\320\235\320\276\321\217\320\261\321\200\321\214/02-11-33.md"
[2026-06-25 19:13:53]  delete mode 100644 "Life/Temp/2033/\320\235\320\276\321\217\320\261\321\200\321\214/03-11-33.md"
[2026-06-25 19:13:53]  delete mode 100644 "Life/Temp/2033/\320\235\320\276\321\217\320\261\321\200\321\214/04-11-33.md"
[2026-06-25 19:13:53]  delete mode 100644 "Life/Temp/2033/\320\235\320\276\321\217\320\261\321\200\321\214/05-11-33.md"
[2026-06-25 19:13:53]  delete mode 100644 "Life/Temp/2033/\320\235\320\276\321\217\320\261\321\200\321\214/06-11-33.md"
[2026-06-25 19:13:53]  delete mode 100644 "Life/Temp/2033/\320\235\320\276\321\217\320\261\321\200\321\214/07-11-33.md"
[2026-06-25 19:13:53]  delete mode 100644 "Life/Temp/2033/\320\235\320\276\321\217\320\261\321\200\321\214/08-11-33.md"
[2026-06-25 19:13:53]  delete mode 100644 "Life/Temp/2033/\320\235\320\276\321\217\320\261\321\200\321\214/09-11-33.md"
[2026-06-25 19:13:53]  delete mode 100644 "Life/Temp/2033/\320\235\320\276\321\217\320\261\321\200\321\214/10-11-33.md"
[2026-06-25 19:13:53]  delete mode 100644 "Life/Temp/2033/\320\235\320\276\321\217\320\261\321\200\321\214/11-11-33.md"
[2026-06-25 19:13:53]  delete mode 100644 "Life/Temp/2033/\320\235\320\276\321\217\320\261\321\200\321\214/12-11-33.md"
[2026-06-25 19:13:53]  delete mode 100644 "Life/Temp/2033/\320\235\320\276\321\217\320\261\321\200\321\214/13-11-33.md"
[2026-06-25 19:13:53]  delete mode 100644 "Life/Temp/2033/\320\235\320\276\321\217\320\261\321\200\321\214/14-11-33.md"
[2026-06-25 19:13:53]  delete mode 100644 "Life/Temp/2033/\320\235\320\276\321\217\320\261\321\200\321\214/15-11-33.md"
[2026-06-25 19:13:53]  delete mode 100644 "Life/Temp/2033/\320\235\320\276\321\217\320\261\321\200\321\214/16-11-33.md"
[2026-06-25 19:13:53]  delete mode 100644 "Life/Temp/2033/\320\235\320\276\321\217\320\261\321\200\321\214/17-11-33.md"
[2026-06-25 19:13:53]  delete mode 100644 "Life/Temp/2033/\320\235\320\276\321\217\320\261\321\200\321\214/18-11-33.md"
[2026-06-25 19:13:53]  delete mode 100644 "Life/Temp/2033/\320\235\320\276\321\217\320\261\321\200\321\214/19-11-33.md"
[2026-06-25 19:13:53]  delete mode 100644 "Life/Temp/2033/\320\235\320\276\321\217\320\261\321\200\321\214/20-11-33.md"
[2026-06-25 19:13:53]  delete mode 100644 "Life/Temp/2033/\320\235\320\276\321\217\320\261\321\200\321\214/21-11-33.md"
[2026-06-25 19:13:53]  delete mode 100644 "Life/Temp/2033/\320\235\320\276\321\217\320\261\321\200\321\214/22-11-33.md"
[2026-06-25 19:13:53]  delete mode 100644 "Life/Temp/2033/\320\235\320\276\321\217\320\261\321\200\321\214/23-11-33.md"
[2026-06-25 19:13:53]  delete mode 100644 "Life/Temp/2033/\320\235\320\276\321\217\320\261\321\200\321\214/24-11-33.md"
[2026-06-25 19:13:53]  delete mode 100644 "Life/Temp/2033/\320\235\320\276\321\217\320\261\321\200\321\214/25-11-33.md"
[2026-06-25 19:13:53]  delete mode 100644 "Life/Temp/2033/\320\235\320\276\321\217\320\261\321\200\321\214/26-11-33.md"
[2026-06-25 19:13:53]  delete mode 100644 "Life/Temp/2033/\320\235\320\276\321\217\320\261\321\200\321\214/27-11-33.md"
[2026-06-25 19:13:53]  delete mode 100644 "Life/Temp/2033/\320\235\320\276\321\217\320\261\321\200\321\214/28-11-33.md"
[2026-06-25 19:13:53]  delete mode 100644 "Life/Temp/2033/\320\235\320\276\321\217\320\261\321\200\321\214/29-11-33.md"
[2026-06-25 19:13:53]  delete mode 100644 "Life/Temp/2033/\320\235\320\276\321\217\320\261\321\200\321\214/30-11-33.md"
[2026-06-25 19:13:53]  delete mode 100644 "Life/Temp/2033/\320\236\320\272\321\202\321\217\320\261\321\200\321\214/01-10-33.md"
[2026-06-25 19:13:53]  delete mode 100644 "Life/Temp/2033/\320\236\320\272\321\202\321\217\320\261\321\200\321\214/02-10-33.md"
[2026-06-25 19:13:53]  delete mode 100644 "Life/Temp/2033/\320\236\320\272\321\202\321\217\320\261\321\200\321\214/03-10-33.md"
[2026-06-25 19:13:53]  delete mode 100644 "Life/Temp/2033/\320\236\320\272\321\202\321\217\320\261\321\200\321\214/04-10-33.md"
[2026-06-25 19:13:53]  delete mode 100644 "Life/Temp/2033/\320\236\320\272\321\202\321\217\320\261\321\200\321\214/05-10-33.md"
[2026-06-25 19:13:53]  delete mode 100644 "Life/Temp/2033/\320\236\320\272\321\202\321\217\320\261\321\200\321\214/06-10-33.md"
[2026-06-25 19:13:53]  delete mode 100644 "Life/Temp/2033/\320\236\320\272\321\202\321\217\320\261\321\200\321\214/07-10-33.md"
[2026-06-25 19:13:53]  delete mode 100644 "Life/Temp/2033/\320\236\320\272\321\202\321\217\320\261\321\200\321\214/08-10-33.md"
[2026-06-25 19:13:53]  delete mode 100644 "Life/Temp/2033/\320\236\320\272\321\202\321\217\320\261\321\200\321\214/09-10-33.md"
[2026-06-25 19:13:53]  delete mode 100644 "Life/Temp/2033/\320\236\320\272\321\202\321\217\320\261\321\200\321\214/10-10-33.md"
[2026-06-25 19:13:53]  delete mode 100644 "Life/Temp/2033/\320\236\320\272\321\202\321\217\320\261\321\200\321\214/11-10-33.md"
[2026-06-25 19:13:53]  delete mode 100644 "Life/Temp/2033/\320\236\320\272\321\202\321\217\320\261\321\200\321\214/12-10-33.md"
[2026-06-25 19:13:53]  delete mode 100644 "Life/Temp/2033/\320\236\320\272\321\202\321\217\320\261\321\200\321\214/13-10-33.md"
[2026-06-25 19:13:53]  delete mode 100644 "Life/Temp/2033/\320\236\320\272\321\202\321\217\320\261\321\200\321\214/14-10-33.md"
[2026-06-25 19:13:53]  delete mode 100644 "Life/Temp/2033/\320\236\320\272\321\202\321\217\320\261\321\200\321\214/15-10-33.md"
[2026-06-25 19:13:53]  delete mode 100644 "Life/Temp/2033/\320\236\320\272\321\202\321\217\320\261\321\200\321\214/16-10-33.md"
[2026-06-25 19:13:53]  delete mode 100644 "Life/Temp/2033/\320\236\320\272\321\202\321\217\320\261\321\200\321\214/17-10-33.md"
[2026-06-25 19:13:53]  delete mode 100644 "Life/Temp/2033/\320\236\320\272\321\202\321\217\320\261\321\200\321\214/18-10-33.md"
[2026-06-25 19:13:53]  delete mode 100644 "Life/Temp/2033/\320\236\320\272\321\202\321\217\320\261\321\200\321\214/19-10-33.md"
[2026-06-25 19:13:53]  delete mode 100644 "Life/Temp/2033/\320\236\320\272\321\202\321\217\320\261\321\200\321\214/20-10-33.md"
[2026-06-25 19:13:53]  delete mode 100644 "Life/Temp/2033/\320\236\320\272\321\202\321\217\320\261\321\200\321\214/21-10-33.md"
[2026-06-25 19:13:53]  delete mode 100644 "Life/Temp/2033/\320\236\320\272\321\202\321\217\320\261\321\200\321\214/22-10-33.md"
[2026-06-25 19:13:53]  delete mode 100644 "Life/Temp/2033/\320\236\320\272\321\202\321\217\320\261\321\200\321\214/23-10-33.md"
[2026-06-25 19:13:53]  delete mode 100644 "Life/Temp/2033/\320\236\320\272\321\202\321\217\320\261\321\200\321\214/24-10-33.md"
[2026-06-25 19:13:53]  delete mode 100644 "Life/Temp/2033/\320\236\320\272\321\202\321\217\320\261\321\200\321\214/25-10-33.md"
[2026-06-25 19:13:53]  delete mode 100644 "Life/Temp/2033/\320\236\320\272\321\202\321\217\320\261\321\200\321\214/26-10-33.md"
[2026-06-25 19:13:53]  delete mode 100644 "Life/Temp/2033/\320\236\320\272\321\202\321\217\320\261\321\200\321\214/27-10-33.md"
[2026-06-25 19:13:53]  delete mode 100644 "Life/Temp/2033/\320\236\320\272\321\202\321\217\320\261\321\200\321\214/28-10-33.md"
[2026-06-25 19:13:53]  delete mode 100644 "Life/Temp/2033/\320\236\320\272\321\202\321\217\320\261\321\200\321\214/29-10-33.md"
[2026-06-25 19:13:53]  delete mode 100644 "Life/Temp/2033/\320\236\320\272\321\202\321\217\320\261\321\200\321\214/30-10-33.md"
[2026-06-25 19:13:53]  delete mode 100644 "Life/Temp/2033/\320\236\320\272\321\202\321\217\320\261\321\200\321\214/31-10-33.md"
[2026-06-25 19:13:53]  delete mode 100644 "Life/Temp/2033/\320\241\320\265\320\275\321\202\321\217\320\261\321\200\321\214/01-09-33.md"
[2026-06-25 19:13:53]  delete mode 100644 "Life/Temp/2033/\320\241\320\265\320\275\321\202\321\217\320\261\321\200\321\214/02-09-33.md"
[2026-06-25 19:13:53]  delete mode 100644 "Life/Temp/2033/\320\241\320\265\320\275\321\202\321\217\320\261\321\200\321\214/03-09-33.md"
[2026-06-25 19:13:53]  delete mode 100644 "Life/Temp/2033/\320\241\320\265\320\275\321\202\321\217\320\261\321\200\321\214/04-09-33.md"
[2026-06-25 19:13:53]  delete mode 100644 "Life/Temp/2033/\320\241\320\265\320\275\321\202\321\217\320\261\321\200\321\214/05-09-33.md"
[2026-06-25 19:13:53]  delete mode 100644 "Life/Temp/2033/\320\241\320\265\320\275\321\202\321\217\320\261\321\200\321\214/06-09-33.md"
[2026-06-25 19:13:53]  delete mode 100644 "Life/Temp/2033/\320\241\320\265\320\275\321\202\321\217\320\261\321\200\321\214/07-09-33.md"
[2026-06-25 19:13:53]  delete mode 100644 "Life/Temp/2033/\320\241\320\265\320\275\321\202\321\217\320\261\321\200\321\214/08-09-33.md"
[2026-06-25 19:13:53]  delete mode 100644 "Life/Temp/2033/\320\241\320\265\320\275\321\202\321\217\320\261\321\200\321\214/09-09-33.md"
[2026-06-25 19:13:53]  delete mode 100644 "Life/Temp/2033/\320\241\320\265\320\275\321\202\321\217\320\261\321\200\321\214/10-09-33.md"
[2026-06-25 19:13:53]  delete mode 100644 "Life/Temp/2033/\320\241\320\265\320\275\321\202\321\217\320\261\321\200\321\214/11-09-33.md"
[2026-06-25 19:13:53]  delete mode 100644 "Life/Temp/2033/\320\241\320\265\320\275\321\202\321\217\320\261\321\200\321\214/12-09-33.md"
[2026-06-25 19:13:53]  delete mode 100644 "Life/Temp/2033/\320\241\320\265\320\275\321\202\321\217\320\261\321\200\321\214/13-09-33.md"
[2026-06-25 19:13:53]  delete mode 100644 "Life/Temp/2033/\320\241\320\265\320\275\321\202\321\217\320\261\321\200\321\214/14-09-33.md"
[2026-06-25 19:13:53]  delete mode 100644 "Life/Temp/2033/\320\241\320\265\320\275\321\202\321\217\320\261\321\200\321\214/15-09-33.md"
[2026-06-25 19:13:53]  delete mode 100644 "Life/Temp/2033/\320\241\320\265\320\275\321\202\321\217\320\261\321\200\321\214/16-09-33.md"
[2026-06-25 19:13:53]  delete mode 100644 "Life/Temp/2033/\320\241\320\265\320\275\321\202\321\217\320\261\321\200\321\214/17-09-33.md"
[2026-06-25 19:13:53]  delete mode 100644 "Life/Temp/2033/\320\241\320\265\320\275\321\202\321\217\320\261\321\200\321\214/18-09-33.md"
[2026-06-25 19:13:53]  delete mode 100644 "Life/Temp/2033/\320\241\320\265\320\275\321\202\321\217\320\261\321\200\321\214/19-09-33.md"
[2026-06-25 19:13:53]  delete mode 100644 "Life/Temp/2033/\320\241\320\265\320\275\321\202\321\217\320\261\321\200\321\214/20-09-33.md"
[2026-06-25 19:13:53]  delete mode 100644 "Life/Temp/2033/\320\241\320\265\320\275\321\202\321\217\320\261\321\200\321\214/21-09-33.md"
[2026-06-25 19:13:53]  delete mode 100644 "Life/Temp/2033/\320\241\320\265\320\275\321\202\321\217\320\261\321\200\321\214/22-09-33.md"
[2026-06-25 19:13:53]  delete mode 100644 "Life/Temp/2033/\320\241\320\265\320\275\321\202\321\217\320\261\321\200\321\214/23-09-33.md"
[2026-06-25 19:13:53]  delete mode 100644 "Life/Temp/2033/\320\241\320\265\320\275\321\202\321\217\320\261\321\200\321\214/24-09-33.md"
[2026-06-25 19:13:53]  delete mode 100644 "Life/Temp/2033/\320\241\320\265\320\275\321\202\321\217\320\261\321\200\321\214/25-09-33.md"
[2026-06-25 19:13:53]  delete mode 100644 "Life/Temp/2033/\320\241\320\265\320\275\321\202\321\217\320\261\321\200\321\214/26-09-33.md"
[2026-06-25 19:13:53]  delete mode 100644 "Life/Temp/2033/\320\241\320\265\320\275\321\202\321\217\320\261\321\200\321\214/27-09-33.md"
[2026-06-25 19:13:53]  delete mode 100644 "Life/Temp/2033/\320\241\320\265\320\275\321\202\321\217\320\261\321\200\321\214/28-09-33.md"
[2026-06-25 19:13:53]  delete mode 100644 "Life/Temp/2033/\320\241\320\265\320\275\321\202\321\217\320\261\321\200\321\214/29-09-33.md"
[2026-06-25 19:13:53]  delete mode 100644 "Life/Temp/2033/\320\241\320\265\320\275\321\202\321\217\320\261\321\200\321\214/30-09-33.md"
[2026-06-25 19:13:53]  delete mode 100644 "Life/Temp/2033/\320\244\320\265\320\262\321\200\320\260\320\273\321\214/01-02-33.md"
[2026-06-25 19:13:53]  delete mode 100644 "Life/Temp/2033/\320\244\320\265\320\262\321\200\320\260\320\273\321\214/02-02-33.md"
[2026-06-25 19:13:53]  delete mode 100644 "Life/Temp/2033/\320\244\320\265\320\262\321\200\320\260\320\273\321\214/03-02-33.md"
[2026-06-25 19:13:53]  delete mode 100644 "Life/Temp/2033/\320\244\320\265\320\262\321\200\320\260\320\273\321\214/04-02-33.md"
[2026-06-25 19:13:53]  delete mode 100644 "Life/Temp/2033/\320\244\320\265\320\262\321\200\320\260\320\273\321\214/05-02-33.md"
[2026-06-25 19:13:53]  delete mode 100644 "Life/Temp/2033/\320\244\320\265\320\262\321\200\320\260\320\273\321\214/06-02-33.md"
[2026-06-25 19:13:53]  delete mode 100644 "Life/Temp/2033/\320\244\320\265\320\262\321\200\320\260\320\273\321\214/07-02-33.md"
[2026-06-25 19:13:53]  delete mode 100644 "Life/Temp/2033/\320\244\320\265\320\262\321\200\320\260\320\273\321\214/08-02-33.md"
[2026-06-25 19:13:53]  delete mode 100644 "Life/Temp/2033/\320\244\320\265\320\262\321\200\320\260\320\273\321\214/09-02-33.md"
[2026-06-25 19:13:53]  delete mode 100644 "Life/Temp/2033/\320\244\320\265\320\262\321\200\320\260\320\273\321\214/10-02-33.md"
[2026-06-25 19:13:53]  delete mode 100644 "Life/Temp/2033/\320\244\320\265\320\262\321\200\320\260\320\273\321\214/11-02-33.md"
[2026-06-25 19:13:53]  delete mode 100644 "Life/Temp/2033/\320\244\320\265\320\262\321\200\320\260\320\273\321\214/12-02-33.md"
[2026-06-25 19:13:53]  delete mode 100644 "Life/Temp/2033/\320\244\320\265\320\262\321\200\320\260\320\273\321\214/13-02-33.md"
[2026-06-25 19:13:53]  delete mode 100644 "Life/Temp/2033/\320\244\320\265\320\262\321\200\320\260\320\273\321\214/14-02-33.md"
[2026-06-25 19:13:53]  delete mode 100644 "Life/Temp/2033/\320\244\320\265\320\262\321\200\320\260\320\273\321\214/15-02-33.md"
[2026-06-25 19:13:53]  delete mode 100644 "Life/Temp/2033/\320\244\320\265\320\262\321\200\320\260\320\273\321\214/16-02-33.md"
[2026-06-25 19:13:53]  delete mode 100644 "Life/Temp/2033/\320\244\320\265\320\262\321\200\320\260\320\273\321\214/17-02-33.md"
[2026-06-25 19:13:53]  delete mode 100644 "Life/Temp/2033/\320\244\320\265\320\262\321\200\320\260\320\273\321\214/18-02-33.md"
[2026-06-25 19:13:53]  delete mode 100644 "Life/Temp/2033/\320\244\320\265\320\262\321\200\320\260\320\273\321\214/19-02-33.md"
[2026-06-25 19:13:53]  delete mode 100644 "Life/Temp/2033/\320\244\320\265\320\262\321\200\320\260\320\273\321\214/20-02-33.md"
[2026-06-25 19:13:53]  delete mode 100644 "Life/Temp/2033/\320\244\320\265\320\262\321\200\320\260\320\273\321\214/21-02-33.md"
[2026-06-25 19:13:53]  delete mode 100644 "Life/Temp/2033/\320\244\320\265\320\262\321\200\320\260\320\273\321\214/22-02-33.md"
[2026-06-25 19:13:53]  delete mode 100644 "Life/Temp/2033/\320\244\320\265\320\262\321\200\320\260\320\273\321\214/23-02-33.md"
[2026-06-25 19:13:53]  delete mode 100644 "Life/Temp/2033/\320\244\320\265\320\262\321\200\320\260\320\273\321\214/24-02-33.md"
[2026-06-25 19:13:53]  delete mode 100644 "Life/Temp/2033/\320\244\320\265\320\262\321\200\320\260\320\273\321\214/25-02-33.md"
[2026-06-25 19:13:53]  delete mode 100644 "Life/Temp/2033/\320\244\320\265\320\262\321\200\320\260\320\273\321\214/26-02-33.md"
[2026-06-25 19:13:53]  delete mode 100644 "Life/Temp/2033/\320\244\320\265\320\262\321\200\320\260\320\273\321\214/27-02-33.md"
[2026-06-25 19:13:53]  delete mode 100644 "Life/Temp/2033/\320\244\320\265\320\262\321\200\320\260\320\273\321\214/28-02-33.md"
[2026-06-25 19:13:53]  delete mode 100644 "Life/Temp/2033/\320\257\320\275\320\262\320\260\321\200\321\214/01-01-33.md"
[2026-06-25 19:13:53]  delete mode 100644 "Life/Temp/2033/\320\257\320\275\320\262\320\260\321\200\321\214/02-01-33.md"
[2026-06-25 19:13:53]  delete mode 100644 "Life/Temp/2033/\320\257\320\275\320\262\320\260\321\200\321\214/03-01-33.md"
[2026-06-25 19:13:53]  delete mode 100644 "Life/Temp/2033/\320\257\320\275\320\262\320\260\321\200\321\214/04-01-33.md"
[2026-06-25 19:13:53]  delete mode 100644 "Life/Temp/2033/\320\257\320\275\320\262\320\260\321\200\321\214/05-01-33.md"
[2026-06-25 19:13:53]  delete mode 100644 "Life/Temp/2033/\320\257\320\275\320\262\320\260\321\200\321\214/06-01-33.md"
[2026-06-25 19:13:53]  delete mode 100644 "Life/Temp/2033/\320\257\320\275\320\262\320\260\321\200\321\214/07-01-33.md"
[2026-06-25 19:13:53]  delete mode 100644 "Life/Temp/2033/\320\257\320\275\320\262\320\260\321\200\321\214/08-01-33.md"
[2026-06-25 19:13:53]  delete mode 100644 "Life/Temp/2033/\320\257\320\275\320\262\320\260\321\200\321\214/09-01-33.md"
[2026-06-25 19:13:53]  delete mode 100644 "Life/Temp/2033/\320\257\320\275\320\262\320\260\321\200\321\214/10-01-33.md"
[2026-06-25 19:13:53]  delete mode 100644 "Life/Temp/2033/\320\257\320\275\320\262\320\260\321\200\321\214/11-01-33.md"
[2026-06-25 19:13:53]  delete mode 100644 "Life/Temp/2033/\320\257\320\275\320\262\320\260\321\200\321\214/12-01-33.md"
[2026-06-25 19:13:53]  delete mode 100644 "Life/Temp/2033/\320\257\320\275\320\262\320\260\321\200\321\214/13-01-33.md"
[2026-06-25 19:13:53]  delete mode 100644 "Life/Temp/2033/\320\257\320\275\320\262\320\260\321\200\321\214/14-01-33.md"
[2026-06-25 19:13:53]  delete mode 100644 "Life/Temp/2033/\320\257\320\275\320\262\320\260\321\200\321\214/15-01-33.md"
[2026-06-25 19:13:53]  delete mode 100644 "Life/Temp/2033/\320\257\320\275\320\262\320\260\321\200\321\214/16-01-33.md"
[2026-06-25 19:13:53]  delete mode 100644 "Life/Temp/2033/\320\257\320\275\320\262\320\260\321\200\321\214/17-01-33.md"
[2026-06-25 19:13:53]  delete mode 100644 "Life/Temp/2033/\320\257\320\275\320\262\320\260\321\200\321\214/18-01-33.md"
[2026-06-25 19:13:53]  delete mode 100644 "Life/Temp/2033/\320\257\320\275\320\262\320\260\321\200\321\214/19-01-33.md"
[2026-06-25 19:13:53]  delete mode 100644 "Life/Temp/2033/\320\257\320\275\320\262\320\260\321\200\321\214/20-01-33.md"
[2026-06-25 19:13:53]  delete mode 100644 "Life/Temp/2033/\320\257\320\275\320\262\320\260\321\200\321\214/21-01-33.md"
[2026-06-25 19:13:53]  delete mode 100644 "Life/Temp/2033/\320\257\320\275\320\262\320\260\321\200\321\214/22-01-33.md"
[2026-06-25 19:13:53]  delete mode 100644 "Life/Temp/2033/\320\257\320\275\320\262\320\260\321\200\321\214/23-01-33.md"
[2026-06-25 19:13:53]  delete mode 100644 "Life/Temp/2033/\320\257\320\275\320\262\320\260\321\200\321\214/24-01-33.md"
[2026-06-25 19:13:53]  delete mode 100644 "Life/Temp/2033/\320\257\320\275\320\262\320\260\321\200\321\214/25-01-33.md"
[2026-06-25 19:13:53]  delete mode 100644 "Life/Temp/2033/\320\257\320\275\320\262\320\260\321\200\321\214/26-01-33.md"
[2026-06-25 19:13:53]  delete mode 100644 "Life/Temp/2033/\320\257\320\275\320\262\320\260\321\200\321\214/27-01-33.md"
[2026-06-25 19:13:53]  delete mode 100644 "Life/Temp/2033/\320\257\320\275\320\262\320\260\321\200\321\214/28-01-33.md"
[2026-06-25 19:13:53]  delete mode 100644 "Life/Temp/2033/\320\257\320\275\320\262\320\260\321\200\321\214/29-01-33.md"
[2026-06-25 19:13:53]  delete mode 100644 "Life/Temp/2033/\320\257\320\275\320\262\320\260\321\200\321\214/30-01-33.md"
[2026-06-25 19:13:53]  delete mode 100644 "Life/Temp/2033/\320\257\320\275\320\262\320\260\321\200\321\214/31-01-33.md"
[2026-06-25 19:13:53]  delete mode 100644 "Life/Temp/2034/\320\220\320\262\320\263\321\203\321\201\321\202/01-08-34.md"
[2026-06-25 19:13:53]  delete mode 100644 "Life/Temp/2034/\320\220\320\262\320\263\321\203\321\201\321\202/02-08-34.md"
[2026-06-25 19:13:53]  delete mode 100644 "Life/Temp/2034/\320\220\320\262\320\263\321\203\321\201\321\202/03-08-34.md"
[2026-06-25 19:13:53]  delete mode 100644 "Life/Temp/2034/\320\220\320\262\320\263\321\203\321\201\321\202/04-08-34.md"
[2026-06-25 19:13:53]  delete mode 100644 "Life/Temp/2034/\320\220\320\262\320\263\321\203\321\201\321\202/05-08-34.md"
[2026-06-25 19:13:53]  delete mode 100644 "Life/Temp/2034/\320\220\320\262\320\263\321\203\321\201\321\202/06-08-34.md"
[2026-06-25 19:13:53]  delete mode 100644 "Life/Temp/2034/\320\220\320\262\320\263\321\203\321\201\321\202/07-08-34.md"
[2026-06-25 19:13:53]  delete mode 100644 "Life/Temp/2034/\320\220\320\262\320\263\321\203\321\201\321\202/08-08-34.md"
[2026-06-25 19:13:53]  delete mode 100644 "Life/Temp/2034/\320\220\320\262\320\263\321\203\321\201\321\202/09-08-34.md"
[2026-06-25 19:13:53]  delete mode 100644 "Life/Temp/2034/\320\220\320\262\320\263\321\203\321\201\321\202/10-08-34.md"
[2026-06-25 19:13:53]  delete mode 100644 "Life/Temp/2034/\320\220\320\262\320\263\321\203\321\201\321\202/11-08-34.md"
[2026-06-25 19:13:53]  delete mode 100644 "Life/Temp/2034/\320\220\320\262\320\263\321\203\321\201\321\202/12-08-34.md"
[2026-06-25 19:13:53]  delete mode 100644 "Life/Temp/2034/\320\220\320\262\320\263\321\203\321\201\321\202/13-08-34.md"
[2026-06-25 19:13:53]  delete mode 100644 "Life/Temp/2034/\320\220\320\262\320\263\321\203\321\201\321\202/14-08-34.md"
[2026-06-25 19:13:53]  delete mode 100644 "Life/Temp/2034/\320\220\320\262\320\263\321\203\321\201\321\202/15-08-34.md"
[2026-06-25 19:13:53]  delete mode 100644 "Life/Temp/2034/\320\220\320\262\320\263\321\203\321\201\321\202/16-08-34.md"
[2026-06-25 19:13:53]  delete mode 100644 "Life/Temp/2034/\320\220\320\262\320\263\321\203\321\201\321\202/17-08-34.md"
[2026-06-25 19:13:53]  delete mode 100644 "Life/Temp/2034/\320\220\320\262\320\263\321\203\321\201\321\202/18-08-34.md"
[2026-06-25 19:13:53]  delete mode 100644 "Life/Temp/2034/\320\220\320\262\320\263\321\203\321\201\321\202/19-08-34.md"
[2026-06-25 19:13:53]  delete mode 100644 "Life/Temp/2034/\320\220\320\262\320\263\321\203\321\201\321\202/20-08-34.md"
[2026-06-25 19:13:53]  delete mode 100644 "Life/Temp/2034/\320\220\320\262\320\263\321\203\321\201\321\202/21-08-34.md"
[2026-06-25 19:13:53]  delete mode 100644 "Life/Temp/2034/\320\220\320\262\320\263\321\203\321\201\321\202/22-08-34.md"
[2026-06-25 19:13:53]  delete mode 100644 "Life/Temp/2034/\320\220\320\262\320\263\321\203\321\201\321\202/23-08-34.md"
[2026-06-25 19:13:53]  delete mode 100644 "Life/Temp/2034/\320\220\320\262\320\263\321\203\321\201\321\202/24-08-34.md"
[2026-06-25 19:13:53]  delete mode 100644 "Life/Temp/2034/\320\220\320\262\320\263\321\203\321\201\321\202/25-08-34.md"
[2026-06-25 19:13:53]  delete mode 100644 "Life/Temp/2034/\320\220\320\262\320\263\321\203\321\201\321\202/26-08-34.md"
[2026-06-25 19:13:53]  delete mode 100644 "Life/Temp/2034/\320\220\320\262\320\263\321\203\321\201\321\202/27-08-34.md"
[2026-06-25 19:13:53]  delete mode 100644 "Life/Temp/2034/\320\220\320\262\320\263\321\203\321\201\321\202/28-08-34.md"
[2026-06-25 19:13:53]  delete mode 100644 "Life/Temp/2034/\320\220\320\262\320\263\321\203\321\201\321\202/29-08-34.md"
[2026-06-25 19:13:53]  delete mode 100644 "Life/Temp/2034/\320\220\320\262\320\263\321\203\321\201\321\202/30-08-34.md"
[2026-06-25 19:13:53]  delete mode 100644 "Life/Temp/2034/\320\220\320\262\320\263\321\203\321\201\321\202/31-08-34.md"
[2026-06-25 19:13:53]  delete mode 100644 "Life/Temp/2034/\320\220\320\277\321\200\320\265\320\273\321\214/01-04-34.md"
[2026-06-25 19:13:53]  delete mode 100644 "Life/Temp/2034/\320\220\320\277\321\200\320\265\320\273\321\214/02-04-34.md"
[2026-06-25 19:13:53]  delete mode 100644 "Life/Temp/2034/\320\220\320\277\321\200\320\265\320\273\321\214/03-04-34.md"
[2026-06-25 19:13:53]  delete mode 100644 "Life/Temp/2034/\320\220\320\277\321\200\320\265\320\273\321\214/04-04-34.md"
[2026-06-25 19:13:53]  delete mode 100644 "Life/Temp/2034/\320\220\320\277\321\200\320\265\320\273\321\214/05-04-34.md"
[2026-06-25 19:13:53]  delete mode 100644 "Life/Temp/2034/\320\220\320\277\321\200\320\265\320\273\321\214/06-04-34.md"
[2026-06-25 19:13:53]  delete mode 100644 "Life/Temp/2034/\320\220\320\277\321\200\320\265\320\273\321\214/07-04-34.md"
[2026-06-25 19:13:53]  delete mode 100644 "Life/Temp/2034/\320\220\320\277\321\200\320\265\320\273\321\214/08-04-34.md"
[2026-06-25 19:13:53]  delete mode 100644 "Life/Temp/2034/\320\220\320\277\321\200\320\265\320\273\321\214/09-04-34.md"
[2026-06-25 19:13:53]  delete mode 100644 "Life/Temp/2034/\320\220\320\277\321\200\320\265\320\273\321\214/10-04-34.md"
[2026-06-25 19:13:53]  delete mode 100644 "Life/Temp/2034/\320\220\320\277\321\200\320\265\320\273\321\214/11-04-34.md"
[2026-06-25 19:13:53]  delete mode 100644 "Life/Temp/2034/\320\220\320\277\321\200\320\265\320\273\321\214/12-04-34.md"
[2026-06-25 19:13:53]  delete mode 100644 "Life/Temp/2034/\320\220\320\277\321\200\320\265\320\273\321\214/13-04-34.md"
[2026-06-25 19:13:53]  delete mode 100644 "Life/Temp/2034/\320\220\320\277\321\200\320\265\320\273\321\214/14-04-34.md"
[2026-06-25 19:13:53]  delete mode 100644 "Life/Temp/2034/\320\220\320\277\321\200\320\265\320\273\321\214/15-04-34.md"
[2026-06-25 19:13:53]  delete mode 100644 "Life/Temp/2034/\320\220\320\277\321\200\320\265\320\273\321\214/16-04-34.md"
[2026-06-25 19:13:53]  delete mode 100644 "Life/Temp/2034/\320\220\320\277\321\200\320\265\320\273\321\214/17-04-34.md"
[2026-06-25 19:13:53]  delete mode 100644 "Life/Temp/2034/\320\220\320\277\321\200\320\265\320\273\321\214/18-04-34.md"
[2026-06-25 19:13:53]  delete mode 100644 "Life/Temp/2034/\320\220\320\277\321\200\320\265\320\273\321\214/19-04-34.md"
[2026-06-25 19:13:53]  delete mode 100644 "Life/Temp/2034/\320\220\320\277\321\200\320\265\320\273\321\214/20-04-34.md"
[2026-06-25 19:13:53]  delete mode 100644 "Life/Temp/2034/\320\220\320\277\321\200\320\265\320\273\321\214/21-04-34.md"
[2026-06-25 19:13:53]  delete mode 100644 "Life/Temp/2034/\320\220\320\277\321\200\320\265\320\273\321\214/22-04-34.md"
[2026-06-25 19:13:53]  delete mode 100644 "Life/Temp/2034/\320\220\320\277\321\200\320\265\320\273\321\214/23-04-34.md"
[2026-06-25 19:13:53]  delete mode 100644 "Life/Temp/2034/\320\220\320\277\321\200\320\265\320\273\321\214/24-04-34.md"
[2026-06-25 19:13:53]  delete mode 100644 "Life/Temp/2034/\320\220\320\277\321\200\320\265\320\273\321\214/25-04-34.md"
[2026-06-25 19:13:53]  delete mode 100644 "Life/Temp/2034/\320\220\320\277\321\200\320\265\320\273\321\214/26-04-34.md"
[2026-06-25 19:13:53]  delete mode 100644 "Life/Temp/2034/\320\220\320\277\321\200\320\265\320\273\321\214/27-04-34.md"
[2026-06-25 19:13:53]  delete mode 100644 "Life/Temp/2034/\320\220\320\277\321\200\320\265\320\273\321\214/28-04-34.md"
[2026-06-25 19:13:53]  delete mode 100644 "Life/Temp/2034/\320\220\320\277\321\200\320\265\320\273\321\214/29-04-34.md"
[2026-06-25 19:13:53]  delete mode 100644 "Life/Temp/2034/\320\220\320\277\321\200\320\265\320\273\321\214/30-04-34.md"
[2026-06-25 19:13:53]  delete mode 100644 "Life/Temp/2034/\320\224\320\265\320\272\320\260\320\261\321\200\321\214/01-12-34.md"
[2026-06-25 19:13:53]  delete mode 100644 "Life/Temp/2034/\320\224\320\265\320\272\320\260\320\261\321\200\321\214/02-12-34.md"
[2026-06-25 19:13:53]  delete mode 100644 "Life/Temp/2034/\320\224\320\265\320\272\320\260\320\261\321\200\321\214/03-12-34.md"
[2026-06-25 19:13:53]  delete mode 100644 "Life/Temp/2034/\320\224\320\265\320\272\320\260\320\261\321\200\321\214/04-12-34.md"
[2026-06-25 19:13:53]  delete mode 100644 "Life/Temp/2034/\320\224\320\265\320\272\320\260\320\261\321\200\321\214/05-12-34.md"
[2026-06-25 19:13:53]  delete mode 100644 "Life/Temp/2034/\320\224\320\265\320\272\320\260\320\261\321\200\321\214/06-12-34.md"
[2026-06-25 19:13:53]  delete mode 100644 "Life/Temp/2034/\320\224\320\265\320\272\320\260\320\261\321\200\321\214/07-12-34.md"
[2026-06-25 19:13:53]  delete mode 100644 "Life/Temp/2034/\320\224\320\265\320\272\320\260\320\261\321\200\321\214/08-12-34.md"
[2026-06-25 19:13:53]  delete mode 100644 "Life/Temp/2034/\320\224\320\265\320\272\320\260\320\261\321\200\321\214/09-12-34.md"
[2026-06-25 19:13:53]  delete mode 100644 "Life/Temp/2034/\320\224\320\265\320\272\320\260\320\261\321\200\321\214/10-12-34.md"
[2026-06-25 19:13:53]  delete mode 100644 "Life/Temp/2034/\320\224\320\265\320\272\320\260\320\261\321\200\321\214/11-12-34.md"
[2026-06-25 19:13:53]  delete mode 100644 "Life/Temp/2034/\320\224\320\265\320\272\320\260\320\261\321\200\321\214/12-12-34.md"
[2026-06-25 19:13:53]  delete mode 100644 "Life/Temp/2034/\320\224\320\265\320\272\320\260\320\261\321\200\321\214/13-12-34.md"
[2026-06-25 19:13:53]  delete mode 100644 "Life/Temp/2034/\320\224\320\265\320\272\320\260\320\261\321\200\321\214/14-12-34.md"
[2026-06-25 19:13:53]  delete mode 100644 "Life/Temp/2034/\320\224\320\265\320\272\320\260\320\261\321\200\321\214/15-12-34.md"
[2026-06-25 19:13:53]  delete mode 100644 "Life/Temp/2034/\320\224\320\265\320\272\320\260\320\261\321\200\321\214/16-12-34.md"
[2026-06-25 19:13:53]  delete mode 100644 "Life/Temp/2034/\320\224\320\265\320\272\320\260\320\261\321\200\321\214/17-12-34.md"
[2026-06-25 19:13:53]  delete mode 100644 "Life/Temp/2034/\320\224\320\265\320\272\320\260\320\261\321\200\321\214/18-12-34.md"
[2026-06-25 19:13:53]  delete mode 100644 "Life/Temp/2034/\320\224\320\265\320\272\320\260\320\261\321\200\321\214/19-12-34.md"
[2026-06-25 19:13:53]  delete mode 100644 "Life/Temp/2034/\320\224\320\265\320\272\320\260\320\261\321\200\321\214/20-12-34.md"
[2026-06-25 19:13:53]  delete mode 100644 "Life/Temp/2034/\320\224\320\265\320\272\320\260\320\261\321\200\321\214/21-12-34.md"
[2026-06-25 19:13:53]  delete mode 100644 "Life/Temp/2034/\320\224\320\265\320\272\320\260\320\261\321\200\321\214/22-12-34.md"
[2026-06-25 19:13:53]  delete mode 100644 "Life/Temp/2034/\320\224\320\265\320\272\320\260\320\261\321\200\321\214/23-12-34.md"
[2026-06-25 19:13:53]  delete mode 100644 "Life/Temp/2034/\320\224\320\265\320\272\320\260\320\261\321\200\321\214/24-12-34.md"
[2026-06-25 19:13:53]  delete mode 100644 "Life/Temp/2034/\320\224\320\265\320\272\320\260\320\261\321\200\321\214/25-12-34.md"
[2026-06-25 19:13:53]  delete mode 100644 "Life/Temp/2034/\320\224\320\265\320\272\320\260\320\261\321\200\321\214/26-12-34.md"
[2026-06-25 19:13:53]  delete mode 100644 "Life/Temp/2034/\320\224\320\265\320\272\320\260\320\261\321\200\321\214/27-12-34.md"
[2026-06-25 19:13:53]  delete mode 100644 "Life/Temp/2034/\320\224\320\265\320\272\320\260\320\261\321\200\321\214/28-12-34.md"
[2026-06-25 19:13:53]  delete mode 100644 "Life/Temp/2034/\320\224\320\265\320\272\320\260\320\261\321\200\321\214/29-12-34.md"
[2026-06-25 19:13:53]  delete mode 100644 "Life/Temp/2034/\320\224\320\265\320\272\320\260\320\261\321\200\321\214/30-12-34.md"
[2026-06-25 19:13:53]  delete mode 100644 "Life/Temp/2034/\320\224\320\265\320\272\320\260\320\261\321\200\321\214/31-12-34.md"
[2026-06-25 19:13:53]  delete mode 100644 "Life/Temp/2034/\320\230\321\216\320\273\321\214/01-07-34.md"
[2026-06-25 19:13:53]  delete mode 100644 "Life/Temp/2034/\320\230\321\216\320\273\321\214/02-07-34.md"
[2026-06-25 19:13:53]  delete mode 100644 "Life/Temp/2034/\320\230\321\216\320\273\321\214/03-07-34.md"
[2026-06-25 19:13:53]  delete mode 100644 "Life/Temp/2034/\320\230\321\216\320\273\321\214/04-07-34.md"
[2026-06-25 19:13:53]  delete mode 100644 "Life/Temp/2034/\320\230\321\216\320\273\321\214/05-07-34.md"
[2026-06-25 19:13:53]  delete mode 100644 "Life/Temp/2034/\320\230\321\216\320\273\321\214/06-07-34.md"
[2026-06-25 19:13:53]  delete mode 100644 "Life/Temp/2034/\320\230\321\216\320\273\321\214/07-07-34.md"
[2026-06-25 19:13:53]  delete mode 100644 "Life/Temp/2034/\320\230\321\216\320\273\321\214/08-07-34.md"
[2026-06-25 19:13:53]  delete mode 100644 "Life/Temp/2034/\320\230\321\216\320\273\321\214/09-07-34.md"
[2026-06-25 19:13:53]  delete mode 100644 "Life/Temp/2034/\320\230\321\216\320\273\321\214/10-07-34.md"
[2026-06-25 19:13:53]  delete mode 100644 "Life/Temp/2034/\320\230\321\216\320\273\321\214/11-07-34.md"
[2026-06-25 19:13:53]  delete mode 100644 "Life/Temp/2034/\320\230\321\216\320\273\321\214/12-07-34.md"
[2026-06-25 19:13:53]  delete mode 100644 "Life/Temp/2034/\320\230\321\216\320\273\321\214/13-07-34.md"
[2026-06-25 19:13:53]  delete mode 100644 "Life/Temp/2034/\320\230\321\216\320\273\321\214/14-07-34.md"
[2026-06-25 19:13:53]  delete mode 100644 "Life/Temp/2034/\320\230\321\216\320\273\321\214/15-07-34.md"
[2026-06-25 19:13:53]  delete mode 100644 "Life/Temp/2034/\320\230\321\216\320\273\321\214/16-07-34.md"
[2026-06-25 19:13:53]  delete mode 100644 "Life/Temp/2034/\320\230\321\216\320\273\321\214/17-07-34.md"
[2026-06-25 19:13:53]  delete mode 100644 "Life/Temp/2034/\320\230\321\216\320\273\321\214/18-07-34.md"
[2026-06-25 19:13:53]  delete mode 100644 "Life/Temp/2034/\320\230\321\216\320\273\321\214/19-07-34.md"
[2026-06-25 19:13:53]  delete mode 100644 "Life/Temp/2034/\320\230\321\216\320\273\321\214/20-07-34.md"
[2026-06-25 19:13:53]  delete mode 100644 "Life/Temp/2034/\320\230\321\216\320\273\321\214/21-07-34.md"
[2026-06-25 19:13:53]  delete mode 100644 "Life/Temp/2034/\320\230\321\216\320\273\321\214/22-07-34.md"
[2026-06-25 19:13:53]  delete mode 100644 "Life/Temp/2034/\320\230\321\216\320\273\321\214/23-07-34.md"
[2026-06-25 19:13:53]  delete mode 100644 "Life/Temp/2034/\320\230\321\216\320\273\321\214/24-07-34.md"
[2026-06-25 19:13:53]  delete mode 100644 "Life/Temp/2034/\320\230\321\216\320\273\321\214/25-07-34.md"
[2026-06-25 19:13:53]  delete mode 100644 "Life/Temp/2034/\320\230\321\216\320\273\321\214/26-07-34.md"
[2026-06-25 19:13:53]  delete mode 100644 "Life/Temp/2034/\320\230\321\216\320\273\321\214/27-07-34.md"
[2026-06-25 19:13:53]  delete mode 100644 "Life/Temp/2034/\320\230\321\216\320\273\321\214/28-07-34.md"
[2026-06-25 19:13:53]  delete mode 100644 "Life/Temp/2034/\320\230\321\216\320\273\321\214/29-07-34.md"
[2026-06-25 19:13:53]  delete mode 100644 "Life/Temp/2034/\320\230\321\216\320\273\321\214/30-07-34.md"
[2026-06-25 19:13:53]  delete mode 100644 "Life/Temp/2034/\320\230\321\216\320\273\321\214/31-07-34.md"
[2026-06-25 19:13:53]  delete mode 100644 "Life/Temp/2034/\320\230\321\216\320\275\321\214/01-06-34.md"
[2026-06-25 19:13:53]  delete mode 100644 "Life/Temp/2034/\320\230\321\216\320\275\321\214/02-06-34.md"
[2026-06-25 19:13:53]  delete mode 100644 "Life/Temp/2034/\320\230\321\216\320\275\321\214/03-06-34.md"
[2026-06-25 19:13:53]  delete mode 100644 "Life/Temp/2034/\320\230\321\216\320\275\321\214/04-06-34.md"
[2026-06-25 19:13:53]  delete mode 100644 "Life/Temp/2034/\320\230\321\216\320\275\321\214/05-06-34.md"
[2026-06-25 19:13:53]  delete mode 100644 "Life/Temp/2034/\320\230\321\216\320\275\321\214/06-06-34.md"
[2026-06-25 19:13:53]  delete mode 100644 "Life/Temp/2034/\320\230\321\216\320\275\321\214/07-06-34.md"
[2026-06-25 19:13:53]  delete mode 100644 "Life/Temp/2034/\320\230\321\216\320\275\321\214/08-06-34.md"
[2026-06-25 19:13:53]  delete mode 100644 "Life/Temp/2034/\320\230\321\216\320\275\321\214/09-06-34.md"
[2026-06-25 19:13:53]  delete mode 100644 "Life/Temp/2034/\320\230\321\216\320\275\321\214/10-06-34.md"
[2026-06-25 19:13:53]  delete mode 100644 "Life/Temp/2034/\320\230\321\216\320\275\321\214/11-06-34.md"
[2026-06-25 19:13:53]  delete mode 100644 "Life/Temp/2034/\320\230\321\216\320\275\321\214/12-06-34.md"
[2026-06-25 19:13:53]  delete mode 100644 "Life/Temp/2034/\320\230\321\216\320\275\321\214/13-06-34.md"
[2026-06-25 19:13:53]  delete mode 100644 "Life/Temp/2034/\320\230\321\216\320\275\321\214/14-06-34.md"
[2026-06-25 19:13:53]  delete mode 100644 "Life/Temp/2034/\320\230\321\216\320\275\321\214/15-06-34.md"
[2026-06-25 19:13:53]  delete mode 100644 "Life/Temp/2034/\320\230\321\216\320\275\321\214/16-06-34.md"
[2026-06-25 19:13:53]  delete mode 100644 "Life/Temp/2034/\320\230\321\216\320\275\321\214/17-06-34.md"
[2026-06-25 19:13:53]  delete mode 100644 "Life/Temp/2034/\320\230\321\216\320\275\321\214/18-06-34.md"
[2026-06-25 19:13:53]  delete mode 100644 "Life/Temp/2034/\320\230\321\216\320\275\321\214/19-06-34.md"
[2026-06-25 19:13:53]  delete mode 100644 "Life/Temp/2034/\320\230\321\216\320\275\321\214/20-06-34.md"
[2026-06-25 19:13:53]  delete mode 100644 "Life/Temp/2034/\320\230\321\216\320\275\321\214/21-06-34.md"
[2026-06-25 19:13:53]  delete mode 100644 "Life/Temp/2034/\320\230\321\216\320\275\321\214/22-06-34.md"
[2026-06-25 19:13:53]  delete mode 100644 "Life/Temp/2034/\320\230\321\216\320\275\321\214/23-06-34.md"
[2026-06-25 19:13:53]  delete mode 100644 "Life/Temp/2034/\320\230\321\216\320\275\321\214/24-06-34.md"
[2026-06-25 19:13:53]  delete mode 100644 "Life/Temp/2034/\320\230\321\216\320\275\321\214/25-06-34.md"
[2026-06-25 19:13:53]  delete mode 100644 "Life/Temp/2034/\320\230\321\216\320\275\321\214/26-06-34.md"
[2026-06-25 19:13:53]  delete mode 100644 "Life/Temp/2034/\320\230\321\216\320\275\321\214/27-06-34.md"
[2026-06-25 19:13:53]  delete mode 100644 "Life/Temp/2034/\320\230\321\216\320\275\321\214/28-06-34.md"
[2026-06-25 19:13:53]  delete mode 100644 "Life/Temp/2034/\320\230\321\216\320\275\321\214/29-06-34.md"
[2026-06-25 19:13:53]  delete mode 100644 "Life/Temp/2034/\320\230\321\216\320\275\321\214/30-06-34.md"
[2026-06-25 19:13:53]  delete mode 100644 "Life/Temp/2034/\320\234\320\260\320\271/01-05-34.md"
[2026-06-25 19:13:53]  delete mode 100644 "Life/Temp/2034/\320\234\320\260\320\271/02-05-34.md"
[2026-06-25 19:13:53]  delete mode 100644 "Life/Temp/2034/\320\234\320\260\320\271/03-05-34.md"
[2026-06-25 19:13:53]  delete mode 100644 "Life/Temp/2034/\320\234\320\260\320\271/04-05-34.md"
[2026-06-25 19:13:53]  delete mode 100644 "Life/Temp/2034/\320\234\320\260\320\271/05-05-34.md"
[2026-06-25 19:13:53]  delete mode 100644 "Life/Temp/2034/\320\234\320\260\320\271/06-05-34.md"
[2026-06-25 19:13:53]  delete mode 100644 "Life/Temp/2034/\320\234\320\260\320\271/07-05-34.md"
[2026-06-25 19:13:53]  delete mode 100644 "Life/Temp/2034/\320\234\320\260\320\271/08-05-34.md"
[2026-06-25 19:13:53]  delete mode 100644 "Life/Temp/2034/\320\234\320\260\320\271/09-05-34.md"
[2026-06-25 19:13:53]  delete mode 100644 "Life/Temp/2034/\320\234\320\260\320\271/10-05-34.md"
[2026-06-25 19:13:53]  delete mode 100644 "Life/Temp/2034/\320\234\320\260\320\271/11-05-34.md"
[2026-06-25 19:13:53]  delete mode 100644 "Life/Temp/2034/\320\234\320\260\320\271/12-05-34.md"
[2026-06-25 19:13:53]  delete mode 100644 "Life/Temp/2034/\320\234\320\260\320\271/13-05-34.md"
[2026-06-25 19:13:53]  delete mode 100644 "Life/Temp/2034/\320\234\320\260\320\271/14-05-34.md"
[2026-06-25 19:13:53]  delete mode 100644 "Life/Temp/2034/\320\234\320\260\320\271/15-05-34.md"
[2026-06-25 19:13:53]  delete mode 100644 "Life/Temp/2034/\320\234\320\260\320\271/16-05-34.md"
[2026-06-25 19:13:53]  delete mode 100644 "Life/Temp/2034/\320\234\320\260\320\271/17-05-34.md"
[2026-06-25 19:13:53]  delete mode 100644 "Life/Temp/2034/\320\234\320\260\320\271/18-05-34.md"
[2026-06-25 19:13:53]  delete mode 100644 "Life/Temp/2034/\320\234\320\260\320\271/19-05-34.md"
[2026-06-25 19:13:53]  delete mode 100644 "Life/Temp/2034/\320\234\320\260\320\271/20-05-34.md"
[2026-06-25 19:13:53]  delete mode 100644 "Life/Temp/2034/\320\234\320\260\320\271/21-05-34.md"
[2026-06-25 19:13:53]  delete mode 100644 "Life/Temp/2034/\320\234\320\260\320\271/22-05-34.md"
[2026-06-25 19:13:53]  delete mode 100644 "Life/Temp/2034/\320\234\320\260\320\271/23-05-34.md"
[2026-06-25 19:13:53]  delete mode 100644 "Life/Temp/2034/\320\234\320\260\320\271/24-05-34.md"
[2026-06-25 19:13:53]  delete mode 100644 "Life/Temp/2034/\320\234\320\260\320\271/25-05-34.md"
[2026-06-25 19:13:53]  delete mode 100644 "Life/Temp/2034/\320\234\320\260\320\271/26-05-34.md"
[2026-06-25 19:13:53]  delete mode 100644 "Life/Temp/2034/\320\234\320\260\320\271/27-05-34.md"
[2026-06-25 19:13:53]  delete mode 100644 "Life/Temp/2034/\320\234\320\260\320\271/28-05-34.md"
[2026-06-25 19:13:53]  delete mode 100644 "Life/Temp/2034/\320\234\320\260\320\271/29-05-34.md"
[2026-06-25 19:13:53]  delete mode 100644 "Life/Temp/2034/\320\234\320\260\320\271/30-05-34.md"
[2026-06-25 19:13:53]  delete mode 100644 "Life/Temp/2034/\320\234\320\260\320\271/31-05-34.md"
[2026-06-25 19:13:53]  delete mode 100644 "Life/Temp/2034/\320\234\320\260\321\200\321\202/01-03-34.md"
[2026-06-25 19:13:53]  delete mode 100644 "Life/Temp/2034/\320\234\320\260\321\200\321\202/02-03-34.md"
[2026-06-25 19:13:53]  delete mode 100644 "Life/Temp/2034/\320\234\320\260\321\200\321\202/03-03-34.md"
[2026-06-25 19:13:53]  delete mode 100644 "Life/Temp/2034/\320\234\320\260\321\200\321\202/04-03-34.md"
[2026-06-25 19:13:53]  delete mode 100644 "Life/Temp/2034/\320\234\320\260\321\200\321\202/05-03-34.md"
[2026-06-25 19:13:53]  delete mode 100644 "Life/Temp/2034/\320\234\320\260\321\200\321\202/06-03-34.md"
[2026-06-25 19:13:53]  delete mode 100644 "Life/Temp/2034/\320\234\320\260\321\200\321\202/07-03-34.md"
[2026-06-25 19:13:53]  delete mode 100644 "Life/Temp/2034/\320\234\320\260\321\200\321\202/08-03-34.md"
[2026-06-25 19:13:53]  delete mode 100644 "Life/Temp/2034/\320\234\320\260\321\200\321\202/09-03-34.md"
[2026-06-25 19:13:53]  delete mode 100644 "Life/Temp/2034/\320\234\320\260\321\200\321\202/10-03-34.md"
[2026-06-25 19:13:53]  delete mode 100644 "Life/Temp/2034/\320\234\320\260\321\200\321\202/11-03-34.md"
[2026-06-25 19:13:53]  delete mode 100644 "Life/Temp/2034/\320\234\320\260\321\200\321\202/12-03-34.md"
[2026-06-25 19:13:53]  delete mode 100644 "Life/Temp/2034/\320\234\320\260\321\200\321\202/13-03-34.md"
[2026-06-25 19:13:53]  delete mode 100644 "Life/Temp/2034/\320\234\320\260\321\200\321\202/14-03-34.md"
[2026-06-25 19:13:53]  delete mode 100644 "Life/Temp/2034/\320\234\320\260\321\200\321\202/15-03-34.md"
[2026-06-25 19:13:53]  delete mode 100644 "Life/Temp/2034/\320\234\320\260\321\200\321\202/16-03-34.md"
[2026-06-25 19:13:53]  delete mode 100644 "Life/Temp/2034/\320\234\320\260\321\200\321\202/17-03-34.md"
[2026-06-25 19:13:53]  delete mode 100644 "Life/Temp/2034/\320\234\320\260\321\200\321\202/18-03-34.md"
[2026-06-25 19:13:53]  delete mode 100644 "Life/Temp/2034/\320\234\320\260\321\200\321\202/19-03-34.md"
[2026-06-25 19:13:53]  delete mode 100644 "Life/Temp/2034/\320\234\320\260\321\200\321\202/20-03-34.md"
[2026-06-25 19:13:53]  delete mode 100644 "Life/Temp/2034/\320\234\320\260\321\200\321\202/21-03-34.md"
[2026-06-25 19:13:53]  delete mode 100644 "Life/Temp/2034/\320\234\320\260\321\200\321\202/22-03-34.md"
[2026-06-25 19:13:53]  delete mode 100644 "Life/Temp/2034/\320\234\320\260\321\200\321\202/23-03-34.md"
[2026-06-25 19:13:53]  delete mode 100644 "Life/Temp/2034/\320\234\320\260\321\200\321\202/24-03-34.md"
[2026-06-25 19:13:53]  delete mode 100644 "Life/Temp/2034/\320\234\320\260\321\200\321\202/25-03-34.md"
[2026-06-25 19:13:53]  delete mode 100644 "Life/Temp/2034/\320\234\320\260\321\200\321\202/26-03-34.md"
[2026-06-25 19:13:53]  delete mode 100644 "Life/Temp/2034/\320\234\320\260\321\200\321\202/27-03-34.md"
[2026-06-25 19:13:53]  delete mode 100644 "Life/Temp/2034/\320\234\320\260\321\200\321\202/28-03-34.md"
[2026-06-25 19:13:53]  delete mode 100644 "Life/Temp/2034/\320\234\320\260\321\200\321\202/29-03-34.md"
[2026-06-25 19:13:53]  delete mode 100644 "Life/Temp/2034/\320\234\320\260\321\200\321\202/30-03-34.md"
[2026-06-25 19:13:53]  delete mode 100644 "Life/Temp/2034/\320\234\320\260\321\200\321\202/31-03-34.md"
[2026-06-25 19:13:53]  delete mode 100644 "Life/Temp/2034/\320\235\320\276\321\217\320\261\321\200\321\214/01-11-34.md"
[2026-06-25 19:13:53]  delete mode 100644 "Life/Temp/2034/\320\235\320\276\321\217\320\261\321\200\321\214/02-11-34.md"
[2026-06-25 19:13:53]  delete mode 100644 "Life/Temp/2034/\320\235\320\276\321\217\320\261\321\200\321\214/03-11-34.md"
[2026-06-25 19:13:53]  delete mode 100644 "Life/Temp/2034/\320\235\320\276\321\217\320\261\321\200\321\214/04-11-34.md"
[2026-06-25 19:13:53]  delete mode 100644 "Life/Temp/2034/\320\235\320\276\321\217\320\261\321\200\321\214/05-11-34.md"
[2026-06-25 19:13:53]  delete mode 100644 "Life/Temp/2034/\320\235\320\276\321\217\320\261\321\200\321\214/06-11-34.md"
[2026-06-25 19:13:53]  delete mode 100644 "Life/Temp/2034/\320\235\320\276\321\217\320\261\321\200\321\214/07-11-34.md"
[2026-06-25 19:13:53]  delete mode 100644 "Life/Temp/2034/\320\235\320\276\321\217\320\261\321\200\321\214/08-11-34.md"
[2026-06-25 19:13:53]  delete mode 100644 "Life/Temp/2034/\320\235\320\276\321\217\320\261\321\200\321\214/09-11-34.md"
[2026-06-25 19:13:53]  delete mode 100644 "Life/Temp/2034/\320\235\320\276\321\217\320\261\321\200\321\214/10-11-34.md"
[2026-06-25 19:13:53]  delete mode 100644 "Life/Temp/2034/\320\235\320\276\321\217\320\261\321\200\321\214/11-11-34.md"
[2026-06-25 19:13:53]  delete mode 100644 "Life/Temp/2034/\320\235\320\276\321\217\320\261\321\200\321\214/12-11-34.md"
[2026-06-25 19:13:53]  delete mode 100644 "Life/Temp/2034/\320\235\320\276\321\217\320\261\321\200\321\214/13-11-34.md"
[2026-06-25 19:13:53]  delete mode 100644 "Life/Temp/2034/\320\235\320\276\321\217\320\261\321\200\321\214/14-11-34.md"
[2026-06-25 19:13:53]  delete mode 100644 "Life/Temp/2034/\320\235\320\276\321\217\320\261\321\200\321\214/15-11-34.md"
[2026-06-25 19:13:53]  delete mode 100644 "Life/Temp/2034/\320\235\320\276\321\217\320\261\321\200\321\214/16-11-34.md"
[2026-06-25 19:13:53]  delete mode 100644 "Life/Temp/2034/\320\235\320\276\321\217\320\261\321\200\321\214/17-11-34.md"
[2026-06-25 19:13:53]  delete mode 100644 "Life/Temp/2034/\320\235\320\276\321\217\320\261\321\200\321\214/18-11-34.md"
[2026-06-25 19:13:53]  delete mode 100644 "Life/Temp/2034/\320\235\320\276\321\217\320\261\321\200\321\214/19-11-34.md"
[2026-06-25 19:13:53]  delete mode 100644 "Life/Temp/2034/\320\235\320\276\321\217\320\261\321\200\321\214/20-11-34.md"
[2026-06-25 19:13:53]  delete mode 100644 "Life/Temp/2034/\320\235\320\276\321\217\320\261\321\200\321\214/21-11-34.md"
[2026-06-25 19:13:53]  delete mode 100644 "Life/Temp/2034/\320\235\320\276\321\217\320\261\321\200\321\214/22-11-34.md"
[2026-06-25 19:13:53]  delete mode 100644 "Life/Temp/2034/\320\235\320\276\321\217\320\261\321\200\321\214/23-11-34.md"
[2026-06-25 19:13:53]  delete mode 100644 "Life/Temp/2034/\320\235\320\276\321\217\320\261\321\200\321\214/24-11-34.md"
[2026-06-25 19:13:53]  delete mode 100644 "Life/Temp/2034/\320\235\320\276\321\217\320\261\321\200\321\214/25-11-34.md"
[2026-06-25 19:13:53]  delete mode 100644 "Life/Temp/2034/\320\235\320\276\321\217\320\261\321\200\321\214/26-11-34.md"
[2026-06-25 19:13:53]  delete mode 100644 "Life/Temp/2034/\320\235\320\276\321\217\320\261\321\200\321\214/27-11-34.md"
[2026-06-25 19:13:53]  delete mode 100644 "Life/Temp/2034/\320\235\320\276\321\217\320\261\321\200\321\214/28-11-34.md"
[2026-06-25 19:13:53]  delete mode 100644 "Life/Temp/2034/\320\235\320\276\321\217\320\261\321\200\321\214/29-11-34.md"
[2026-06-25 19:13:53]  delete mode 100644 "Life/Temp/2034/\320\235\320\276\321\217\320\261\321\200\321\214/30-11-34.md"
[2026-06-25 19:13:53]  delete mode 100644 "Life/Temp/2034/\320\236\320\272\321\202\321\217\320\261\321\200\321\214/01-10-34.md"
[2026-06-25 19:13:53]  delete mode 100644 "Life/Temp/2034/\320\236\320\272\321\202\321\217\320\261\321\200\321\214/02-10-34.md"
[2026-06-25 19:13:53]  delete mode 100644 "Life/Temp/2034/\320\236\320\272\321\202\321\217\320\261\321\200\321\214/03-10-34.md"
[2026-06-25 19:13:53]  delete mode 100644 "Life/Temp/2034/\320\236\320\272\321\202\321\217\320\261\321\200\321\214/04-10-34.md"
[2026-06-25 19:13:53]  delete mode 100644 "Life/Temp/2034/\320\236\320\272\321\202\321\217\320\261\321\200\321\214/05-10-34.md"
[2026-06-25 19:13:53]  delete mode 100644 "Life/Temp/2034/\320\236\320\272\321\202\321\217\320\261\321\200\321\214/06-10-34.md"
[2026-06-25 19:13:53]  delete mode 100644 "Life/Temp/2034/\320\236\320\272\321\202\321\217\320\261\321\200\321\214/07-10-34.md"
[2026-06-25 19:13:53]  delete mode 100644 "Life/Temp/2034/\320\236\320\272\321\202\321\217\320\261\321\200\321\214/08-10-34.md"
[2026-06-25 19:13:53]  delete mode 100644 "Life/Temp/2034/\320\236\320\272\321\202\321\217\320\261\321\200\321\214/09-10-34.md"
[2026-06-25 19:13:53]  delete mode 100644 "Life/Temp/2034/\320\236\320\272\321\202\321\217\320\261\321\200\321\214/10-10-34.md"
[2026-06-25 19:13:53]  delete mode 100644 "Life/Temp/2034/\320\236\320\272\321\202\321\217\320\261\321\200\321\214/11-10-34.md"
[2026-06-25 19:13:53]  delete mode 100644 "Life/Temp/2034/\320\236\320\272\321\202\321\217\320\261\321\200\321\214/12-10-34.md"
[2026-06-25 19:13:53]  delete mode 100644 "Life/Temp/2034/\320\236\320\272\321\202\321\217\320\261\321\200\321\214/13-10-34.md"
[2026-06-25 19:13:53]  delete mode 100644 "Life/Temp/2034/\320\236\320\272\321\202\321\217\320\261\321\200\321\214/14-10-34.md"
[2026-06-25 19:13:53]  delete mode 100644 "Life/Temp/2034/\320\236\320\272\321\202\321\217\320\261\321\200\321\214/15-10-34.md"
[2026-06-25 19:13:53]  delete mode 100644 "Life/Temp/2034/\320\236\320\272\321\202\321\217\320\261\321\200\321\214/16-10-34.md"
[2026-06-25 19:13:53]  delete mode 100644 "Life/Temp/2034/\320\236\320\272\321\202\321\217\320\261\321\200\321\214/17-10-34.md"
[2026-06-25 19:13:53]  delete mode 100644 "Life/Temp/2034/\320\236\320\272\321\202\321\217\320\261\321\200\321\214/18-10-34.md"
[2026-06-25 19:13:53]  delete mode 100644 "Life/Temp/2034/\320\236\320\272\321\202\321\217\320\261\321\200\321\214/19-10-34.md"
[2026-06-25 19:13:53]  delete mode 100644 "Life/Temp/2034/\320\236\320\272\321\202\321\217\320\261\321\200\321\214/20-10-34.md"
[2026-06-25 19:13:53]  delete mode 100644 "Life/Temp/2034/\320\236\320\272\321\202\321\217\320\261\321\200\321\214/21-10-34.md"
[2026-06-25 19:13:53]  delete mode 100644 "Life/Temp/2034/\320\236\320\272\321\202\321\217\320\261\321\200\321\214/22-10-34.md"
[2026-06-25 19:13:53]  delete mode 100644 "Life/Temp/2034/\320\236\320\272\321\202\321\217\320\261\321\200\321\214/23-10-34.md"
[2026-06-25 19:13:53]  delete mode 100644 "Life/Temp/2034/\320\236\320\272\321\202\321\217\320\261\321\200\321\214/24-10-34.md"
[2026-06-25 19:13:53]  delete mode 100644 "Life/Temp/2034/\320\236\320\272\321\202\321\217\320\261\321\200\321\214/25-10-34.md"
[2026-06-25 19:13:53]  delete mode 100644 "Life/Temp/2034/\320\236\320\272\321\202\321\217\320\261\321\200\321\214/26-10-34.md"
[2026-06-25 19:13:53]  delete mode 100644 "Life/Temp/2034/\320\236\320\272\321\202\321\217\320\261\321\200\321\214/27-10-34.md"
[2026-06-25 19:13:53]  delete mode 100644 "Life/Temp/2034/\320\236\320\272\321\202\321\217\320\261\321\200\321\214/28-10-34.md"
[2026-06-25 19:13:53]  delete mode 100644 "Life/Temp/2034/\320\236\320\272\321\202\321\217\320\261\321\200\321\214/29-10-34.md"
[2026-06-25 19:13:53]  delete mode 100644 "Life/Temp/2034/\320\236\320\272\321\202\321\217\320\261\321\200\321\214/30-10-34.md"
[2026-06-25 19:13:53]  delete mode 100644 "Life/Temp/2034/\320\236\320\272\321\202\321\217\320\261\321\200\321\214/31-10-34.md"
[2026-06-25 19:13:53]  delete mode 100644 "Life/Temp/2034/\320\241\320\265\320\275\321\202\321\217\320\261\321\200\321\214/01-09-34.md"
[2026-06-25 19:13:53]  delete mode 100644 "Life/Temp/2034/\320\241\320\265\320\275\321\202\321\217\320\261\321\200\321\214/02-09-34.md"
[2026-06-25 19:13:53]  delete mode 100644 "Life/Temp/2034/\320\241\320\265\320\275\321\202\321\217\320\261\321\200\321\214/03-09-34.md"
[2026-06-25 19:13:53]  delete mode 100644 "Life/Temp/2034/\320\241\320\265\320\275\321\202\321\217\320\261\321\200\321\214/04-09-34.md"
[2026-06-25 19:13:53]  delete mode 100644 "Life/Temp/2034/\320\241\320\265\320\275\321\202\321\217\320\261\321\200\321\214/05-09-34.md"
[2026-06-25 19:13:53]  delete mode 100644 "Life/Temp/2034/\320\241\320\265\320\275\321\202\321\217\320\261\321\200\321\214/06-09-34.md"
[2026-06-25 19:13:53]  delete mode 100644 "Life/Temp/2034/\320\241\320\265\320\275\321\202\321\217\320\261\321\200\321\214/07-09-34.md"
[2026-06-25 19:13:53]  delete mode 100644 "Life/Temp/2034/\320\241\320\265\320\275\321\202\321\217\320\261\321\200\321\214/08-09-34.md"
[2026-06-25 19:13:53]  delete mode 100644 "Life/Temp/2034/\320\241\320\265\320\275\321\202\321\217\320\261\321\200\321\214/09-09-34.md"
[2026-06-25 19:13:53]  delete mode 100644 "Life/Temp/2034/\320\241\320\265\320\275\321\202\321\217\320\261\321\200\321\214/10-09-34.md"
[2026-06-25 19:13:53]  delete mode 100644 "Life/Temp/2034/\320\241\320\265\320\275\321\202\321\217\320\261\321\200\321\214/11-09-34.md"
[2026-06-25 19:13:53]  delete mode 100644 "Life/Temp/2034/\320\241\320\265\320\275\321\202\321\217\320\261\321\200\321\214/12-09-34.md"
[2026-06-25 19:13:53]  delete mode 100644 "Life/Temp/2034/\320\241\320\265\320\275\321\202\321\217\320\261\321\200\321\214/13-09-34.md"
[2026-06-25 19:13:53]  delete mode 100644 "Life/Temp/2034/\320\241\320\265\320\275\321\202\321\217\320\261\321\200\321\214/14-09-34.md"
[2026-06-25 19:13:53]  delete mode 100644 "Life/Temp/2034/\320\241\320\265\320\275\321\202\321\217\320\261\321\200\321\214/15-09-34.md"
[2026-06-25 19:13:53]  delete mode 100644 "Life/Temp/2034/\320\241\320\265\320\275\321\202\321\217\320\261\321\200\321\214/16-09-34.md"
[2026-06-25 19:13:53]  delete mode 100644 "Life/Temp/2034/\320\241\320\265\320\275\321\202\321\217\320\261\321\200\321\214/17-09-34.md"
[2026-06-25 19:13:53]  delete mode 100644 "Life/Temp/2034/\320\241\320\265\320\275\321\202\321\217\320\261\321\200\321\214/18-09-34.md"
[2026-06-25 19:13:53]  delete mode 100644 "Life/Temp/2034/\320\241\320\265\320\275\321\202\321\217\320\261\321\200\321\214/19-09-34.md"
[2026-06-25 19:13:53]  delete mode 100644 "Life/Temp/2034/\320\241\320\265\320\275\321\202\321\217\320\261\321\200\321\214/20-09-34.md"
[2026-06-25 19:13:53]  delete mode 100644 "Life/Temp/2034/\320\241\320\265\320\275\321\202\321\217\320\261\321\200\321\214/21-09-34.md"
[2026-06-25 19:13:53]  delete mode 100644 "Life/Temp/2034/\320\241\320\265\320\275\321\202\321\217\320\261\321\200\321\214/22-09-34.md"
[2026-06-25 19:13:53]  delete mode 100644 "Life/Temp/2034/\320\241\320\265\320\275\321\202\321\217\320\261\321\200\321\214/23-09-34.md"
[2026-06-25 19:13:53]  delete mode 100644 "Life/Temp/2034/\320\241\320\265\320\275\321\202\321\217\320\261\321\200\321\214/24-09-34.md"
[2026-06-25 19:13:53]  delete mode 100644 "Life/Temp/2034/\320\241\320\265\320\275\321\202\321\217\320\261\321\200\321\214/25-09-34.md"
[2026-06-25 19:13:53]  delete mode 100644 "Life/Temp/2034/\320\241\320\265\320\275\321\202\321\217\320\261\321\200\321\214/26-09-34.md"
[2026-06-25 19:13:53]  delete mode 100644 "Life/Temp/2034/\320\241\320\265\320\275\321\202\321\217\320\261\321\200\321\214/27-09-34.md"
[2026-06-25 19:13:53]  delete mode 100644 "Life/Temp/2034/\320\241\320\265\320\275\321\202\321\217\320\261\321\200\321\214/28-09-34.md"
[2026-06-25 19:13:53]  delete mode 100644 "Life/Temp/2034/\320\241\320\265\320\275\321\202\321\217\320\261\321\200\321\214/29-09-34.md"
[2026-06-25 19:13:53]  delete mode 100644 "Life/Temp/2034/\320\241\320\265\320\275\321\202\321\217\320\261\321\200\321\214/30-09-34.md"
[2026-06-25 19:13:53]  delete mode 100644 "Life/Temp/2034/\320\244\320\265\320\262\321\200\320\260\320\273\321\214/01-02-34.md"
[2026-06-25 19:13:53]  delete mode 100644 "Life/Temp/2034/\320\244\320\265\320\262\321\200\320\260\320\273\321\214/02-02-34.md"
[2026-06-25 19:13:53]  delete mode 100644 "Life/Temp/2034/\320\244\320\265\320\262\321\200\320\260\320\273\321\214/03-02-34.md"
[2026-06-25 19:13:53]  delete mode 100644 "Life/Temp/2034/\320\244\320\265\320\262\321\200\320\260\320\273\321\214/04-02-34.md"
[2026-06-25 19:13:53]  delete mode 100644 "Life/Temp/2034/\320\244\320\265\320\262\321\200\320\260\320\273\321\214/05-02-34.md"
[2026-06-25 19:13:53]  delete mode 100644 "Life/Temp/2034/\320\244\320\265\320\262\321\200\320\260\320\273\321\214/06-02-34.md"
[2026-06-25 19:13:53]  delete mode 100644 "Life/Temp/2034/\320\244\320\265\320\262\321\200\320\260\320\273\321\214/07-02-34.md"
[2026-06-25 19:13:53]  delete mode 100644 "Life/Temp/2034/\320\244\320\265\320\262\321\200\320\260\320\273\321\214/08-02-34.md"
[2026-06-25 19:13:53]  delete mode 100644 "Life/Temp/2034/\320\244\320\265\320\262\321\200\320\260\320\273\321\214/09-02-34.md"
[2026-06-25 19:13:53]  delete mode 100644 "Life/Temp/2034/\320\244\320\265\320\262\321\200\320\260\320\273\321\214/10-02-34.md"
[2026-06-25 19:13:53]  delete mode 100644 "Life/Temp/2034/\320\244\320\265\320\262\321\200\320\260\320\273\321\214/11-02-34.md"
[2026-06-25 19:13:53]  delete mode 100644 "Life/Temp/2034/\320\244\320\265\320\262\321\200\320\260\320\273\321\214/12-02-34.md"
[2026-06-25 19:13:53]  delete mode 100644 "Life/Temp/2034/\320\244\320\265\320\262\321\200\320\260\320\273\321\214/13-02-34.md"
[2026-06-25 19:13:53]  delete mode 100644 "Life/Temp/2034/\320\244\320\265\320\262\321\200\320\260\320\273\321\214/14-02-34.md"
[2026-06-25 19:13:53]  delete mode 100644 "Life/Temp/2034/\320\244\320\265\320\262\321\200\320\260\320\273\321\214/15-02-34.md"
[2026-06-25 19:13:53]  delete mode 100644 "Life/Temp/2034/\320\244\320\265\320\262\321\200\320\260\320\273\321\214/16-02-34.md"
[2026-06-25 19:13:53]  delete mode 100644 "Life/Temp/2034/\320\244\320\265\320\262\321\200\320\260\320\273\321\214/17-02-34.md"
[2026-06-25 19:13:53]  delete mode 100644 "Life/Temp/2034/\320\244\320\265\320\262\321\200\320\260\320\273\321\214/18-02-34.md"
[2026-06-25 19:13:53]  delete mode 100644 "Life/Temp/2034/\320\244\320\265\320\262\321\200\320\260\320\273\321\214/19-02-34.md"
[2026-06-25 19:13:53]  delete mode 100644 "Life/Temp/2034/\320\244\320\265\320\262\321\200\320\260\320\273\321\214/20-02-34.md"
[2026-06-25 19:13:53]  delete mode 100644 "Life/Temp/2034/\320\244\320\265\320\262\321\200\320\260\320\273\321\214/21-02-34.md"
[2026-06-25 19:13:53]  delete mode 100644 "Life/Temp/2034/\320\244\320\265\320\262\321\200\320\260\320\273\321\214/22-02-34.md"
[2026-06-25 19:13:53]  delete mode 100644 "Life/Temp/2034/\320\244\320\265\320\262\321\200\320\260\320\273\321\214/23-02-34.md"
[2026-06-25 19:13:53]  delete mode 100644 "Life/Temp/2034/\320\244\320\265\320\262\321\200\320\260\320\273\321\214/24-02-34.md"
[2026-06-25 19:13:53]  delete mode 100644 "Life/Temp/2034/\320\244\320\265\320\262\321\200\320\260\320\273\321\214/25-02-34.md"
[2026-06-25 19:13:53]  delete mode 100644 "Life/Temp/2034/\320\244\320\265\320\262\321\200\320\260\320\273\321\214/26-02-34.md"
[2026-06-25 19:13:53]  delete mode 100644 "Life/Temp/2034/\320\244\320\265\320\262\321\200\320\260\320\273\321\214/27-02-34.md"
[2026-06-25 19:13:53]  delete mode 100644 "Life/Temp/2034/\320\244\320\265\320\262\321\200\320\260\320\273\321\214/28-02-34.md"
[2026-06-25 19:13:53]  delete mode 100644 "Life/Temp/2034/\320\257\320\275\320\262\320\260\321\200\321\214/01-01-34.md"
[2026-06-25 19:13:53]  delete mode 100644 "Life/Temp/2034/\320\257\320\275\320\262\320\260\321\200\321\214/02-01-34.md"
[2026-06-25 19:13:53]  delete mode 100644 "Life/Temp/2034/\320\257\320\275\320\262\320\260\321\200\321\214/03-01-34.md"
[2026-06-25 19:13:53]  delete mode 100644 "Life/Temp/2034/\320\257\320\275\320\262\320\260\321\200\321\214/04-01-34.md"
[2026-06-25 19:13:53]  delete mode 100644 "Life/Temp/2034/\320\257\320\275\320\262\320\260\321\200\321\214/05-01-34.md"
[2026-06-25 19:13:53]  delete mode 100644 "Life/Temp/2034/\320\257\320\275\320\262\320\260\321\200\321\214/06-01-34.md"
[2026-06-25 19:13:53]  delete mode 100644 "Life/Temp/2034/\320\257\320\275\320\262\320\260\321\200\321\214/07-01-34.md"
[2026-06-25 19:13:53]  delete mode 100644 "Life/Temp/2034/\320\257\320\275\320\262\320\260\321\200\321\214/08-01-34.md"
[2026-06-25 19:13:53]  delete mode 100644 "Life/Temp/2034/\320\257\320\275\320\262\320\260\321\200\321\214/09-01-34.md"
[2026-06-25 19:13:53]  delete mode 100644 "Life/Temp/2034/\320\257\320\275\320\262\320\260\321\200\321\214/10-01-34.md"
[2026-06-25 19:13:53]  delete mode 100644 "Life/Temp/2034/\320\257\320\275\320\262\320\260\321\200\321\214/11-01-34.md"
[2026-06-25 19:13:53]  delete mode 100644 "Life/Temp/2034/\320\257\320\275\320\262\320\260\321\200\321\214/12-01-34.md"
[2026-06-25 19:13:53]  delete mode 100644 "Life/Temp/2034/\320\257\320\275\320\262\320\260\321\200\321\214/13-01-34.md"
[2026-06-25 19:13:53]  delete mode 100644 "Life/Temp/2034/\320\257\320\275\320\262\320\260\321\200\321\214/14-01-34.md"
[2026-06-25 19:13:53]  delete mode 100644 "Life/Temp/2034/\320\257\320\275\320\262\320\260\321\200\321\214/15-01-34.md"
[2026-06-25 19:13:53]  delete mode 100644 "Life/Temp/2034/\320\257\320\275\320\262\320\260\321\200\321\214/16-01-34.md"
[2026-06-25 19:13:53]  delete mode 100644 "Life/Temp/2034/\320\257\320\275\320\262\320\260\321\200\321\214/17-01-34.md"
[2026-06-25 19:13:53]  delete mode 100644 "Life/Temp/2034/\320\257\320\275\320\262\320\260\321\200\321\214/18-01-34.md"
[2026-06-25 19:13:53]  delete mode 100644 "Life/Temp/2034/\320\257\320\275\320\262\320\260\321\200\321\214/19-01-34.md"
[2026-06-25 19:13:53]  delete mode 100644 "Life/Temp/2034/\320\257\320\275\320\262\320\260\321\200\321\214/20-01-34.md"
[2026-06-25 19:13:53]  delete mode 100644 "Life/Temp/2034/\320\257\320\275\320\262\320\260\321\200\321\214/21-01-34.md"
[2026-06-25 19:13:53]  delete mode 100644 "Life/Temp/2034/\320\257\320\275\320\262\320\260\321\200\321\214/22-01-34.md"
[2026-06-25 19:13:53]  delete mode 100644 "Life/Temp/2034/\320\257\320\275\320\262\320\260\321\200\321\214/23-01-34.md"
[2026-06-25 19:13:53]  delete mode 100644 "Life/Temp/2034/\320\257\320\275\320\262\320\260\321\200\321\214/24-01-34.md"
[2026-06-25 19:13:53]  delete mode 100644 "Life/Temp/2034/\320\257\320\275\320\262\320\260\321\200\321\214/25-01-34.md"
[2026-06-25 19:13:53]  delete mode 100644 "Life/Temp/2034/\320\257\320\275\320\262\320\260\321\200\321\214/26-01-34.md"
[2026-06-25 19:13:53]  delete mode 100644 "Life/Temp/2034/\320\257\320\275\320\262\320\260\321\200\321\214/27-01-34.md"
[2026-06-25 19:13:53]  delete mode 100644 "Life/Temp/2034/\320\257\320\275\320\262\320\260\321\200\321\214/28-01-34.md"
[2026-06-25 19:13:53]  delete mode 100644 "Life/Temp/2034/\320\257\320\275\320\262\320\260\321\200\321\214/29-01-34.md"
[2026-06-25 19:13:53]  delete mode 100644 "Life/Temp/2034/\320\257\320\275\320\262\320\260\321\200\321\214/30-01-34.md"
[2026-06-25 19:13:53]  delete mode 100644 "Life/Temp/2034/\320\257\320\275\320\262\320\260\321\200\321\214/31-01-34.md"
[2026-06-25 19:13:53]  delete mode 100644 "Life/Temp/2035/\320\220\320\262\320\263\321\203\321\201\321\202/01-08-35.md"
[2026-06-25 19:13:53]  delete mode 100644 "Life/Temp/2035/\320\220\320\262\320\263\321\203\321\201\321\202/02-08-35.md"
[2026-06-25 19:13:53]  delete mode 100644 "Life/Temp/2035/\320\220\320\262\320\263\321\203\321\201\321\202/03-08-35.md"
[2026-06-25 19:13:53]  delete mode 100644 "Life/Temp/2035/\320\220\320\262\320\263\321\203\321\201\321\202/04-08-35.md"
[2026-06-25 19:13:53]  delete mode 100644 "Life/Temp/2035/\320\220\320\262\320\263\321\203\321\201\321\202/05-08-35.md"
[2026-06-25 19:13:53]  delete mode 100644 "Life/Temp/2035/\320\220\320\262\320\263\321\203\321\201\321\202/06-08-35.md"
[2026-06-25 19:13:53]  delete mode 100644 "Life/Temp/2035/\320\220\320\262\320\263\321\203\321\201\321\202/07-08-35.md"
[2026-06-25 19:13:53]  delete mode 100644 "Life/Temp/2035/\320\220\320\262\320\263\321\203\321\201\321\202/08-08-35.md"
[2026-06-25 19:13:53]  delete mode 100644 "Life/Temp/2035/\320\220\320\262\320\263\321\203\321\201\321\202/09-08-35.md"
[2026-06-25 19:13:53]  delete mode 100644 "Life/Temp/2035/\320\220\320\262\320\263\321\203\321\201\321\202/10-08-35.md"
[2026-06-25 19:13:53]  delete mode 100644 "Life/Temp/2035/\320\220\320\262\320\263\321\203\321\201\321\202/11-08-35.md"
[2026-06-25 19:13:53]  delete mode 100644 "Life/Temp/2035/\320\220\320\262\320\263\321\203\321\201\321\202/12-08-35.md"
[2026-06-25 19:13:53]  delete mode 100644 "Life/Temp/2035/\320\220\320\262\320\263\321\203\321\201\321\202/13-08-35.md"
[2026-06-25 19:13:53]  delete mode 100644 "Life/Temp/2035/\320\220\320\262\320\263\321\203\321\201\321\202/14-08-35.md"
[2026-06-25 19:13:53]  delete mode 100644 "Life/Temp/2035/\320\220\320\262\320\263\321\203\321\201\321\202/15-08-35.md"
[2026-06-25 19:13:53]  delete mode 100644 "Life/Temp/2035/\320\220\320\262\320\263\321\203\321\201\321\202/16-08-35.md"
[2026-06-25 19:13:53]  delete mode 100644 "Life/Temp/2035/\320\220\320\262\320\263\321\203\321\201\321\202/17-08-35.md"
[2026-06-25 19:13:53]  delete mode 100644 "Life/Temp/2035/\320\220\320\262\320\263\321\203\321\201\321\202/18-08-35.md"
[2026-06-25 19:13:53]  delete mode 100644 "Life/Temp/2035/\320\220\320\262\320\263\321\203\321\201\321\202/19-08-35.md"
[2026-06-25 19:13:53]  delete mode 100644 "Life/Temp/2035/\320\220\320\262\320\263\321\203\321\201\321\202/20-08-35.md"
[2026-06-25 19:13:53]  delete mode 100644 "Life/Temp/2035/\320\220\320\262\320\263\321\203\321\201\321\202/21-08-35.md"
[2026-06-25 19:13:53]  delete mode 100644 "Life/Temp/2035/\320\220\320\262\320\263\321\203\321\201\321\202/22-08-35.md"
[2026-06-25 19:13:53]  delete mode 100644 "Life/Temp/2035/\320\220\320\262\320\263\321\203\321\201\321\202/23-08-35.md"
[2026-06-25 19:13:53]  delete mode 100644 "Life/Temp/2035/\320\220\320\262\320\263\321\203\321\201\321\202/24-08-35.md"
[2026-06-25 19:13:53]  delete mode 100644 "Life/Temp/2035/\320\220\320\262\320\263\321\203\321\201\321\202/25-08-35.md"
[2026-06-25 19:13:53]  delete mode 100644 "Life/Temp/2035/\320\220\320\262\320\263\321\203\321\201\321\202/26-08-35.md"
[2026-06-25 19:13:53]  delete mode 100644 "Life/Temp/2035/\320\220\320\262\320\263\321\203\321\201\321\202/27-08-35.md"
[2026-06-25 19:13:53]  delete mode 100644 "Life/Temp/2035/\320\220\320\262\320\263\321\203\321\201\321\202/28-08-35.md"
[2026-06-25 19:13:53]  delete mode 100644 "Life/Temp/2035/\320\220\320\262\320\263\321\203\321\201\321\202/29-08-35.md"
[2026-06-25 19:13:53]  delete mode 100644 "Life/Temp/2035/\320\220\320\262\320\263\321\203\321\201\321\202/30-08-35.md"
[2026-06-25 19:13:53]  delete mode 100644 "Life/Temp/2035/\320\220\320\262\320\263\321\203\321\201\321\202/31-08-35.md"
[2026-06-25 19:13:53]  delete mode 100644 "Life/Temp/2035/\320\220\320\277\321\200\320\265\320\273\321\214/01-04-35.md"
[2026-06-25 19:13:53]  delete mode 100644 "Life/Temp/2035/\320\220\320\277\321\200\320\265\320\273\321\214/02-04-35.md"
[2026-06-25 19:13:53]  delete mode 100644 "Life/Temp/2035/\320\220\320\277\321\200\320\265\320\273\321\214/03-04-35.md"
[2026-06-25 19:13:53]  delete mode 100644 "Life/Temp/2035/\320\220\320\277\321\200\320\265\320\273\321\214/04-04-35.md"
[2026-06-25 19:13:53]  delete mode 100644 "Life/Temp/2035/\320\220\320\277\321\200\320\265\320\273\321\214/05-04-35.md"
[2026-06-25 19:13:53]  delete mode 100644 "Life/Temp/2035/\320\220\320\277\321\200\320\265\320\273\321\214/06-04-35.md"
[2026-06-25 19:13:53]  delete mode 100644 "Life/Temp/2035/\320\220\320\277\321\200\320\265\320\273\321\214/07-04-35.md"
[2026-06-25 19:13:53]  delete mode 100644 "Life/Temp/2035/\320\220\320\277\321\200\320\265\320\273\321\214/08-04-35.md"
[2026-06-25 19:13:53]  delete mode 100644 "Life/Temp/2035/\320\220\320\277\321\200\320\265\320\273\321\214/09-04-35.md"
[2026-06-25 19:13:53]  delete mode 100644 "Life/Temp/2035/\320\220\320\277\321\200\320\265\320\273\321\214/10-04-35.md"
[2026-06-25 19:13:53]  delete mode 100644 "Life/Temp/2035/\320\220\320\277\321\200\320\265\320\273\321\214/11-04-35.md"
[2026-06-25 19:13:53]  delete mode 100644 "Life/Temp/2035/\320\220\320\277\321\200\320\265\320\273\321\214/12-04-35.md"
[2026-06-25 19:13:53]  delete mode 100644 "Life/Temp/2035/\320\220\320\277\321\200\320\265\320\273\321\214/13-04-35.md"
[2026-06-25 19:13:53]  delete mode 100644 "Life/Temp/2035/\320\220\320\277\321\200\320\265\320\273\321\214/14-04-35.md"
[2026-06-25 19:13:53]  delete mode 100644 "Life/Temp/2035/\320\220\320\277\321\200\320\265\320\273\321\214/15-04-35.md"
[2026-06-25 19:13:53]  delete mode 100644 "Life/Temp/2035/\320\220\320\277\321\200\320\265\320\273\321\214/16-04-35.md"
[2026-06-25 19:13:53]  delete mode 100644 "Life/Temp/2035/\320\220\320\277\321\200\320\265\320\273\321\214/17-04-35.md"
[2026-06-25 19:13:53]  delete mode 100644 "Life/Temp/2035/\320\220\320\277\321\200\320\265\320\273\321\214/18-04-35.md"
[2026-06-25 19:13:53]  delete mode 100644 "Life/Temp/2035/\320\220\320\277\321\200\320\265\320\273\321\214/19-04-35.md"
[2026-06-25 19:13:53]  delete mode 100644 "Life/Temp/2035/\320\220\320\277\321\200\320\265\320\273\321\214/20-04-35.md"
[2026-06-25 19:13:53]  delete mode 100644 "Life/Temp/2035/\320\220\320\277\321\200\320\265\320\273\321\214/21-04-35.md"
[2026-06-25 19:13:53]  delete mode 100644 "Life/Temp/2035/\320\220\320\277\321\200\320\265\320\273\321\214/22-04-35.md"
[2026-06-25 19:13:53]  delete mode 100644 "Life/Temp/2035/\320\220\320\277\321\200\320\265\320\273\321\214/23-04-35.md"
[2026-06-25 19:13:53]  delete mode 100644 "Life/Temp/2035/\320\220\320\277\321\200\320\265\320\273\321\214/24-04-35.md"
[2026-06-25 19:13:53]  delete mode 100644 "Life/Temp/2035/\320\220\320\277\321\200\320\265\320\273\321\214/25-04-35.md"
[2026-06-25 19:13:53]  delete mode 100644 "Life/Temp/2035/\320\220\320\277\321\200\320\265\320\273\321\214/26-04-35.md"
[2026-06-25 19:13:53]  delete mode 100644 "Life/Temp/2035/\320\220\320\277\321\200\320\265\320\273\321\214/27-04-35.md"
[2026-06-25 19:13:53]  delete mode 100644 "Life/Temp/2035/\320\220\320\277\321\200\320\265\320\273\321\214/28-04-35.md"
[2026-06-25 19:13:53]  delete mode 100644 "Life/Temp/2035/\320\220\320\277\321\200\320\265\320\273\321\214/29-04-35.md"
[2026-06-25 19:13:53]  delete mode 100644 "Life/Temp/2035/\320\220\320\277\321\200\320\265\320\273\321\214/30-04-35.md"
[2026-06-25 19:13:53]  delete mode 100644 "Life/Temp/2035/\320\224\320\265\320\272\320\260\320\261\321\200\321\214/01-12-35.md"
[2026-06-25 19:13:53]  delete mode 100644 "Life/Temp/2035/\320\224\320\265\320\272\320\260\320\261\321\200\321\214/02-12-35.md"
[2026-06-25 19:13:53]  delete mode 100644 "Life/Temp/2035/\320\224\320\265\320\272\320\260\320\261\321\200\321\214/03-12-35.md"
[2026-06-25 19:13:53]  delete mode 100644 "Life/Temp/2035/\320\224\320\265\320\272\320\260\320\261\321\200\321\214/04-12-35.md"
[2026-06-25 19:13:53]  delete mode 100644 "Life/Temp/2035/\320\224\320\265\320\272\320\260\320\261\321\200\321\214/05-12-35.md"
[2026-06-25 19:13:53]  delete mode 100644 "Life/Temp/2035/\320\224\320\265\320\272\320\260\320\261\321\200\321\214/06-12-35.md"
[2026-06-25 19:13:53]  delete mode 100644 "Life/Temp/2035/\320\224\320\265\320\272\320\260\320\261\321\200\321\214/07-12-35.md"
[2026-06-25 19:13:53]  delete mode 100644 "Life/Temp/2035/\320\224\320\265\320\272\320\260\320\261\321\200\321\214/08-12-35.md"
[2026-06-25 19:13:53]  delete mode 100644 "Life/Temp/2035/\320\224\320\265\320\272\320\260\320\261\321\200\321\214/09-12-35.md"
[2026-06-25 19:13:53]  delete mode 100644 "Life/Temp/2035/\320\224\320\265\320\272\320\260\320\261\321\200\321\214/10-12-35.md"
[2026-06-25 19:13:53]  delete mode 100644 "Life/Temp/2035/\320\224\320\265\320\272\320\260\320\261\321\200\321\214/11-12-35.md"
[2026-06-25 19:13:53]  delete mode 100644 "Life/Temp/2035/\320\224\320\265\320\272\320\260\320\261\321\200\321\214/12-12-35.md"
[2026-06-25 19:13:53]  delete mode 100644 "Life/Temp/2035/\320\224\320\265\320\272\320\260\320\261\321\200\321\214/13-12-35.md"
[2026-06-25 19:13:53]  delete mode 100644 "Life/Temp/2035/\320\224\320\265\320\272\320\260\320\261\321\200\321\214/14-12-35.md"
[2026-06-25 19:13:53]  delete mode 100644 "Life/Temp/2035/\320\224\320\265\320\272\320\260\320\261\321\200\321\214/15-12-35.md"
[2026-06-25 19:13:53]  delete mode 100644 "Life/Temp/2035/\320\224\320\265\320\272\320\260\320\261\321\200\321\214/16-12-35.md"
[2026-06-25 19:13:53]  delete mode 100644 "Life/Temp/2035/\320\224\320\265\320\272\320\260\320\261\321\200\321\214/17-12-35.md"
[2026-06-25 19:13:53]  delete mode 100644 "Life/Temp/2035/\320\224\320\265\320\272\320\260\320\261\321\200\321\214/18-12-35.md"
[2026-06-25 19:13:53]  delete mode 100644 "Life/Temp/2035/\320\224\320\265\320\272\320\260\320\261\321\200\321\214/19-12-35.md"
[2026-06-25 19:13:53]  delete mode 100644 "Life/Temp/2035/\320\224\320\265\320\272\320\260\320\261\321\200\321\214/20-12-35.md"
[2026-06-25 19:13:53]  delete mode 100644 "Life/Temp/2035/\320\224\320\265\320\272\320\260\320\261\321\200\321\214/21-12-35.md"
[2026-06-25 19:13:53]  delete mode 100644 "Life/Temp/2035/\320\224\320\265\320\272\320\260\320\261\321\200\321\214/22-12-35.md"
[2026-06-25 19:13:53]  delete mode 100644 "Life/Temp/2035/\320\224\320\265\320\272\320\260\320\261\321\200\321\214/23-12-35.md"
[2026-06-25 19:13:53]  delete mode 100644 "Life/Temp/2035/\320\224\320\265\320\272\320\260\320\261\321\200\321\214/24-12-35.md"
[2026-06-25 19:13:53]  delete mode 100644 "Life/Temp/2035/\320\224\320\265\320\272\320\260\320\261\321\200\321\214/25-12-35.md"
[2026-06-25 19:13:53]  delete mode 100644 "Life/Temp/2035/\320\224\320\265\320\272\320\260\320\261\321\200\321\214/26-12-35.md"
[2026-06-25 19:13:53]  delete mode 100644 "Life/Temp/2035/\320\224\320\265\320\272\320\260\320\261\321\200\321\214/27-12-35.md"
[2026-06-25 19:13:53]  delete mode 100644 "Life/Temp/2035/\320\224\320\265\320\272\320\260\320\261\321\200\321\214/28-12-35.md"
[2026-06-25 19:13:53]  delete mode 100644 "Life/Temp/2035/\320\224\320\265\320\272\320\260\320\261\321\200\321\214/29-12-35.md"
[2026-06-25 19:13:53]  delete mode 100644 "Life/Temp/2035/\320\224\320\265\320\272\320\260\320\261\321\200\321\214/30-12-35.md"
[2026-06-25 19:13:53]  delete mode 100644 "Life/Temp/2035/\320\224\320\265\320\272\320\260\320\261\321\200\321\214/31-12-35.md"
[2026-06-25 19:13:53]  delete mode 100644 "Life/Temp/2035/\320\230\321\216\320\273\321\214/01-07-35.md"
[2026-06-25 19:13:53]  delete mode 100644 "Life/Temp/2035/\320\230\321\216\320\273\321\214/02-07-35.md"
[2026-06-25 19:13:53]  delete mode 100644 "Life/Temp/2035/\320\230\321\216\320\273\321\214/03-07-35.md"
[2026-06-25 19:13:53]  delete mode 100644 "Life/Temp/2035/\320\230\321\216\320\273\321\214/04-07-35.md"
[2026-06-25 19:13:53]  delete mode 100644 "Life/Temp/2035/\320\230\321\216\320\273\321\214/05-07-35.md"
[2026-06-25 19:13:53]  delete mode 100644 "Life/Temp/2035/\320\230\321\216\320\273\321\214/06-07-35.md"
[2026-06-25 19:13:53]  delete mode 100644 "Life/Temp/2035/\320\230\321\216\320\273\321\214/07-07-35.md"
[2026-06-25 19:13:53]  delete mode 100644 "Life/Temp/2035/\320\230\321\216\320\273\321\214/08-07-35.md"
[2026-06-25 19:13:53]  delete mode 100644 "Life/Temp/2035/\320\230\321\216\320\273\321\214/09-07-35.md"
[2026-06-25 19:13:53]  delete mode 100644 "Life/Temp/2035/\320\230\321\216\320\273\321\214/10-07-35.md"
[2026-06-25 19:13:53]  delete mode 100644 "Life/Temp/2035/\320\230\321\216\320\273\321\214/11-07-35.md"
[2026-06-25 19:13:53]  delete mode 100644 "Life/Temp/2035/\320\230\321\216\320\273\321\214/12-07-35.md"
[2026-06-25 19:13:53]  delete mode 100644 "Life/Temp/2035/\320\230\321\216\320\273\321\214/13-07-35.md"
[2026-06-25 19:13:53]  delete mode 100644 "Life/Temp/2035/\320\230\321\216\320\273\321\214/14-07-35.md"
[2026-06-25 19:13:53]  delete mode 100644 "Life/Temp/2035/\320\230\321\216\320\273\321\214/15-07-35.md"
[2026-06-25 19:13:53]  delete mode 100644 "Life/Temp/2035/\320\230\321\216\320\273\321\214/16-07-35.md"
[2026-06-25 19:13:53]  delete mode 100644 "Life/Temp/2035/\320\230\321\216\320\273\321\214/17-07-35.md"
[2026-06-25 19:13:53]  delete mode 100644 "Life/Temp/2035/\320\230\321\216\320\273\321\214/18-07-35.md"
[2026-06-25 19:13:53]  delete mode 100644 "Life/Temp/2035/\320\230\321\216\320\273\321\214/19-07-35.md"
[2026-06-25 19:13:53]  delete mode 100644 "Life/Temp/2035/\320\230\321\216\320\273\321\214/20-07-35.md"
[2026-06-25 19:13:53]  delete mode 100644 "Life/Temp/2035/\320\230\321\216\320\273\321\214/21-07-35.md"
[2026-06-25 19:13:53]  delete mode 100644 "Life/Temp/2035/\320\230\321\216\320\273\321\214/22-07-35.md"
[2026-06-25 19:13:53]  delete mode 100644 "Life/Temp/2035/\320\230\321\216\320\273\321\214/23-07-35.md"
[2026-06-25 19:13:53]  delete mode 100644 "Life/Temp/2035/\320\230\321\216\320\273\321\214/24-07-35.md"
[2026-06-25 19:13:53]  delete mode 100644 "Life/Temp/2035/\320\230\321\216\320\273\321\214/25-07-35.md"
[2026-06-25 19:13:53]  delete mode 100644 "Life/Temp/2035/\320\230\321\216\320\273\321\214/26-07-35.md"
[2026-06-25 19:13:53]  delete mode 100644 "Life/Temp/2035/\320\230\321\216\320\273\321\214/27-07-35.md"
[2026-06-25 19:13:53]  delete mode 100644 "Life/Temp/2035/\320\230\321\216\320\273\321\214/28-07-35.md"
[2026-06-25 19:13:53]  delete mode 100644 "Life/Temp/2035/\320\230\321\216\320\273\321\214/29-07-35.md"
[2026-06-25 19:13:53]  delete mode 100644 "Life/Temp/2035/\320\230\321\216\320\273\321\214/30-07-35.md"
[2026-06-25 19:13:53]  delete mode 100644 "Life/Temp/2035/\320\230\321\216\320\273\321\214/31-07-35.md"
[2026-06-25 19:13:53]  delete mode 100644 "Life/Temp/2035/\320\230\321\216\320\275\321\214/01-06-35.md"
[2026-06-25 19:13:53]  delete mode 100644 "Life/Temp/2035/\320\230\321\216\320\275\321\214/02-06-35.md"
[2026-06-25 19:13:53]  delete mode 100644 "Life/Temp/2035/\320\230\321\216\320\275\321\214/03-06-35.md"
[2026-06-25 19:13:53]  delete mode 100644 "Life/Temp/2035/\320\230\321\216\320\275\321\214/04-06-35.md"
[2026-06-25 19:13:53]  delete mode 100644 "Life/Temp/2035/\320\230\321\216\320\275\321\214/05-06-35.md"
[2026-06-25 19:13:53]  delete mode 100644 "Life/Temp/2035/\320\230\321\216\320\275\321\214/06-06-35.md"
[2026-06-25 19:13:53]  delete mode 100644 "Life/Temp/2035/\320\230\321\216\320\275\321\214/07-06-35.md"
[2026-06-25 19:13:53]  delete mode 100644 "Life/Temp/2035/\320\230\321\216\320\275\321\214/08-06-35.md"
[2026-06-25 19:13:53]  delete mode 100644 "Life/Temp/2035/\320\230\321\216\320\275\321\214/09-06-35.md"
[2026-06-25 19:13:53]  delete mode 100644 "Life/Temp/2035/\320\230\321\216\320\275\321\214/10-06-35.md"
[2026-06-25 19:13:53]  delete mode 100644 "Life/Temp/2035/\320\230\321\216\320\275\321\214/11-06-35.md"
[2026-06-25 19:13:53]  delete mode 100644 "Life/Temp/2035/\320\230\321\216\320\275\321\214/12-06-35.md"
[2026-06-25 19:13:53]  delete mode 100644 "Life/Temp/2035/\320\230\321\216\320\275\321\214/13-06-35.md"
[2026-06-25 19:13:53]  delete mode 100644 "Life/Temp/2035/\320\230\321\216\320\275\321\214/14-06-35.md"
[2026-06-25 19:13:53]  delete mode 100644 "Life/Temp/2035/\320\230\321\216\320\275\321\214/15-06-35.md"
[2026-06-25 19:13:53]  delete mode 100644 "Life/Temp/2035/\320\230\321\216\320\275\321\214/16-06-35.md"
[2026-06-25 19:13:53]  delete mode 100644 "Life/Temp/2035/\320\230\321\216\320\275\321\214/17-06-35.md"
[2026-06-25 19:13:53]  delete mode 100644 "Life/Temp/2035/\320\230\321\216\320\275\321\214/18-06-35.md"
[2026-06-25 19:13:53]  delete mode 100644 "Life/Temp/2035/\320\230\321\216\320\275\321\214/19-06-35.md"
[2026-06-25 19:13:53]  delete mode 100644 "Life/Temp/2035/\320\230\321\216\320\275\321\214/20-06-35.md"
[2026-06-25 19:13:53]  delete mode 100644 "Life/Temp/2035/\320\230\321\216\320\275\321\214/21-06-35.md"
[2026-06-25 19:13:53]  delete mode 100644 "Life/Temp/2035/\320\230\321\216\320\275\321\214/22-06-35.md"
[2026-06-25 19:13:53]  delete mode 100644 "Life/Temp/2035/\320\230\321\216\320\275\321\214/23-06-35.md"
[2026-06-25 19:13:53]  delete mode 100644 "Life/Temp/2035/\320\230\321\216\320\275\321\214/24-06-35.md"
[2026-06-25 19:13:53]  delete mode 100644 "Life/Temp/2035/\320\230\321\216\320\275\321\214/25-06-35.md"
[2026-06-25 19:13:53]  delete mode 100644 "Life/Temp/2035/\320\230\321\216\320\275\321\214/26-06-35.md"
[2026-06-25 19:13:53]  delete mode 100644 "Life/Temp/2035/\320\230\321\216\320\275\321\214/27-06-35.md"
[2026-06-25 19:13:53]  delete mode 100644 "Life/Temp/2035/\320\230\321\216\320\275\321\214/28-06-35.md"
[2026-06-25 19:13:53]  delete mode 100644 "Life/Temp/2035/\320\230\321\216\320\275\321\214/29-06-35.md"
[2026-06-25 19:13:53]  delete mode 100644 "Life/Temp/2035/\320\230\321\216\320\275\321\214/30-06-35.md"
[2026-06-25 19:13:53]  delete mode 100644 "Life/Temp/2035/\320\234\320\260\320\271/01-05-35.md"
[2026-06-25 19:13:53]  delete mode 100644 "Life/Temp/2035/\320\234\320\260\320\271/02-05-35.md"
[2026-06-25 19:13:53]  delete mode 100644 "Life/Temp/2035/\320\234\320\260\320\271/03-05-35.md"
[2026-06-25 19:13:53]  delete mode 100644 "Life/Temp/2035/\320\234\320\260\320\271/04-05-35.md"
[2026-06-25 19:13:53]  delete mode 100644 "Life/Temp/2035/\320\234\320\260\320\271/05-05-35.md"
[2026-06-25 19:13:53]  delete mode 100644 "Life/Temp/2035/\320\234\320\260\320\271/06-05-35.md"
[2026-06-25 19:13:53]  delete mode 100644 "Life/Temp/2035/\320\234\320\260\320\271/07-05-35.md"
[2026-06-25 19:13:53]  delete mode 100644 "Life/Temp/2035/\320\234\320\260\320\271/08-05-35.md"
[2026-06-25 19:13:53]  delete mode 100644 "Life/Temp/2035/\320\234\320\260\320\271/09-05-35.md"
[2026-06-25 19:13:53]  delete mode 100644 "Life/Temp/2035/\320\234\320\260\320\271/10-05-35.md"
[2026-06-25 19:13:53]  delete mode 100644 "Life/Temp/2035/\320\234\320\260\320\271/11-05-35.md"
[2026-06-25 19:13:53]  delete mode 100644 "Life/Temp/2035/\320\234\320\260\320\271/12-05-35.md"
[2026-06-25 19:13:53]  delete mode 100644 "Life/Temp/2035/\320\234\320\260\320\271/13-05-35.md"
[2026-06-25 19:13:53]  delete mode 100644 "Life/Temp/2035/\320\234\320\260\320\271/14-05-35.md"
[2026-06-25 19:13:53]  delete mode 100644 "Life/Temp/2035/\320\234\320\260\320\271/15-05-35.md"
[2026-06-25 19:13:53]  delete mode 100644 "Life/Temp/2035/\320\234\320\260\320\271/16-05-35.md"
[2026-06-25 19:13:53]  delete mode 100644 "Life/Temp/2035/\320\234\320\260\320\271/17-05-35.md"
[2026-06-25 19:13:53]  delete mode 100644 "Life/Temp/2035/\320\234\320\260\320\271/18-05-35.md"
[2026-06-25 19:13:53]  delete mode 100644 "Life/Temp/2035/\320\234\320\260\320\271/19-05-35.md"
[2026-06-25 19:13:53]  delete mode 100644 "Life/Temp/2035/\320\234\320\260\320\271/20-05-35.md"
[2026-06-25 19:13:53]  delete mode 100644 "Life/Temp/2035/\320\234\320\260\320\271/21-05-35.md"
[2026-06-25 19:13:53]  delete mode 100644 "Life/Temp/2035/\320\234\320\260\320\271/22-05-35.md"
[2026-06-25 19:13:53]  delete mode 100644 "Life/Temp/2035/\320\234\320\260\320\271/23-05-35.md"
[2026-06-25 19:13:53]  delete mode 100644 "Life/Temp/2035/\320\234\320\260\320\271/24-05-35.md"
[2026-06-25 19:13:53]  delete mode 100644 "Life/Temp/2035/\320\234\320\260\320\271/25-05-35.md"
[2026-06-25 19:13:53]  delete mode 100644 "Life/Temp/2035/\320\234\320\260\320\271/26-05-35.md"
[2026-06-25 19:13:53]  delete mode 100644 "Life/Temp/2035/\320\234\320\260\320\271/27-05-35.md"
[2026-06-25 19:13:53]  delete mode 100644 "Life/Temp/2035/\320\234\320\260\320\271/28-05-35.md"
[2026-06-25 19:13:53]  delete mode 100644 "Life/Temp/2035/\320\234\320\260\320\271/29-05-35.md"
[2026-06-25 19:13:53]  delete mode 100644 "Life/Temp/2035/\320\234\320\260\320\271/30-05-35.md"
[2026-06-25 19:13:53]  delete mode 100644 "Life/Temp/2035/\320\234\320\260\320\271/31-05-35.md"
[2026-06-25 19:13:53]  delete mode 100644 "Life/Temp/2035/\320\234\320\260\321\200\321\202/01-03-35.md"
[2026-06-25 19:13:53]  delete mode 100644 "Life/Temp/2035/\320\234\320\260\321\200\321\202/02-03-35.md"
[2026-06-25 19:13:53]  delete mode 100644 "Life/Temp/2035/\320\234\320\260\321\200\321\202/03-03-35.md"
[2026-06-25 19:13:53]  delete mode 100644 "Life/Temp/2035/\320\234\320\260\321\200\321\202/04-03-35.md"
[2026-06-25 19:13:53]  delete mode 100644 "Life/Temp/2035/\320\234\320\260\321\200\321\202/05-03-35.md"
[2026-06-25 19:13:53]  delete mode 100644 "Life/Temp/2035/\320\234\320\260\321\200\321\202/06-03-35.md"
[2026-06-25 19:13:53]  delete mode 100644 "Life/Temp/2035/\320\234\320\260\321\200\321\202/07-03-35.md"
[2026-06-25 19:13:53]  delete mode 100644 "Life/Temp/2035/\320\234\320\260\321\200\321\202/08-03-35.md"
[2026-06-25 19:13:53]  delete mode 100644 "Life/Temp/2035/\320\234\320\260\321\200\321\202/09-03-35.md"
[2026-06-25 19:13:53]  delete mode 100644 "Life/Temp/2035/\320\234\320\260\321\200\321\202/10-03-35.md"
[2026-06-25 19:13:53]  delete mode 100644 "Life/Temp/2035/\320\234\320\260\321\200\321\202/11-03-35.md"
[2026-06-25 19:13:53]  delete mode 100644 "Life/Temp/2035/\320\234\320\260\321\200\321\202/12-03-35.md"
[2026-06-25 19:13:53]  delete mode 100644 "Life/Temp/2035/\320\234\320\260\321\200\321\202/13-03-35.md"
[2026-06-25 19:13:53]  delete mode 100644 "Life/Temp/2035/\320\234\320\260\321\200\321\202/14-03-35.md"
[2026-06-25 19:13:53]  delete mode 100644 "Life/Temp/2035/\320\234\320\260\321\200\321\202/15-03-35.md"
[2026-06-25 19:13:53]  delete mode 100644 "Life/Temp/2035/\320\234\320\260\321\200\321\202/16-03-35.md"
[2026-06-25 19:13:53]  delete mode 100644 "Life/Temp/2035/\320\234\320\260\321\200\321\202/17-03-35.md"
[2026-06-25 19:13:53]  delete mode 100644 "Life/Temp/2035/\320\234\320\260\321\200\321\202/18-03-35.md"
[2026-06-25 19:13:53]  delete mode 100644 "Life/Temp/2035/\320\234\320\260\321\200\321\202/19-03-35.md"
[2026-06-25 19:13:53]  delete mode 100644 "Life/Temp/2035/\320\234\320\260\321\200\321\202/20-03-35.md"
[2026-06-25 19:13:53]  delete mode 100644 "Life/Temp/2035/\320\234\320\260\321\200\321\202/21-03-35.md"
[2026-06-25 19:13:53]  delete mode 100644 "Life/Temp/2035/\320\234\320\260\321\200\321\202/22-03-35.md"
[2026-06-25 19:13:53]  delete mode 100644 "Life/Temp/2035/\320\234\320\260\321\200\321\202/23-03-35.md"
[2026-06-25 19:13:53]  delete mode 100644 "Life/Temp/2035/\320\234\320\260\321\200\321\202/24-03-35.md"
[2026-06-25 19:13:53]  delete mode 100644 "Life/Temp/2035/\320\234\320\260\321\200\321\202/25-03-35.md"
[2026-06-25 19:13:53]  delete mode 100644 "Life/Temp/2035/\320\234\320\260\321\200\321\202/26-03-35.md"
[2026-06-25 19:13:53]  delete mode 100644 "Life/Temp/2035/\320\234\320\260\321\200\321\202/27-03-35.md"
[2026-06-25 19:13:53]  delete mode 100644 "Life/Temp/2035/\320\234\320\260\321\200\321\202/28-03-35.md"
[2026-06-25 19:13:53]  delete mode 100644 "Life/Temp/2035/\320\234\320\260\321\200\321\202/29-03-35.md"
[2026-06-25 19:13:53]  delete mode 100644 "Life/Temp/2035/\320\234\320\260\321\200\321\202/30-03-35.md"
[2026-06-25 19:13:53]  delete mode 100644 "Life/Temp/2035/\320\234\320\260\321\200\321\202/31-03-35.md"
[2026-06-25 19:13:53]  delete mode 100644 "Life/Temp/2035/\320\235\320\276\321\217\320\261\321\200\321\214/01-11-35.md"
[2026-06-25 19:13:53]  delete mode 100644 "Life/Temp/2035/\320\235\320\276\321\217\320\261\321\200\321\214/02-11-35.md"
[2026-06-25 19:13:53]  delete mode 100644 "Life/Temp/2035/\320\235\320\276\321\217\320\261\321\200\321\214/03-11-35.md"
[2026-06-25 19:13:53]  delete mode 100644 "Life/Temp/2035/\320\235\320\276\321\217\320\261\321\200\321\214/04-11-35.md"
[2026-06-25 19:13:53]  delete mode 100644 "Life/Temp/2035/\320\235\320\276\321\217\320\261\321\200\321\214/05-11-35.md"
[2026-06-25 19:13:53]  delete mode 100644 "Life/Temp/2035/\320\235\320\276\321\217\320\261\321\200\321\214/06-11-35.md"
[2026-06-25 19:13:53]  delete mode 100644 "Life/Temp/2035/\320\235\320\276\321\217\320\261\321\200\321\214/07-11-35.md"
[2026-06-25 19:13:53]  delete mode 100644 "Life/Temp/2035/\320\235\320\276\321\217\320\261\321\200\321\214/08-11-35.md"
[2026-06-25 19:13:53]  delete mode 100644 "Life/Temp/2035/\320\235\320\276\321\217\320\261\321\200\321\214/09-11-35.md"
[2026-06-25 19:13:53]  delete mode 100644 "Life/Temp/2035/\320\235\320\276\321\217\320\261\321\200\321\214/10-11-35.md"
[2026-06-25 19:13:53]  delete mode 100644 "Life/Temp/2035/\320\235\320\276\321\217\320\261\321\200\321\214/11-11-35.md"
[2026-06-25 19:13:53]  delete mode 100644 "Life/Temp/2035/\320\235\320\276\321\217\320\261\321\200\321\214/12-11-35.md"
[2026-06-25 19:13:53]  delete mode 100644 "Life/Temp/2035/\320\235\320\276\321\217\320\261\321\200\321\214/13-11-35.md"
[2026-06-25 19:13:53]  delete mode 100644 "Life/Temp/2035/\320\235\320\276\321\217\320\261\321\200\321\214/14-11-35.md"
[2026-06-25 19:13:53]  delete mode 100644 "Life/Temp/2035/\320\235\320\276\321\217\320\261\321\200\321\214/15-11-35.md"
[2026-06-25 19:13:53]  delete mode 100644 "Life/Temp/2035/\320\235\320\276\321\217\320\261\321\200\321\214/16-11-35.md"
[2026-06-25 19:13:53]  delete mode 100644 "Life/Temp/2035/\320\235\320\276\321\217\320\261\321\200\321\214/17-11-35.md"
[2026-06-25 19:13:53]  delete mode 100644 "Life/Temp/2035/\320\235\320\276\321\217\320\261\321\200\321\214/18-11-35.md"
[2026-06-25 19:13:53]  delete mode 100644 "Life/Temp/2035/\320\235\320\276\321\217\320\261\321\200\321\214/19-11-35.md"
[2026-06-25 19:13:53]  delete mode 100644 "Life/Temp/2035/\320\235\320\276\321\217\320\261\321\200\321\214/20-11-35.md"
[2026-06-25 19:13:53]  delete mode 100644 "Life/Temp/2035/\320\235\320\276\321\217\320\261\321\200\321\214/21-11-35.md"
[2026-06-25 19:13:53]  delete mode 100644 "Life/Temp/2035/\320\235\320\276\321\217\320\261\321\200\321\214/22-11-35.md"
[2026-06-25 19:13:53]  delete mode 100644 "Life/Temp/2035/\320\235\320\276\321\217\320\261\321\200\321\214/23-11-35.md"
[2026-06-25 19:13:53]  delete mode 100644 "Life/Temp/2035/\320\235\320\276\321\217\320\261\321\200\321\214/24-11-35.md"
[2026-06-25 19:13:53]  delete mode 100644 "Life/Temp/2035/\320\235\320\276\321\217\320\261\321\200\321\214/25-11-35.md"
[2026-06-25 19:13:53]  delete mode 100644 "Life/Temp/2035/\320\235\320\276\321\217\320\261\321\200\321\214/26-11-35.md"
[2026-06-25 19:13:53]  delete mode 100644 "Life/Temp/2035/\320\235\320\276\321\217\320\261\321\200\321\214/27-11-35.md"
[2026-06-25 19:13:53]  delete mode 100644 "Life/Temp/2035/\320\235\320\276\321\217\320\261\321\200\321\214/28-11-35.md"
[2026-06-25 19:13:53]  delete mode 100644 "Life/Temp/2035/\320\235\320\276\321\217\320\261\321\200\321\214/29-11-35.md"
[2026-06-25 19:13:53]  delete mode 100644 "Life/Temp/2035/\320\235\320\276\321\217\320\261\321\200\321\214/30-11-35.md"
[2026-06-25 19:13:53]  delete mode 100644 "Life/Temp/2035/\320\236\320\272\321\202\321\217\320\261\321\200\321\214/01-10-35.md"
[2026-06-25 19:13:53]  delete mode 100644 "Life/Temp/2035/\320\236\320\272\321\202\321\217\320\261\321\200\321\214/02-10-35.md"
[2026-06-25 19:13:53]  delete mode 100644 "Life/Temp/2035/\320\236\320\272\321\202\321\217\320\261\321\200\321\214/03-10-35.md"
[2026-06-25 19:13:53]  delete mode 100644 "Life/Temp/2035/\320\236\320\272\321\202\321\217\320\261\321\200\321\214/04-10-35.md"
[2026-06-25 19:13:53]  delete mode 100644 "Life/Temp/2035/\320\236\320\272\321\202\321\217\320\261\321\200\321\214/05-10-35.md"
[2026-06-25 19:13:53]  delete mode 100644 "Life/Temp/2035/\320\236\320\272\321\202\321\217\320\261\321\200\321\214/06-10-35.md"
[2026-06-25 19:13:53]  delete mode 100644 "Life/Temp/2035/\320\236\320\272\321\202\321\217\320\261\321\200\321\214/07-10-35.md"
[2026-06-25 19:13:53]  delete mode 100644 "Life/Temp/2035/\320\236\320\272\321\202\321\217\320\261\321\200\321\214/08-10-35.md"
[2026-06-25 19:13:53]  delete mode 100644 "Life/Temp/2035/\320\236\320\272\321\202\321\217\320\261\321\200\321\214/09-10-35.md"
[2026-06-25 19:13:53]  delete mode 100644 "Life/Temp/2035/\320\236\320\272\321\202\321\217\320\261\321\200\321\214/10-10-35.md"
[2026-06-25 19:13:53]  delete mode 100644 "Life/Temp/2035/\320\236\320\272\321\202\321\217\320\261\321\200\321\214/11-10-35.md"
[2026-06-25 19:13:53]  delete mode 100644 "Life/Temp/2035/\320\236\320\272\321\202\321\217\320\261\321\200\321\214/12-10-35.md"
[2026-06-25 19:13:53]  delete mode 100644 "Life/Temp/2035/\320\236\320\272\321\202\321\217\320\261\321\200\321\214/13-10-35.md"
[2026-06-25 19:13:53]  delete mode 100644 "Life/Temp/2035/\320\236\320\272\321\202\321\217\320\261\321\200\321\214/14-10-35.md"
[2026-06-25 19:13:53]  delete mode 100644 "Life/Temp/2035/\320\236\320\272\321\202\321\217\320\261\321\200\321\214/15-10-35.md"
[2026-06-25 19:13:53]  delete mode 100644 "Life/Temp/2035/\320\236\320\272\321\202\321\217\320\261\321\200\321\214/16-10-35.md"
[2026-06-25 19:13:53]  delete mode 100644 "Life/Temp/2035/\320\236\320\272\321\202\321\217\320\261\321\200\321\214/17-10-35.md"
[2026-06-25 19:13:53]  delete mode 100644 "Life/Temp/2035/\320\236\320\272\321\202\321\217\320\261\321\200\321\214/18-10-35.md"
[2026-06-25 19:13:53]  delete mode 100644 "Life/Temp/2035/\320\236\320\272\321\202\321\217\320\261\321\200\321\214/19-10-35.md"
[2026-06-25 19:13:53]  delete mode 100644 "Life/Temp/2035/\320\236\320\272\321\202\321\217\320\261\321\200\321\214/20-10-35.md"
[2026-06-25 19:13:53]  delete mode 100644 "Life/Temp/2035/\320\236\320\272\321\202\321\217\320\261\321\200\321\214/21-10-35.md"
[2026-06-25 19:13:53]  delete mode 100644 "Life/Temp/2035/\320\236\320\272\321\202\321\217\320\261\321\200\321\214/22-10-35.md"
[2026-06-25 19:13:53]  delete mode 100644 "Life/Temp/2035/\320\236\320\272\321\202\321\217\320\261\321\200\321\214/23-10-35.md"
[2026-06-25 19:13:53]  delete mode 100644 "Life/Temp/2035/\320\236\320\272\321\202\321\217\320\261\321\200\321\214/24-10-35.md"
[2026-06-25 19:13:53]  delete mode 100644 "Life/Temp/2035/\320\236\320\272\321\202\321\217\320\261\321\200\321\214/25-10-35.md"
[2026-06-25 19:13:53]  delete mode 100644 "Life/Temp/2035/\320\236\320\272\321\202\321\217\320\261\321\200\321\214/26-10-35.md"
[2026-06-25 19:13:53]  delete mode 100644 "Life/Temp/2035/\320\236\320\272\321\202\321\217\320\261\321\200\321\214/27-10-35.md"
[2026-06-25 19:13:53]  delete mode 100644 "Life/Temp/2035/\320\236\320\272\321\202\321\217\320\261\321\200\321\214/28-10-35.md"
[2026-06-25 19:13:53]  delete mode 100644 "Life/Temp/2035/\320\236\320\272\321\202\321\217\320\261\321\200\321\214/29-10-35.md"
[2026-06-25 19:13:53]  delete mode 100644 "Life/Temp/2035/\320\236\320\272\321\202\321\217\320\261\321\200\321\214/30-10-35.md"
[2026-06-25 19:13:53]  delete mode 100644 "Life/Temp/2035/\320\236\320\272\321\202\321\217\320\261\321\200\321\214/31-10-35.md"
[2026-06-25 19:13:53]  delete mode 100644 "Life/Temp/2035/\320\241\320\265\320\275\321\202\321\217\320\261\321\200\321\214/01-09-35.md"
[2026-06-25 19:13:53]  delete mode 100644 "Life/Temp/2035/\320\241\320\265\320\275\321\202\321\217\320\261\321\200\321\214/02-09-35.md"
[2026-06-25 19:13:53]  delete mode 100644 "Life/Temp/2035/\320\241\320\265\320\275\321\202\321\217\320\261\321\200\321\214/03-09-35.md"
[2026-06-25 19:13:53]  delete mode 100644 "Life/Temp/2035/\320\241\320\265\320\275\321\202\321\217\320\261\321\200\321\214/04-09-35.md"
[2026-06-25 19:13:53]  delete mode 100644 "Life/Temp/2035/\320\241\320\265\320\275\321\202\321\217\320\261\321\200\321\214/05-09-35.md"
[2026-06-25 19:13:53]  delete mode 100644 "Life/Temp/2035/\320\241\320\265\320\275\321\202\321\217\320\261\321\200\321\214/06-09-35.md"
[2026-06-25 19:13:53]  delete mode 100644 "Life/Temp/2035/\320\241\320\265\320\275\321\202\321\217\320\261\321\200\321\214/07-09-35.md"
[2026-06-25 19:13:53]  delete mode 100644 "Life/Temp/2035/\320\241\320\265\320\275\321\202\321\217\320\261\321\200\321\214/08-09-35.md"
[2026-06-25 19:13:53]  delete mode 100644 "Life/Temp/2035/\320\241\320\265\320\275\321\202\321\217\320\261\321\200\321\214/09-09-35.md"
[2026-06-25 19:13:53]  delete mode 100644 "Life/Temp/2035/\320\241\320\265\320\275\321\202\321\217\320\261\321\200\321\214/10-09-35.md"
[2026-06-25 19:13:53]  delete mode 100644 "Life/Temp/2035/\320\241\320\265\320\275\321\202\321\217\320\261\321\200\321\214/11-09-35.md"
[2026-06-25 19:13:53]  delete mode 100644 "Life/Temp/2035/\320\241\320\265\320\275\321\202\321\217\320\261\321\200\321\214/12-09-35.md"
[2026-06-25 19:13:53]  delete mode 100644 "Life/Temp/2035/\320\241\320\265\320\275\321\202\321\217\320\261\321\200\321\214/13-09-35.md"
[2026-06-25 19:13:53]  delete mode 100644 "Life/Temp/2035/\320\241\320\265\320\275\321\202\321\217\320\261\321\200\321\214/14-09-35.md"
[2026-06-25 19:13:53]  delete mode 100644 "Life/Temp/2035/\320\241\320\265\320\275\321\202\321\217\320\261\321\200\321\214/15-09-35.md"
[2026-06-25 19:13:53]  delete mode 100644 "Life/Temp/2035/\320\241\320\265\320\275\321\202\321\217\320\261\321\200\321\214/16-09-35.md"
[2026-06-25 19:13:53]  delete mode 100644 "Life/Temp/2035/\320\241\320\265\320\275\321\202\321\217\320\261\321\200\321\214/17-09-35.md"
[2026-06-25 19:13:53]  delete mode 100644 "Life/Temp/2035/\320\241\320\265\320\275\321\202\321\217\320\261\321\200\321\214/18-09-35.md"
[2026-06-25 19:13:53]  delete mode 100644 "Life/Temp/2035/\320\241\320\265\320\275\321\202\321\217\320\261\321\200\321\214/19-09-35.md"
[2026-06-25 19:13:53]  delete mode 100644 "Life/Temp/2035/\320\241\320\265\320\275\321\202\321\217\320\261\321\200\321\214/20-09-35.md"
[2026-06-25 19:13:53]  delete mode 100644 "Life/Temp/2035/\320\241\320\265\320\275\321\202\321\217\320\261\321\200\321\214/21-09-35.md"
[2026-06-25 19:13:53]  delete mode 100644 "Life/Temp/2035/\320\241\320\265\320\275\321\202\321\217\320\261\321\200\321\214/22-09-35.md"
[2026-06-25 19:13:53]  delete mode 100644 "Life/Temp/2035/\320\241\320\265\320\275\321\202\321\217\320\261\321\200\321\214/23-09-35.md"
[2026-06-25 19:13:53]  delete mode 100644 "Life/Temp/2035/\320\241\320\265\320\275\321\202\321\217\320\261\321\200\321\214/24-09-35.md"
[2026-06-25 19:13:53]  delete mode 100644 "Life/Temp/2035/\320\241\320\265\320\275\321\202\321\217\320\261\321\200\321\214/25-09-35.md"
[2026-06-25 19:13:53]  delete mode 100644 "Life/Temp/2035/\320\241\320\265\320\275\321\202\321\217\320\261\321\200\321\214/26-09-35.md"
[2026-06-25 19:13:53]  delete mode 100644 "Life/Temp/2035/\320\241\320\265\320\275\321\202\321\217\320\261\321\200\321\214/27-09-35.md"
[2026-06-25 19:13:53]  delete mode 100644 "Life/Temp/2035/\320\241\320\265\320\275\321\202\321\217\320\261\321\200\321\214/28-09-35.md"
[2026-06-25 19:13:53]  delete mode 100644 "Life/Temp/2035/\320\241\320\265\320\275\321\202\321\217\320\261\321\200\321\214/29-09-35.md"
[2026-06-25 19:13:53]  delete mode 100644 "Life/Temp/2035/\320\241\320\265\320\275\321\202\321\217\320\261\321\200\321\214/30-09-35.md"
[2026-06-25 19:13:53]  delete mode 100644 "Life/Temp/2035/\320\244\320\265\320\262\321\200\320\260\320\273\321\214/01-02-35.md"
[2026-06-25 19:13:53]  delete mode 100644 "Life/Temp/2035/\320\244\320\265\320\262\321\200\320\260\320\273\321\214/02-02-35.md"
[2026-06-25 19:13:53]  delete mode 100644 "Life/Temp/2035/\320\244\320\265\320\262\321\200\320\260\320\273\321\214/03-02-35.md"
[2026-06-25 19:13:53]  delete mode 100644 "Life/Temp/2035/\320\244\320\265\320\262\321\200\320\260\320\273\321\214/04-02-35.md"
[2026-06-25 19:13:53]  delete mode 100644 "Life/Temp/2035/\320\244\320\265\320\262\321\200\320\260\320\273\321\214/05-02-35.md"
[2026-06-25 19:13:53]  delete mode 100644 "Life/Temp/2035/\320\244\320\265\320\262\321\200\320\260\320\273\321\214/06-02-35.md"
[2026-06-25 19:13:53]  delete mode 100644 "Life/Temp/2035/\320\244\320\265\320\262\321\200\320\260\320\273\321\214/07-02-35.md"
[2026-06-25 19:13:53]  delete mode 100644 "Life/Temp/2035/\320\244\320\265\320\262\321\200\320\260\320\273\321\214/08-02-35.md"
[2026-06-25 19:13:53]  delete mode 100644 "Life/Temp/2035/\320\244\320\265\320\262\321\200\320\260\320\273\321\214/09-02-35.md"
[2026-06-25 19:13:53]  delete mode 100644 "Life/Temp/2035/\320\244\320\265\320\262\321\200\320\260\320\273\321\214/10-02-35.md"
[2026-06-25 19:13:53]  delete mode 100644 "Life/Temp/2035/\320\244\320\265\320\262\321\200\320\260\320\273\321\214/11-02-35.md"
[2026-06-25 19:13:53]  delete mode 100644 "Life/Temp/2035/\320\244\320\265\320\262\321\200\320\260\320\273\321\214/12-02-35.md"
[2026-06-25 19:13:53]  delete mode 100644 "Life/Temp/2035/\320\244\320\265\320\262\321\200\320\260\320\273\321\214/13-02-35.md"
[2026-06-25 19:13:53]  delete mode 100644 "Life/Temp/2035/\320\244\320\265\320\262\321\200\320\260\320\273\321\214/14-02-35.md"
[2026-06-25 19:13:53]  delete mode 100644 "Life/Temp/2035/\320\244\320\265\320\262\321\200\320\260\320\273\321\214/15-02-35.md"
[2026-06-25 19:13:53]  delete mode 100644 "Life/Temp/2035/\320\244\320\265\320\262\321\200\320\260\320\273\321\214/16-02-35.md"
[2026-06-25 19:13:53]  delete mode 100644 "Life/Temp/2035/\320\244\320\265\320\262\321\200\320\260\320\273\321\214/17-02-35.md"
[2026-06-25 19:13:53]  delete mode 100644 "Life/Temp/2035/\320\244\320\265\320\262\321\200\320\260\320\273\321\214/18-02-35.md"
[2026-06-25 19:13:53]  delete mode 100644 "Life/Temp/2035/\320\244\320\265\320\262\321\200\320\260\320\273\321\214/19-02-35.md"
[2026-06-25 19:13:53]  delete mode 100644 "Life/Temp/2035/\320\244\320\265\320\262\321\200\320\260\320\273\321\214/20-02-35.md"
[2026-06-25 19:13:53]  delete mode 100644 "Life/Temp/2035/\320\244\320\265\320\262\321\200\320\260\320\273\321\214/21-02-35.md"
[2026-06-25 19:13:53]  delete mode 100644 "Life/Temp/2035/\320\244\320\265\320\262\321\200\320\260\320\273\321\214/22-02-35.md"
[2026-06-25 19:13:53]  delete mode 100644 "Life/Temp/2035/\320\244\320\265\320\262\321\200\320\260\320\273\321\214/23-02-35.md"
[2026-06-25 19:13:53]  delete mode 100644 "Life/Temp/2035/\320\244\320\265\320\262\321\200\320\260\320\273\321\214/24-02-35.md"
[2026-06-25 19:13:53]  delete mode 100644 "Life/Temp/2035/\320\244\320\265\320\262\321\200\320\260\320\273\321\214/25-02-35.md"
[2026-06-25 19:13:53]  delete mode 100644 "Life/Temp/2035/\320\244\320\265\320\262\321\200\320\260\320\273\321\214/26-02-35.md"
[2026-06-25 19:13:53]  delete mode 100644 "Life/Temp/2035/\320\244\320\265\320\262\321\200\320\260\320\273\321\214/27-02-35.md"
[2026-06-25 19:13:53]  delete mode 100644 "Life/Temp/2035/\320\244\320\265\320\262\321\200\320\260\320\273\321\214/28-02-35.md"
[2026-06-25 19:13:53]  delete mode 100644 "Life/Temp/2035/\320\257\320\275\320\262\320\260\321\200\321\214/01-01-35.md"
[2026-06-25 19:13:53]  delete mode 100644 "Life/Temp/2035/\320\257\320\275\320\262\320\260\321\200\321\214/02-01-35.md"
[2026-06-25 19:13:53]  delete mode 100644 "Life/Temp/2035/\320\257\320\275\320\262\320\260\321\200\321\214/03-01-35.md"
[2026-06-25 19:13:53]  delete mode 100644 "Life/Temp/2035/\320\257\320\275\320\262\320\260\321\200\321\214/04-01-35.md"
[2026-06-25 19:13:53]  delete mode 100644 "Life/Temp/2035/\320\257\320\275\320\262\320\260\321\200\321\214/05-01-35.md"
[2026-06-25 19:13:53]  delete mode 100644 "Life/Temp/2035/\320\257\320\275\320\262\320\260\321\200\321\214/06-01-35.md"
[2026-06-25 19:13:53]  delete mode 100644 "Life/Temp/2035/\320\257\320\275\320\262\320\260\321\200\321\214/07-01-35.md"
[2026-06-25 19:13:53]  delete mode 100644 "Life/Temp/2035/\320\257\320\275\320\262\320\260\321\200\321\214/08-01-35.md"
[2026-06-25 19:13:53]  delete mode 100644 "Life/Temp/2035/\320\257\320\275\320\262\320\260\321\200\321\214/09-01-35.md"
[2026-06-25 19:13:53]  delete mode 100644 "Life/Temp/2035/\320\257\320\275\320\262\320\260\321\200\321\214/10-01-35.md"
[2026-06-25 19:13:53]  delete mode 100644 "Life/Temp/2035/\320\257\320\275\320\262\320\260\321\200\321\214/11-01-35.md"
[2026-06-25 19:13:53] Committing changes...
[2026-06-25 19:13:53]  delete mode 100644 "Life/Temp/2035/\320\257\320\275\320\262\320\260\321\200\321\214/31-01-35.md"
[2026-06-25 19:13:53]  delete mode 100644 "Life/Temp/2036/\320\220\320\262\320\263\321\203\321\201\321\202/01-08-36.md"
[2026-06-25 19:13:53]  delete mode 100644 "Life/Temp/2036/\320\220\320\262\320\263\321\203\321\201\321\202/02-08-36.md"
[2026-06-25 19:13:53]  delete mode 100644 "Life/Temp/2036/\320\220\320\262\320\263\321\203\321\201\321\202/03-08-36.md"
[2026-06-25 19:13:53]  delete mode 100644 "Life/Temp/2036/\320\220\320\262\320\263\321\203\321\201\321\202/04-08-36.md"
[2026-06-25 19:13:53]  delete mode 100644 "Life/Temp/2036/\320\220\320\262\320\263\321\203\321\201\321\202/05-08-36.md"
[2026-06-25 19:13:53]  delete mode 100644 "Life/Temp/2036/\320\220\320\262\320\263\321\203\321\201\321\202/06-08-36.md"
[2026-06-25 19:13:53]  delete mode 100644 "Life/Temp/2036/\320\220\320\262\320\263\321\203\321\201\321\202/07-08-36.md"
[2026-06-25 19:13:53]  delete mode 100644 "Life/Temp/2036/\320\220\320\262\320\263\321\203\321\201\321\202/08-08-36.md"
[2026-06-25 19:13:53]  delete mode 100644 "Life/Temp/2036/\320\220\320\262\320\263\321\203\321\201\321\202/09-08-36.md"
[2026-06-25 19:13:53]  delete mode 100644 "Life/Temp/2036/\320\220\320\262\320\263\321\203\321\201\321\202/10-08-36.md"
[2026-06-25 19:13:53]  delete mode 100644 "Life/Temp/2036/\320\220\320\262\320\263\321\203\321\201\321\202/11-08-36.md"
[2026-06-25 19:13:53]  delete mode 100644 "Life/Temp/2036/\320\220\320\262\320\263\321\203\321\201\321\202/12-08-36.md"
[2026-06-25 19:13:53]  delete mode 100644 "Life/Temp/2036/\320\220\320\262\320\263\321\203\321\201\321\202/13-08-36.md"
[2026-06-25 19:13:53]  delete mode 100644 "Life/Temp/2036/\320\220\320\262\320\263\321\203\321\201\321\202/14-08-36.md"
[2026-06-25 19:13:53]  delete mode 100644 "Life/Temp/2036/\320\220\320\277\321\200\320\265\320\273\321\214/21-04-36.md"
[2026-06-25 19:13:53]  delete mode 100644 "Life/Temp/2036/\320\220\320\277\321\200\320\265\320\273\321\214/22-04-36.md"
[2026-06-25 19:13:53]  delete mode 100644 "Life/Temp/2036/\320\220\320\277\321\200\320\265\320\273\321\214/23-04-36.md"
[2026-06-25 19:13:53]  delete mode 100644 "Life/Temp/2036/\320\220\320\277\321\200\320\265\320\273\321\214/24-04-36.md"
[2026-06-25 19:13:53]  delete mode 100644 "Life/Temp/2036/\320\220\320\277\321\200\320\265\320\273\321\214/25-04-36.md"
[2026-06-25 19:13:53]  delete mode 100644 "Life/Temp/2036/\320\220\320\277\321\200\320\265\320\273\321\214/26-04-36.md"
[2026-06-25 19:13:53]  delete mode 100644 "Life/Temp/2036/\320\220\320\277\321\200\320\265\320\273\321\214/27-04-36.md"
[2026-06-25 19:13:53]  delete mode 100644 "Life/Temp/2036/\320\220\320\277\321\200\320\265\320\273\321\214/28-04-36.md"
[2026-06-25 19:13:53]  delete mode 100644 "Life/Temp/2036/\320\220\320\277\321\200\320\265\320\273\321\214/29-04-36.md"
[2026-06-25 19:13:53]  delete mode 100644 "Life/Temp/2036/\320\220\320\277\321\200\320\265\320\273\321\214/30-04-36.md"
[2026-06-25 19:13:53]  delete mode 100644 "Life/Temp/2036/\320\224\320\265\320\272\320\260\320\261\321\200\321\214/01-12-36.md"
[2026-06-25 19:13:53]  delete mode 100644 "Life/Temp/2036/\320\224\320\265\320\272\320\260\320\261\321\200\321\214/02-12-36.md"
[2026-06-25 19:13:53]  delete mode 100644 "Life/Temp/2036/\320\224\320\265\320\272\320\260\320\261\321\200\321\214/03-12-36.md"
[2026-06-25 19:13:53]  delete mode 100644 "Life/Temp/2036/\320\224\320\265\320\272\320\260\320\261\321\200\321\214/04-12-36.md"
[2026-06-25 19:13:53]  delete mode 100644 "Life/Temp/2036/\320\224\320\265\320\272\320\260\320\261\321\200\321\214/05-12-36.md"
[2026-06-25 19:13:53]  delete mode 100644 "Life/Temp/2036/\320\224\320\265\320\272\320\260\320\261\321\200\321\214/06-12-36.md"
[2026-06-25 19:13:53]  delete mode 100644 "Life/Temp/2036/\320\224\320\265\320\272\320\260\320\261\321\200\321\214/07-12-36.md"
[2026-06-25 19:13:53]  delete mode 100644 "Life/Temp/2036/\320\224\320\265\320\272\320\260\320\261\321\200\321\214/08-12-36.md"
[2026-06-25 19:13:53]  delete mode 100644 "Life/Temp/2036/\320\224\320\265\320\272\320\260\320\261\321\200\321\214/09-12-36.md"
[2026-06-25 19:13:53]  delete mode 100644 "Life/Temp/2036/\320\224\320\265\320\272\320\260\320\261\321\200\321\214/10-12-36.md"
[2026-06-25 19:13:53]  delete mode 100644 "Life/Temp/2036/\320\224\320\265\320\272\320\260\320\261\321\200\321\214/11-12-36.md"
[2026-06-25 19:13:53]  delete mode 100644 "Life/Temp/2036/\320\224\320\265\320\272\320\260\320\261\321\200\321\214/12-12-36.md"
[2026-06-25 19:13:53]  delete mode 100644 "Life/Temp/2036/\320\224\320\265\320\272\320\260\320\261\321\200\321\214/13-12-36.md"
[2026-06-25 19:13:53]  delete mode 100644 "Life/Temp/2036/\320\224\320\265\320\272\320\260\320\261\321\200\321\214/14-12-36.md"
[2026-06-25 19:13:53]  delete mode 100644 "Life/Temp/2036/\320\224\320\265\320\272\320\260\320\261\321\200\321\214/15-12-36.md"
[2026-06-25 19:13:53]  delete mode 100644 "Life/Temp/2036/\320\224\320\265\320\272\320\260\320\261\321\200\321\214/16-12-36.md"
[2026-06-25 19:13:53]  delete mode 100644 "Life/Temp/2036/\320\224\320\265\320\272\320\260\320\261\321\200\321\214/17-12-36.md"
[2026-06-25 19:13:53]  delete mode 100644 "Life/Temp/2036/\320\224\320\265\320\272\320\260\320\261\321\200\321\214/18-12-36.md"
[2026-06-25 19:13:53]  delete mode 100644 "Life/Temp/2036/\320\224\320\265\320\272\320\260\320\261\321\200\321\214/19-12-36.md"
[2026-06-25 19:13:53]  delete mode 100644 "Life/Temp/2036/\320\224\320\265\320\272\320\260\320\261\321\200\321\214/20-12-36.md"
[2026-06-25 19:13:53]  delete mode 100644 "Life/Temp/2036/\320\224\320\265\320\272\320\260\320\261\321\200\321\214/21-12-36.md"
[2026-06-25 19:13:54]  delete mode 100644 "Life/Temp/2036/\320\224\320\265\320\272\320\260\320\261\321\200\321\214/22-12-36.md"
[2026-06-25 19:13:54]  delete mode 100644 "Life/Temp/2036/\320\224\320\265\320\272\320\260\320\261\321\200\321\214/23-12-36.md"
[2026-06-25 19:13:54]  delete mode 100644 "Life/Temp/2036/\320\224\320\265\320\272\320\260\320\261\321\200\321\214/24-12-36.md"
[2026-06-25 19:13:54]  delete mode 100644 "Life/Temp/2036/\320\224\320\265\320\272\320\260\320\261\321\200\321\214/25-12-36.md"
[2026-06-25 19:13:54]  delete mode 100644 "Life/Temp/2036/\320\224\320\265\320\272\320\260\320\261\321\200\321\214/26-12-36.md"
[2026-06-25 19:13:54]  delete mode 100644 "Life/Temp/2036/\320\224\320\265\320\272\320\260\320\261\321\200\321\214/27-12-36.md"
[2026-06-25 19:13:54]  delete mode 100644 "Life/Temp/2036/\320\224\320\265\320\272\320\260\320\261\321\200\321\214/28-12-36.md"
[2026-06-25 19:13:54]  delete mode 100644 "Life/Temp/2036/\320\224\320\265\320\272\320\260\320\261\321\200\321\214/29-12-36.md"
[2026-06-25 19:13:54]  delete mode 100644 "Life/Temp/2036/\320\224\320\265\320\272\320\260\320\261\321\200\321\214/30-12-36.md"
[2026-06-25 19:13:54]  delete mode 100644 "Life/Temp/2036/\320\224\320\265\320\272\320\260\320\261\321\200\321\214/31-12-36.md"
[2026-06-25 19:13:54]  delete mode 100644 "Life/Temp/2036/\320\230\321\216\320\273\321\214/01-07-36.md"
[2026-06-25 19:13:54]  delete mode 100644 "Life/Temp/2036/\320\230\321\216\320\273\321\214/02-07-36.md"
[2026-06-25 19:13:54]  delete mode 100644 "Life/Temp/2036/\320\230\321\216\320\273\321\214/03-07-36.md"
[2026-06-25 19:13:54]  delete mode 100644 "Life/Temp/2036/\320\230\321\216\320\273\321\214/04-07-36.md"
[2026-06-25 19:13:54]  delete mode 100644 "Life/Temp/2036/\320\230\321\216\320\273\321\214/05-07-36.md"
[2026-06-25 19:13:54]  delete mode 100644 "Life/Temp/2036/\320\230\321\216\320\273\321\214/06-07-36.md"
[2026-06-25 19:13:54]  delete mode 100644 "Life/Temp/2036/\320\230\321\216\320\273\321\214/07-07-36.md"
[2026-06-25 19:13:54]  delete mode 100644 "Life/Temp/2036/\320\230\321\216\320\273\321\214/08-07-36.md"
[2026-06-25 19:13:54]  delete mode 100644 "Life/Temp/2036/\320\230\321\216\320\273\321\214/09-07-36.md"
[2026-06-25 19:13:54]  delete mode 100644 "Life/Temp/2036/\320\230\321\216\320\273\321\214/10-07-36.md"
[2026-06-25 19:13:54]  delete mode 100644 "Life/Temp/2036/\320\230\321\216\320\273\321\214/11-07-36.md"
[2026-06-25 19:13:54]  delete mode 100644 "Life/Temp/2036/\320\230\321\216\320\273\321\214/12-07-36.md"
[2026-06-25 19:13:54]  delete mode 100644 "Life/Temp/2036/\320\230\321\216\320\273\321\214/13-07-36.md"
[2026-06-25 19:13:54]  delete mode 100644 "Life/Temp/2036/\320\230\321\216\320\273\321\214/14-07-36.md"
[2026-06-25 19:13:54]  delete mode 100644 "Life/Temp/2036/\320\230\321\216\320\273\321\214/15-07-36.md"
[2026-06-25 19:13:54]  delete mode 100644 "Life/Temp/2036/\320\230\321\216\320\273\321\214/16-07-36.md"
[2026-06-25 19:13:54]  delete mode 100644 "Life/Temp/2036/\320\230\321\216\320\273\321\214/17-07-36.md"
[2026-06-25 19:13:54]  delete mode 100644 "Life/Temp/2036/\320\230\321\216\320\273\321\214/18-07-36.md"
[2026-06-25 19:13:54]  delete mode 100644 "Life/Temp/2036/\320\230\321\216\320\273\321\214/19-07-36.md"
[2026-06-25 19:13:54]  delete mode 100644 "Life/Temp/2036/\320\230\321\216\320\273\321\214/20-07-36.md"
[2026-06-25 19:13:54]  delete mode 100644 "Life/Temp/2036/\320\230\321\216\320\273\321\214/21-07-36.md"
[2026-06-25 19:13:54]  delete mode 100644 "Life/Temp/2036/\320\230\321\216\320\273\321\214/22-07-36.md"
[2026-06-25 19:13:54]  delete mode 100644 "Life/Temp/2036/\320\230\321\216\320\273\321\214/23-07-36.md"
[2026-06-25 19:13:54]  delete mode 100644 "Life/Temp/2036/\320\230\321\216\320\273\321\214/24-07-36.md"
[2026-06-25 19:13:54]  delete mode 100644 "Life/Temp/2036/\320\230\321\216\320\273\321\214/25-07-36.md"
[2026-06-25 19:13:54]  delete mode 100644 "Life/Temp/2036/\320\230\321\216\320\273\321\214/26-07-36.md"
[2026-06-25 19:13:54]  delete mode 100644 "Life/Temp/2036/\320\230\321\216\320\273\321\214/27-07-36.md"
[2026-06-25 19:13:54]  delete mode 100644 "Life/Temp/2036/\320\230\321\216\320\273\321\214/28-07-36.md"
[2026-06-25 19:13:54]  delete mode 100644 "Life/Temp/2036/\320\230\321\216\320\273\321\214/29-07-36.md"
[2026-06-25 19:13:54]  delete mode 100644 "Life/Temp/2036/\320\230\321\216\320\273\321\214/30-07-36.md"
[2026-06-25 19:13:54]  delete mode 100644 "Life/Temp/2036/\320\230\321\216\320\273\321\214/31-07-36.md"
[2026-06-25 19:13:54]  delete mode 100644 "Life/Temp/2036/\320\230\321\216\320\275\321\214/01-06-36.md"
[2026-06-25 19:13:54]  delete mode 100644 "Life/Temp/2036/\320\230\321\216\320\275\321\214/02-06-36.md"
[2026-06-25 19:13:54]  delete mode 100644 "Life/Temp/2036/\320\230\321\216\320\275\321\214/03-06-36.md"
[2026-06-25 19:13:54]  delete mode 100644 "Life/Temp/2036/\320\230\321\216\320\275\321\214/04-06-36.md"
[2026-06-25 19:13:54]  delete mode 100644 "Life/Temp/2036/\320\230\321\216\320\275\321\214/05-06-36.md"
[2026-06-25 19:13:54]  delete mode 100644 "Life/Temp/2036/\320\230\321\216\320\275\321\214/06-06-36.md"
[2026-06-25 19:13:54]  delete mode 100644 "Life/Temp/2036/\320\230\321\216\320\275\321\214/07-06-36.md"
[2026-06-25 19:13:54]  delete mode 100644 "Life/Temp/2036/\320\230\321\216\320\275\321\214/08-06-36.md"
[2026-06-25 19:13:54]  delete mode 100644 "Life/Temp/2036/\320\230\321\216\320\275\321\214/09-06-36.md"
[2026-06-25 19:13:54]  delete mode 100644 "Life/Temp/2036/\320\230\321\216\320\275\321\214/10-06-36.md"
[2026-06-25 19:13:54]  delete mode 100644 "Life/Temp/2036/\320\230\321\216\320\275\321\214/11-06-36.md"
[2026-06-25 19:13:54]  delete mode 100644 "Life/Temp/2036/\320\230\321\216\320\275\321\214/12-06-36.md"
[2026-06-25 19:13:54]  delete mode 100644 "Life/Temp/2036/\320\230\321\216\320\275\321\214/13-06-36.md"
[2026-06-25 19:13:54]  delete mode 100644 "Life/Temp/2036/\320\230\321\216\320\275\321\214/14-06-36.md"
[2026-06-25 19:13:54]  delete mode 100644 "Life/Temp/2036/\320\230\321\216\320\275\321\214/15-06-36.md"
[2026-06-25 19:13:54]  delete mode 100644 "Life/Temp/2036/\320\230\321\216\320\275\321\214/16-06-36.md"
[2026-06-25 19:13:54]  delete mode 100644 "Life/Temp/2036/\320\230\321\216\320\275\321\214/17-06-36.md"
[2026-06-25 19:13:54]  delete mode 100644 "Life/Temp/2036/\320\230\321\216\320\275\321\214/18-06-36.md"
[2026-06-25 19:13:54]  delete mode 100644 "Life/Temp/2036/\320\230\321\216\320\275\321\214/19-06-36.md"
[2026-06-25 19:13:54]  delete mode 100644 "Life/Temp/2036/\320\230\321\216\320\275\321\214/20-06-36.md"
[2026-06-25 19:13:54]  delete mode 100644 "Life/Temp/2036/\320\230\321\216\320\275\321\214/21-06-36.md"
[2026-06-25 19:13:54]  delete mode 100644 "Life/Temp/2036/\320\230\321\216\320\275\321\214/22-06-36.md"
[2026-06-25 19:13:54]  delete mode 100644 "Life/Temp/2036/\320\230\321\216\320\275\321\214/23-06-36.md"
[2026-06-25 19:13:54]  delete mode 100644 "Life/Temp/2036/\320\230\321\216\320\275\321\214/24-06-36.md"
[2026-06-25 19:13:54]  delete mode 100644 "Life/Temp/2036/\320\230\321\216\320\275\321\214/25-06-36.md"
[2026-06-25 19:13:54]  delete mode 100644 "Life/Temp/2036/\320\230\321\216\320\275\321\214/26-06-36.md"
[2026-06-25 19:13:54]  delete mode 100644 "Life/Temp/2036/\320\230\321\216\320\275\321\214/27-06-36.md"
[2026-06-25 19:13:54]  delete mode 100644 "Life/Temp/2036/\320\230\321\216\320\275\321\214/28-06-36.md"
[2026-06-25 19:13:54]  delete mode 100644 "Life/Temp/2036/\320\230\321\216\320\275\321\214/29-06-36.md"
[2026-06-25 19:13:54]  delete mode 100644 "Life/Temp/2036/\320\230\321\216\320\275\321\214/30-06-36.md"
[2026-06-25 19:13:54]  delete mode 100644 "Life/Temp/2036/\320\234\320\260\320\271/01-05-36.md"
[2026-06-25 19:13:54]  delete mode 100644 "Life/Temp/2036/\320\234\320\260\320\271/02-05-36.md"
[2026-06-25 19:13:54]  delete mode 100644 "Life/Temp/2036/\320\234\320\260\320\271/03-05-36.md"
[2026-06-25 19:13:54]  delete mode 100644 "Life/Temp/2036/\320\234\320\260\320\271/04-05-36.md"
[2026-06-25 19:13:54]  delete mode 100644 "Life/Temp/2036/\320\234\320\260\320\271/05-05-36.md"
[2026-06-25 19:13:54]  delete mode 100644 "Life/Temp/2036/\320\234\320\260\320\271/06-05-36.md"
[2026-06-25 19:13:54]  delete mode 100644 "Life/Temp/2036/\320\234\320\260\320\271/07-05-36.md"
[2026-06-25 19:13:54]  delete mode 100644 "Life/Temp/2036/\320\234\320\260\320\271/08-05-36.md"
[2026-06-25 19:13:54]  delete mode 100644 "Life/Temp/2036/\320\234\320\260\320\271/09-05-36.md"
[2026-06-25 19:13:54]  delete mode 100644 "Life/Temp/2036/\320\234\320\260\320\271/10-05-36.md"
[2026-06-25 19:13:54]  delete mode 100644 "Life/Temp/2036/\320\234\320\260\320\271/11-05-36.md"
[2026-06-25 19:13:54]  delete mode 100644 "Life/Temp/2036/\320\234\320\260\320\271/12-05-36.md"
[2026-06-25 19:13:54]  delete mode 100644 "Life/Temp/2036/\320\234\320\260\320\271/13-05-36.md"
[2026-06-25 19:13:54]  delete mode 100644 "Life/Temp/2036/\320\234\320\260\320\271/14-05-36.md"
[2026-06-25 19:13:54]  delete mode 100644 "Life/Temp/2036/\320\234\320\260\320\271/15-05-36.md"
[2026-06-25 19:13:54]  delete mode 100644 "Life/Temp/2036/\320\234\320\260\320\271/16-05-36.md"
[2026-06-25 19:13:54]  delete mode 100644 "Life/Temp/2036/\320\234\320\260\320\271/17-05-36.md"
[2026-06-25 19:13:54]  delete mode 100644 "Life/Temp/2036/\320\234\320\260\320\271/18-05-36.md"
[2026-06-25 19:13:54]  delete mode 100644 "Life/Temp/2036/\320\234\320\260\320\271/19-05-36.md"
[2026-06-25 19:13:54]  delete mode 100644 "Life/Temp/2036/\320\234\320\260\320\271/20-05-36.md"
[2026-06-25 19:13:54]  delete mode 100644 "Life/Temp/2036/\320\234\320\260\320\271/21-05-36.md"
[2026-06-25 19:13:54]  delete mode 100644 "Life/Temp/2036/\320\234\320\260\320\271/22-05-36.md"
[2026-06-25 19:13:54]  delete mode 100644 "Life/Temp/2036/\320\234\320\260\320\271/23-05-36.md"
[2026-06-25 19:13:54]  delete mode 100644 "Life/Temp/2036/\320\234\320\260\320\271/24-05-36.md"
[2026-06-25 19:13:54]  delete mode 100644 "Life/Temp/2036/\320\234\320\260\320\271/25-05-36.md"
[2026-06-25 19:13:54]  delete mode 100644 "Life/Temp/2036/\320\234\320\260\320\271/26-05-36.md"
[2026-06-25 19:13:54]  delete mode 100644 "Life/Temp/2036/\320\234\320\260\320\271/27-05-36.md"
[2026-06-25 19:13:54]  delete mode 100644 "Life/Temp/2036/\320\234\320\260\320\271/28-05-36.md"
[2026-06-25 19:13:54]  delete mode 100644 "Life/Temp/2036/\320\234\320\260\320\271/29-05-36.md"
[2026-06-25 19:13:54]  delete mode 100644 "Life/Temp/2036/\320\234\320\260\320\271/30-05-36.md"
[2026-06-25 19:13:54]  delete mode 100644 "Life/Temp/2036/\320\234\320\260\320\271/31-05-36.md"
[2026-06-25 19:13:54]  delete mode 100644 "Life/Temp/2036/\320\234\320\260\321\200\321\202/01-03-36.md"
[2026-06-25 19:13:54]  delete mode 100644 "Life/Temp/2036/\320\234\320\260\321\200\321\202/02-03-36.md"
[2026-06-25 19:13:54]  delete mode 100644 "Life/Temp/2036/\320\234\320\260\321\200\321\202/03-03-36.md"
[2026-06-25 19:13:54]  delete mode 100644 "Life/Temp/2036/\320\234\320\260\321\200\321\202/04-03-36.md"
[2026-06-25 19:13:54]  delete mode 100644 "Life/Temp/2036/\320\234\320\260\321\200\321\202/05-03-36.md"
[2026-06-25 19:13:54]  delete mode 100644 "Life/Temp/2036/\320\234\320\260\321\200\321\202/06-03-36.md"
[2026-06-25 19:13:54]  delete mode 100644 "Life/Temp/2036/\320\234\320\260\321\200\321\202/07-03-36.md"
[2026-06-25 19:13:54]  delete mode 100644 "Life/Temp/2036/\320\234\320\260\321\200\321\202/08-03-36.md"
[2026-06-25 19:13:54]  delete mode 100644 "Life/Temp/2036/\320\234\320\260\321\200\321\202/09-03-36.md"
[2026-06-25 19:13:54]  delete mode 100644 "Life/Temp/2036/\320\234\320\260\321\200\321\202/10-03-36.md"
[2026-06-25 19:13:54]  delete mode 100644 "Life/Temp/2036/\320\234\320\260\321\200\321\202/11-03-36.md"
[2026-06-25 19:13:54]  delete mode 100644 "Life/Temp/2036/\320\234\320\260\321\200\321\202/12-03-36.md"
[2026-06-25 19:13:54]  delete mode 100644 "Life/Temp/2036/\320\234\320\260\321\200\321\202/13-03-36.md"
[2026-06-25 19:13:54]  delete mode 100644 "Life/Temp/2036/\320\234\320\260\321\200\321\202/14-03-36.md"
[2026-06-25 19:13:54]  delete mode 100644 "Life/Temp/2036/\320\234\320\260\321\200\321\202/15-03-36.md"
[2026-06-25 19:13:54]  delete mode 100644 "Life/Temp/2036/\320\234\320\260\321\200\321\202/16-03-36.md"
[2026-06-25 19:13:54]  delete mode 100644 "Life/Temp/2036/\320\234\320\260\321\200\321\202/17-03-36.md"
[2026-06-25 19:13:54]  delete mode 100644 "Life/Temp/2036/\320\234\320\260\321\200\321\202/18-03-36.md"
[2026-06-25 19:13:54]  delete mode 100644 "Life/Temp/2036/\320\234\320\260\321\200\321\202/19-03-36.md"
[2026-06-25 19:13:54]  delete mode 100644 "Life/Temp/2036/\320\234\320\260\321\200\321\202/20-03-36.md"
[2026-06-25 19:13:54]  delete mode 100644 "Life/Temp/2036/\320\234\320\260\321\200\321\202/21-03-36.md"
[2026-06-25 19:13:54]  delete mode 100644 "Life/Temp/2036/\320\234\320\260\321\200\321\202/22-03-36.md"
[2026-06-25 19:13:54]  delete mode 100644 "Life/Temp/2036/\320\234\320\260\321\200\321\202/23-03-36.md"
[2026-06-25 19:13:54]  delete mode 100644 "Life/Temp/2036/\320\234\320\260\321\200\321\202/24-03-36.md"
[2026-06-25 19:13:54]  delete mode 100644 "Life/Temp/2036/\320\234\320\260\321\200\321\202/25-03-36.md"
[2026-06-25 19:13:54]  delete mode 100644 "Life/Temp/2036/\320\234\320\260\321\200\321\202/26-03-36.md"
[2026-06-25 19:13:54]  delete mode 100644 "Life/Temp/2036/\320\234\320\260\321\200\321\202/27-03-36.md"
[2026-06-25 19:13:54]  delete mode 100644 "Life/Temp/2036/\320\234\320\260\321\200\321\202/28-03-36.md"
[2026-06-25 19:13:54]  delete mode 100644 "Life/Temp/2036/\320\234\320\260\321\200\321\202/29-03-36.md"
[2026-06-25 19:13:54]  delete mode 100644 "Life/Temp/2036/\320\234\320\260\321\200\321\202/30-03-36.md"
[2026-06-25 19:13:54]  delete mode 100644 "Life/Temp/2036/\320\234\320\260\321\200\321\202/31-03-36.md"
[2026-06-25 19:13:54]  delete mode 100644 "Life/Temp/2036/\320\235\320\276\321\217\320\261\321\200\321\214/01-11-36.md"
[2026-06-25 19:13:54]  delete mode 100644 "Life/Temp/2036/\320\235\320\276\321\217\320\261\321\200\321\214/02-11-36.md"
[2026-06-25 19:13:54]  delete mode 100644 "Life/Temp/2036/\320\235\320\276\321\217\320\261\321\200\321\214/03-11-36.md"
[2026-06-25 19:13:54]  delete mode 100644 "Life/Temp/2036/\320\235\320\276\321\217\320\261\321\200\321\214/04-11-36.md"
[2026-06-25 19:13:54]  delete mode 100644 "Life/Temp/2036/\320\235\320\276\321\217\320\261\321\200\321\214/05-11-36.md"
[2026-06-25 19:13:54]  delete mode 100644 "Life/Temp/2036/\320\235\320\276\321\217\320\261\321\200\321\214/06-11-36.md"
[2026-06-25 19:13:54]  delete mode 100644 "Life/Temp/2036/\320\235\320\276\321\217\320\261\321\200\321\214/07-11-36.md"
[2026-06-25 19:13:54]  delete mode 100644 "Life/Temp/2036/\320\235\320\276\321\217\320\261\321\200\321\214/08-11-36.md"
[2026-06-25 19:13:54]  delete mode 100644 "Life/Temp/2036/\320\235\320\276\321\217\320\261\321\200\321\214/09-11-36.md"
[2026-06-25 19:13:54]  delete mode 100644 "Life/Temp/2036/\320\235\320\276\321\217\320\261\321\200\321\214/10-11-36.md"
[2026-06-25 19:13:54]  delete mode 100644 "Life/Temp/2036/\320\235\320\276\321\217\320\261\321\200\321\214/11-11-36.md"
[2026-06-25 19:13:54]  delete mode 100644 "Life/Temp/2036/\320\235\320\276\321\217\320\261\321\200\321\214/12-11-36.md"
[2026-06-25 19:13:54]  delete mode 100644 "Life/Temp/2036/\320\235\320\276\321\217\320\261\321\200\321\214/13-11-36.md"
[2026-06-25 19:13:54]  delete mode 100644 "Life/Temp/2036/\320\235\320\276\321\217\320\261\321\200\321\214/14-11-36.md"
[2026-06-25 19:13:54]  delete mode 100644 "Life/Temp/2036/\320\235\320\276\321\217\320\261\321\200\321\214/15-11-36.md"
[2026-06-25 19:13:54]  delete mode 100644 "Life/Temp/2036/\320\235\320\276\321\217\320\261\321\200\321\214/16-11-36.md"
[2026-06-25 19:13:54]  delete mode 100644 "Life/Temp/2036/\320\235\320\276\321\217\320\261\321\200\321\214/17-11-36.md"
[2026-06-25 19:13:54]  delete mode 100644 "Life/Temp/2036/\320\235\320\276\321\217\320\261\321\200\321\214/18-11-36.md"
[2026-06-25 19:13:54]  delete mode 100644 "Life/Temp/2036/\320\235\320\276\321\217\320\261\321\200\321\214/19-11-36.md"
[2026-06-25 19:13:54]  delete mode 100644 "Life/Temp/2036/\320\235\320\276\321\217\320\261\321\200\321\214/20-11-36.md"
[2026-06-25 19:13:54]  delete mode 100644 "Life/Temp/2036/\320\235\320\276\321\217\320\261\321\200\321\214/21-11-36.md"
[2026-06-25 19:13:54]  delete mode 100644 "Life/Temp/2036/\320\235\320\276\321\217\320\261\321\200\321\214/22-11-36.md"
[2026-06-25 19:13:54]  delete mode 100644 "Life/Temp/2036/\320\235\320\276\321\217\320\261\321\200\321\214/23-11-36.md"
[2026-06-25 19:13:54]  delete mode 100644 "Life/Temp/2036/\320\235\320\276\321\217\320\261\321\200\321\214/24-11-36.md"
[2026-06-25 19:13:54]  delete mode 100644 "Life/Temp/2036/\320\235\320\276\321\217\320\261\321\200\321\214/25-11-36.md"
[2026-06-25 19:13:54]  delete mode 100644 "Life/Temp/2036/\320\235\320\276\321\217\320\261\321\200\321\214/26-11-36.md"
[2026-06-25 19:13:54]  delete mode 100644 "Life/Temp/2036/\320\235\320\276\321\217\320\261\321\200\321\214/27-11-36.md"
[2026-06-25 19:13:54]  delete mode 100644 "Life/Temp/2036/\320\235\320\276\321\217\320\261\321\200\321\214/28-11-36.md"
[2026-06-25 19:13:54]  delete mode 100644 "Life/Temp/2036/\320\235\320\276\321\217\320\261\321\200\321\214/29-11-36.md"
[2026-06-25 19:13:54]  delete mode 100644 "Life/Temp/2036/\320\235\320\276\321\217\320\261\321\200\321\214/30-11-36.md"
[2026-06-25 19:13:54]  delete mode 100644 "Life/Temp/2036/\320\236\320\272\321\202\321\217\320\261\321\200\321\214/01-10-36.md"
[2026-06-25 19:13:54]  delete mode 100644 "Life/Temp/2036/\320\236\320\272\321\202\321\217\320\261\321\200\321\214/02-10-36.md"
[2026-06-25 19:13:54]  delete mode 100644 "Life/Temp/2036/\320\236\320\272\321\202\321\217\320\261\321\200\321\214/03-10-36.md"
[2026-06-25 19:13:54]  delete mode 100644 "Life/Temp/2036/\320\236\320\272\321\202\321\217\320\261\321\200\321\214/04-10-36.md"
[2026-06-25 19:13:54]  delete mode 100644 "Life/Temp/2036/\320\236\320\272\321\202\321\217\320\261\321\200\321\214/05-10-36.md"
[2026-06-25 19:13:54]  delete mode 100644 "Life/Temp/2036/\320\236\320\272\321\202\321\217\320\261\321\200\321\214/06-10-36.md"
[2026-06-25 19:13:54]  delete mode 100644 "Life/Temp/2036/\320\236\320\272\321\202\321\217\320\261\321\200\321\214/07-10-36.md"
[2026-06-25 19:13:54]  delete mode 100644 "Life/Temp/2036/\320\236\320\272\321\202\321\217\320\261\321\200\321\214/08-10-36.md"
[2026-06-25 19:13:54]  delete mode 100644 "Life/Temp/2036/\320\236\320\272\321\202\321\217\320\261\321\200\321\214/09-10-36.md"
[2026-06-25 19:13:54]  delete mode 100644 "Life/Temp/2036/\320\236\320\272\321\202\321\217\320\261\321\200\321\214/10-10-36.md"
[2026-06-25 19:13:54]  delete mode 100644 "Life/Temp/2036/\320\236\320\272\321\202\321\217\320\261\321\200\321\214/11-10-36.md"
[2026-06-25 19:13:54]  delete mode 100644 "Life/Temp/2036/\320\236\320\272\321\202\321\217\320\261\321\200\321\214/12-10-36.md"
[2026-06-25 19:13:54]  delete mode 100644 "Life/Temp/2036/\320\236\320\272\321\202\321\217\320\261\321\200\321\214/13-10-36.md"
[2026-06-25 19:13:54]  delete mode 100644 "Life/Temp/2036/\320\236\320\272\321\202\321\217\320\261\321\200\321\214/14-10-36.md"
[2026-06-25 19:13:54]  delete mode 100644 "Life/Temp/2036/\320\236\320\272\321\202\321\217\320\261\321\200\321\214/15-10-36.md"
[2026-06-25 19:13:54]  delete mode 100644 "Life/Temp/2036/\320\236\320\272\321\202\321\217\320\261\321\200\321\214/16-10-36.md"
[2026-06-25 19:13:54]  delete mode 100644 "Life/Temp/2036/\320\236\320\272\321\202\321\217\320\261\321\200\321\214/17-10-36.md"
[2026-06-25 19:13:54]  delete mode 100644 "Life/Temp/2036/\320\236\320\272\321\202\321\217\320\261\321\200\321\214/18-10-36.md"
[2026-06-25 19:13:54]  delete mode 100644 "Life/Temp/2036/\320\236\320\272\321\202\321\217\320\261\321\200\321\214/19-10-36.md"
[2026-06-25 19:13:54]  delete mode 100644 "Life/Temp/2036/\320\236\320\272\321\202\321\217\320\261\321\200\321\214/20-10-36.md"
[2026-06-25 19:13:54]  delete mode 100644 "Life/Temp/2036/\320\236\320\272\321\202\321\217\320\261\321\200\321\214/21-10-36.md"
[2026-06-25 19:13:54]  delete mode 100644 "Life/Temp/2036/\320\236\320\272\321\202\321\217\320\261\321\200\321\214/22-10-36.md"
[2026-06-25 19:13:54]  delete mode 100644 "Life/Temp/2036/\320\236\320\272\321\202\321\217\320\261\321\200\321\214/23-10-36.md"
[2026-06-25 19:13:54]  delete mode 100644 "Life/Temp/2036/\320\236\320\272\321\202\321\217\320\261\321\200\321\214/24-10-36.md"
[2026-06-25 19:13:54]  delete mode 100644 "Life/Temp/2036/\320\236\320\272\321\202\321\217\320\261\321\200\321\214/25-10-36.md"
[2026-06-25 19:13:54]  delete mode 100644 "Life/Temp/2036/\320\236\320\272\321\202\321\217\320\261\321\200\321\214/26-10-36.md"
[2026-06-25 19:13:54]  delete mode 100644 "Life/Temp/2036/\320\236\320\272\321\202\321\217\320\261\321\200\321\214/27-10-36.md"
[2026-06-25 19:13:54]  delete mode 100644 "Life/Temp/2036/\320\236\320\272\321\202\321\217\320\261\321\200\321\214/28-10-36.md"
[2026-06-25 19:13:54]  delete mode 100644 "Life/Temp/2036/\320\236\320\272\321\202\321\217\320\261\321\200\321\214/29-10-36.md"
[2026-06-25 19:13:54]  delete mode 100644 "Life/Temp/2036/\320\236\320\272\321\202\321\217\320\261\321\200\321\214/30-10-36.md"
[2026-06-25 19:13:54]  delete mode 100644 "Life/Temp/2036/\320\236\320\272\321\202\321\217\320\261\321\200\321\214/31-10-36.md"
[2026-06-25 19:13:54]  delete mode 100644 "Life/Temp/2036/\320\241\320\265\320\275\321\202\321\217\320\261\321\200\321\214/01-09-36.md"
[2026-06-25 19:13:54]  delete mode 100644 "Life/Temp/2036/\320\241\320\265\320\275\321\202\321\217\320\261\321\200\321\214/02-09-36.md"
[2026-06-25 19:13:54]  delete mode 100644 "Life/Temp/2036/\320\241\320\265\320\275\321\202\321\217\320\261\321\200\321\214/03-09-36.md"
[2026-06-25 19:13:54]  delete mode 100644 "Life/Temp/2036/\320\241\320\265\320\275\321\202\321\217\320\261\321\200\321\214/04-09-36.md"
[2026-06-25 19:13:54]  delete mode 100644 "Life/Temp/2036/\320\241\320\265\320\275\321\202\321\217\320\261\321\200\321\214/05-09-36.md"
[2026-06-25 19:13:54]  delete mode 100644 "Life/Temp/2036/\320\241\320\265\320\275\321\202\321\217\320\261\321\200\321\214/06-09-36.md"
[2026-06-25 19:13:54]  delete mode 100644 "Life/Temp/2036/\320\241\320\265\320\275\321\202\321\217\320\261\321\200\321\214/07-09-36.md"
[2026-06-25 19:13:54]  delete mode 100644 "Life/Temp/2036/\320\241\320\265\320\275\321\202\321\217\320\261\321\200\321\214/08-09-36.md"
[2026-06-25 19:13:54]  delete mode 100644 "Life/Temp/2036/\320\241\320\265\320\275\321\202\321\217\320\261\321\200\321\214/09-09-36.md"
[2026-06-25 19:13:54]  delete mode 100644 "Life/Temp/2036/\320\241\320\265\320\275\321\202\321\217\320\261\321\200\321\214/10-09-36.md"
[2026-06-25 19:13:54]  delete mode 100644 "Life/Temp/2036/\320\241\320\265\320\275\321\202\321\217\320\261\321\200\321\214/11-09-36.md"
[2026-06-25 19:13:54]  delete mode 100644 "Life/Temp/2036/\320\241\320\265\320\275\321\202\321\217\320\261\321\200\321\214/12-09-36.md"
[2026-06-25 19:13:54]  delete mode 100644 "Life/Temp/2036/\320\241\320\265\320\275\321\202\321\217\320\261\321\200\321\214/13-09-36.md"
[2026-06-25 19:13:54]  delete mode 100644 "Life/Temp/2036/\320\241\320\265\320\275\321\202\321\217\320\261\321\200\321\214/14-09-36.md"
[2026-06-25 19:13:54]  delete mode 100644 "Life/Temp/2036/\320\241\320\265\320\275\321\202\321\217\320\261\321\200\321\214/15-09-36.md"
[2026-06-25 19:13:54]  delete mode 100644 "Life/Temp/2036/\320\241\320\265\320\275\321\202\321\217\320\261\321\200\321\214/16-09-36.md"
[2026-06-25 19:13:54]  delete mode 100644 "Life/Temp/2036/\320\241\320\265\320\275\321\202\321\217\320\261\321\200\321\214/17-09-36.md"
[2026-06-25 19:13:54]  delete mode 100644 "Life/Temp/2036/\320\241\320\265\320\275\321\202\321\217\320\261\321\200\321\214/18-09-36.md"
[2026-06-25 19:13:54]  delete mode 100644 "Life/Temp/2036/\320\241\320\265\320\275\321\202\321\217\320\261\321\200\321\214/19-09-36.md"
[2026-06-25 19:13:54]  delete mode 100644 "Life/Temp/2036/\320\241\320\265\320\275\321\202\321\217\320\261\321\200\321\214/20-09-36.md"
[2026-06-25 19:13:54]  delete mode 100644 "Life/Temp/2036/\320\241\320\265\320\275\321\202\321\217\320\261\321\200\321\214/21-09-36.md"
[2026-06-25 19:13:54]  delete mode 100644 "Life/Temp/2036/\320\241\320\265\320\275\321\202\321\217\320\261\321\200\321\214/22-09-36.md"
[2026-06-25 19:13:54]  delete mode 100644 "Life/Temp/2036/\320\241\320\265\320\275\321\202\321\217\320\261\321\200\321\214/23-09-36.md"
[2026-06-25 19:13:54]  delete mode 100644 "Life/Temp/2036/\320\241\320\265\320\275\321\202\321\217\320\261\321\200\321\214/24-09-36.md"
[2026-06-25 19:13:54]  delete mode 100644 "Life/Temp/2036/\320\241\320\265\320\275\321\202\321\217\320\261\321\200\321\214/25-09-36.md"
[2026-06-25 19:13:54]  delete mode 100644 "Life/Temp/2036/\320\241\320\265\320\275\321\202\321\217\320\261\321\200\321\214/26-09-36.md"
[2026-06-25 19:13:54]  delete mode 100644 "Life/Temp/2036/\320\241\320\265\320\275\321\202\321\217\320\261\321\200\321\214/27-09-36.md"
[2026-06-25 19:13:54]  delete mode 100644 "Life/Temp/2036/\320\241\320\265\320\275\321\202\321\217\320\261\321\200\321\214/28-09-36.md"
[2026-06-25 19:13:54]  delete mode 100644 "Life/Temp/2036/\320\241\320\265\320\275\321\202\321\217\320\261\321\200\321\214/29-09-36.md"
[2026-06-25 19:13:54]  delete mode 100644 "Life/Temp/2036/\320\241\320\265\320\275\321\202\321\217\320\261\321\200\321\214/30-09-36.md"
[2026-06-25 19:13:54]  delete mode 100644 "Life/Temp/2036/\320\244\320\265\320\262\321\200\320\260\320\273\321\214/01-02-36.md"
[2026-06-25 19:13:54]  delete mode 100644 "Life/Temp/2036/\320\244\320\265\320\262\321\200\320\260\320\273\321\214/02-02-36.md"
[2026-06-25 19:13:54]  delete mode 100644 "Life/Temp/2036/\320\244\320\265\320\262\321\200\320\260\320\273\321\214/03-02-36.md"
[2026-06-25 19:13:54]  delete mode 100644 "Life/Temp/2036/\320\244\320\265\320\262\321\200\320\260\320\273\321\214/04-02-36.md"
[2026-06-25 19:13:54]  delete mode 100644 "Life/Temp/2036/\320\244\320\265\320\262\321\200\320\260\320\273\321\214/05-02-36.md"
[2026-06-25 19:13:54]  delete mode 100644 "Life/Temp/2036/\320\244\320\265\320\262\321\200\320\260\320\273\321\214/06-02-36.md"
[2026-06-25 19:13:54]  delete mode 100644 "Life/Temp/2036/\320\244\320\265\320\262\321\200\320\260\320\273\321\214/07-02-36.md"
[2026-06-25 19:13:54]  delete mode 100644 "Life/Temp/2036/\320\244\320\265\320\262\321\200\320\260\320\273\321\214/08-02-36.md"
[2026-06-25 19:13:54]  delete mode 100644 "Life/Temp/2036/\320\244\320\265\320\262\321\200\320\260\320\273\321\214/09-02-36.md"
[2026-06-25 19:13:54]  delete mode 100644 "Life/Temp/2036/\320\244\320\265\320\262\321\200\320\260\320\273\321\214/10-02-36.md"
[2026-06-25 19:13:54]  delete mode 100644 "Life/Temp/2036/\320\244\320\265\320\262\321\200\320\260\320\273\321\214/11-02-36.md"
[2026-06-25 19:13:54]  delete mode 100644 "Life/Temp/2036/\320\244\320\265\320\262\321\200\320\260\320\273\321\214/12-02-36.md"
[2026-06-25 19:13:54]  delete mode 100644 "Life/Temp/2036/\320\244\320\265\320\262\321\200\320\260\320\273\321\214/13-02-36.md"
[2026-06-25 19:13:54]  delete mode 100644 "Life/Temp/2036/\320\244\320\265\320\262\321\200\320\260\320\273\321\214/14-02-36.md"
[2026-06-25 19:13:54]  delete mode 100644 "Life/Temp/2036/\320\244\320\265\320\262\321\200\320\260\320\273\321\214/15-02-36.md"
[2026-06-25 19:13:54]  delete mode 100644 "Life/Temp/2036/\320\244\320\265\320\262\321\200\320\260\320\273\321\214/16-02-36.md"
[2026-06-25 19:13:54]  delete mode 100644 "Life/Temp/2036/\320\244\320\265\320\262\321\200\320\260\320\273\321\214/17-02-36.md"
[2026-06-25 19:13:54]  delete mode 100644 "Life/Temp/2036/\320\244\320\265\320\262\321\200\320\260\320\273\321\214/18-02-36.md"
[2026-06-25 19:13:54]  delete mode 100644 "Life/Temp/2036/\320\244\320\265\320\262\321\200\320\260\320\273\321\214/19-02-36.md"
[2026-06-25 19:13:54]  delete mode 100644 "Life/Temp/2036/\320\244\320\265\320\262\321\200\320\260\320\273\321\214/20-02-36.md"
[2026-06-25 19:13:54]  delete mode 100644 "Life/Temp/2036/\320\244\320\265\320\262\321\200\320\260\320\273\321\214/21-02-36.md"
[2026-06-25 19:13:54]  delete mode 100644 "Life/Temp/2036/\320\244\320\265\320\262\321\200\320\260\320\273\321\214/22-02-36.md"
[2026-06-25 19:13:54]  delete mode 100644 "Life/Temp/2036/\320\244\320\265\320\262\321\200\320\260\320\273\321\214/23-02-36.md"
[2026-06-25 19:13:54]  delete mode 100644 "Life/Temp/2036/\320\244\320\265\320\262\321\200\320\260\320\273\321\214/24-02-36.md"
[2026-06-25 19:13:54]  delete mode 100644 "Life/Temp/2036/\320\244\320\265\320\262\321\200\320\260\320\273\321\214/25-02-36.md"
[2026-06-25 19:13:54]  delete mode 100644 "Life/Temp/2036/\320\244\320\265\320\262\321\200\320\260\320\273\321\214/26-02-36.md"
[2026-06-25 19:13:54]  delete mode 100644 "Life/Temp/2036/\320\244\320\265\320\262\321\200\320\260\320\273\321\214/27-02-36.md"
[2026-06-25 19:13:54]  delete mode 100644 "Life/Temp/2036/\320\244\320\265\320\262\321\200\320\260\320\273\321\214/28-02-36.md"
[2026-06-25 19:13:54]  delete mode 100644 "Life/Temp/2036/\320\244\320\265\320\262\321\200\320\260\320\273\321\214/29-02-36.md"
[2026-06-25 19:13:54]  delete mode 100644 "Life/Temp/2036/\320\257\320\275\320\262\320\260\321\200\321\214/01-01-36.md"
[2026-06-25 19:13:54]  delete mode 100644 "Life/Temp/2036/\320\257\320\275\320\262\320\260\321\200\321\214/02-01-36.md"
[2026-06-25 19:13:54]  delete mode 100644 "Life/Temp/2036/\320\257\320\275\320\262\320\260\321\200\321\214/03-01-36.md"
[2026-06-25 19:13:54]  delete mode 100644 "Life/Temp/2036/\320\257\320\275\320\262\320\260\321\200\321\214/04-01-36.md"
[2026-06-25 19:13:54]  delete mode 100644 "Life/Temp/2036/\320\257\320\275\320\262\320\260\321\200\321\214/05-01-36.md"
[2026-06-25 19:13:54]  delete mode 100644 "Life/Temp/2036/\320\257\320\275\320\262\320\260\321\200\321\214/06-01-36.md"
[2026-06-25 19:13:54]  delete mode 100644 "Life/Temp/2036/\320\257\320\275\320\262\320\260\321\200\321\214/07-01-36.md"
[2026-06-25 19:13:54]  delete mode 100644 "Life/Temp/2036/\320\257\320\275\320\262\320\260\321\200\321\214/08-01-36.md"
[2026-06-25 19:13:54]  delete mode 100644 "Life/Temp/2036/\320\257\320\275\320\262\320\260\321\200\321\214/09-01-36.md"
[2026-06-25 19:13:54]  delete mode 100644 "Life/Temp/2036/\320\257\320\275\320\262\320\260\321\200\321\214/10-01-36.md"
[2026-06-25 19:13:54]  delete mode 100644 "Life/Temp/2036/\320\257\320\275\320\262\320\260\321\200\321\214/11-01-36.md"
[2026-06-25 19:13:54]  delete mode 100644 "Life/Temp/2036/\320\257\320\275\320\262\320\260\321\200\321\214/12-01-36.md"
[2026-06-25 19:13:54]  delete mode 100644 "Life/Temp/2036/\320\257\320\275\320\262\320\260\321\200\321\214/13-01-36.md"
[2026-06-25 19:13:54]  delete mode 100644 "Life/Temp/2036/\320\257\320\275\320\262\320\260\321\200\321\214/14-01-36.md"
[2026-06-25 19:13:54]  delete mode 100644 "Life/Temp/2036/\320\257\320\275\320\262\320\260\321\200\321\214/15-01-36.md"
[2026-06-25 19:13:54]  delete mode 100644 "Life/Temp/2036/\320\257\320\275\320\262\320\260\321\200\321\214/16-01-36.md"
[2026-06-25 19:13:54]  delete mode 100644 "Life/Temp/2036/\320\257\320\275\320\262\320\260\321\200\321\214/17-01-36.md"
[2026-06-25 19:13:54]  delete mode 100644 "Life/Temp/2036/\320\257\320\275\320\262\320\260\321\200\321\214/18-01-36.md"
[2026-06-25 19:13:54]  delete mode 100644 "Life/Temp/2036/\320\257\320\275\320\262\320\260\321\200\321\214/19-01-36.md"
[2026-06-25 19:13:54]  delete mode 100644 "Life/Temp/2036/\320\257\320\275\320\262\320\260\321\200\321\214/20-01-36.md"
[2026-06-25 19:13:54]  delete mode 100644 "Life/Temp/2036/\320\257\320\275\320\262\320\260\321\200\321\214/21-01-36.md"
[2026-06-25 19:13:54]  delete mode 100644 "Life/Temp/2036/\320\257\320\275\320\262\320\260\321\200\321\214/22-01-36.md"
[2026-06-25 19:13:54]  delete mode 100644 "Life/Temp/2036/\320\257\320\275\320\262\320\260\321\200\321\214/23-01-36.md"
[2026-06-25 19:13:54]  delete mode 100644 "Life/Temp/2036/\320\257\320\275\320\262\320\260\321\200\321\214/24-01-36.md"
[2026-06-25 19:13:54]  delete mode 100644 "Life/Temp/2036/\320\257\320\275\320\262\320\260\321\200\321\214/25-01-36.md"
[2026-06-25 19:13:54]  delete mode 100644 "Life/Temp/2036/\320\257\320\275\320\262\320\260\321\200\321\214/26-01-36.md"
[2026-06-25 19:13:54]  delete mode 100644 "Life/Temp/2036/\320\257\320\275\320\262\320\260\321\200\321\214/27-01-36.md"
[2026-06-25 19:13:54]  delete mode 100644 "Life/Temp/2036/\320\257\320\275\320\262\320\260\321\200\321\214/28-01-36.md"
[2026-06-25 19:13:54]  delete mode 100644 "Life/Temp/2036/\320\257\320\275\320\262\320\260\321\200\321\214/29-01-36.md"
[2026-06-25 19:13:54]  delete mode 100644 "Life/Temp/2036/\320\257\320\275\320\262\320\260\321\200\321\214/30-01-36.md"
[2026-06-25 19:13:54]  delete mode 100644 "Life/Temp/2036/\320\257\320\275\320\262\320\260\321\200\321\214/31-01-36.md"
[2026-06-25 19:13:54]  delete mode 100644 "Life/Temp/2037/\320\220\320\262\320\263\321\203\321\201\321\202/01-08-37.md"
[2026-06-25 19:13:54]  delete mode 100644 "Life/Temp/2037/\320\220\320\262\320\263\321\203\321\201\321\202/02-08-37.md"
[2026-06-25 19:13:54]  delete mode 100644 "Life/Temp/2037/\320\220\320\262\320\263\321\203\321\201\321\202/03-08-37.md"
[2026-06-25 19:13:54]  delete mode 100644 "Life/Temp/2037/\320\220\320\262\320\263\321\203\321\201\321\202/04-08-37.md"
[2026-06-25 19:13:54]  delete mode 100644 "Life/Temp/2037/\320\220\320\262\320\263\321\203\321\201\321\202/05-08-37.md"
[2026-06-25 19:13:54]  delete mode 100644 "Life/Temp/2037/\320\220\320\262\320\263\321\203\321\201\321\202/06-08-37.md"
[2026-06-25 19:13:54]  delete mode 100644 "Life/Temp/2037/\320\220\320\262\320\263\321\203\321\201\321\202/07-08-37.md"
[2026-06-25 19:13:54]  delete mode 100644 "Life/Temp/2037/\320\220\320\262\320\263\321\203\321\201\321\202/08-08-37.md"
[2026-06-25 19:13:54]  delete mode 100644 "Life/Temp/2037/\320\220\320\262\320\263\321\203\321\201\321\202/09-08-37.md"
[2026-06-25 19:13:54]  delete mode 100644 "Life/Temp/2037/\320\220\320\262\320\263\321\203\321\201\321\202/10-08-37.md"
[2026-06-25 19:13:54]  delete mode 100644 "Life/Temp/2037/\320\220\320\262\320\263\321\203\321\201\321\202/11-08-37.md"
[2026-06-25 19:13:54]  delete mode 100644 "Life/Temp/2037/\320\220\320\262\320\263\321\203\321\201\321\202/12-08-37.md"
[2026-06-25 19:13:54]  delete mode 100644 "Life/Temp/2037/\320\220\320\262\320\263\321\203\321\201\321\202/13-08-37.md"
[2026-06-25 19:13:54]  delete mode 100644 "Life/Temp/2037/\320\220\320\262\320\263\321\203\321\201\321\202/14-08-37.md"
[2026-06-25 19:13:54]  delete mode 100644 "Life/Temp/2037/\320\220\320\262\320\263\321\203\321\201\321\202/15-08-37.md"
[2026-06-25 19:13:54]  delete mode 100644 "Life/Temp/2037/\320\220\320\262\320\263\321\203\321\201\321\202/16-08-37.md"
[2026-06-25 19:13:54]  delete mode 100644 "Life/Temp/2037/\320\220\320\262\320\263\321\203\321\201\321\202/17-08-37.md"
[2026-06-25 19:13:54]  delete mode 100644 "Life/Temp/2037/\320\220\320\262\320\263\321\203\321\201\321\202/18-08-37.md"
[2026-06-25 19:13:54]  delete mode 100644 "Life/Temp/2037/\320\220\320\262\320\263\321\203\321\201\321\202/19-08-37.md"
[2026-06-25 19:13:54]  delete mode 100644 "Life/Temp/2037/\320\220\320\262\320\263\321\203\321\201\321\202/20-08-37.md"
[2026-06-25 19:13:54]  delete mode 100644 "Life/Temp/2037/\320\220\320\262\320\263\321\203\321\201\321\202/21-08-37.md"
[2026-06-25 19:13:54]  delete mode 100644 "Life/Temp/2037/\320\220\320\262\320\263\321\203\321\201\321\202/22-08-37.md"
[2026-06-25 19:13:54]  delete mode 100644 "Life/Temp/2037/\320\220\320\262\320\263\321\203\321\201\321\202/23-08-37.md"
[2026-06-25 19:13:54]  delete mode 100644 "Life/Temp/2037/\320\220\320\262\320\263\321\203\321\201\321\202/24-08-37.md"
[2026-06-25 19:13:54]  delete mode 100644 "Life/Temp/2037/\320\220\320\262\320\263\321\203\321\201\321\202/25-08-37.md"
[2026-06-25 19:13:54]  delete mode 100644 "Life/Temp/2037/\320\220\320\262\320\263\321\203\321\201\321\202/26-08-37.md"
[2026-06-25 19:13:54]  delete mode 100644 "Life/Temp/2037/\320\220\320\262\320\263\321\203\321\201\321\202/27-08-37.md"
[2026-06-25 19:13:54]  delete mode 100644 "Life/Temp/2037/\320\220\320\262\320\263\321\203\321\201\321\202/28-08-37.md"
[2026-06-25 19:13:54]  delete mode 100644 "Life/Temp/2037/\320\220\320\262\320\263\321\203\321\201\321\202/29-08-37.md"
[2026-06-25 19:13:54]  delete mode 100644 "Life/Temp/2037/\320\220\320\262\320\263\321\203\321\201\321\202/30-08-37.md"
[2026-06-25 19:13:54]  delete mode 100644 "Life/Temp/2037/\320\220\320\262\320\263\321\203\321\201\321\202/31-08-37.md"
[2026-06-25 19:13:54]  delete mode 100644 "Life/Temp/2037/\320\220\320\277\321\200\320\265\320\273\321\214/01-04-37.md"
[2026-06-25 19:13:54]  delete mode 100644 "Life/Temp/2037/\320\220\320\277\321\200\320\265\320\273\321\214/02-04-37.md"
[2026-06-25 19:13:54]  delete mode 100644 "Life/Temp/2037/\320\220\320\277\321\200\320\265\320\273\321\214/03-04-37.md"
[2026-06-25 19:13:54]  delete mode 100644 "Life/Temp/2037/\320\220\320\277\321\200\320\265\320\273\321\214/04-04-37.md"
[2026-06-25 19:13:54]  delete mode 100644 "Life/Temp/2037/\320\220\320\277\321\200\320\265\320\273\321\214/05-04-37.md"
[2026-06-25 19:13:54]  delete mode 100644 "Life/Temp/2037/\320\220\320\277\321\200\320\265\320\273\321\214/06-04-37.md"
[2026-06-25 19:13:54]  delete mode 100644 "Life/Temp/2037/\320\220\320\277\321\200\320\265\320\273\321\214/07-04-37.md"
[2026-06-25 19:13:54]  delete mode 100644 "Life/Temp/2037/\320\220\320\277\321\200\320\265\320\273\321\214/08-04-37.md"
[2026-06-25 19:13:54]  delete mode 100644 "Life/Temp/2037/\320\220\320\277\321\200\320\265\320\273\321\214/09-04-37.md"
[2026-06-25 19:13:54]  delete mode 100644 "Life/Temp/2037/\320\220\320\277\321\200\320\265\320\273\321\214/10-04-37.md"
[2026-06-25 19:13:54]  delete mode 100644 "Life/Temp/2037/\320\220\320\277\321\200\320\265\320\273\321\214/11-04-37.md"
[2026-06-25 19:13:54]  delete mode 100644 "Life/Temp/2037/\320\220\320\277\321\200\320\265\320\273\321\214/12-04-37.md"
[2026-06-25 19:13:54]  delete mode 100644 "Life/Temp/2037/\320\220\320\277\321\200\320\265\320\273\321\214/13-04-37.md"
[2026-06-25 19:13:54]  delete mode 100644 "Life/Temp/2037/\320\220\320\277\321\200\320\265\320\273\321\214/14-04-37.md"
[2026-06-25 19:13:54]  delete mode 100644 "Life/Temp/2037/\320\220\320\277\321\200\320\265\320\273\321\214/15-04-37.md"
[2026-06-25 19:13:54]  delete mode 100644 "Life/Temp/2037/\320\220\320\277\321\200\320\265\320\273\321\214/16-04-37.md"
[2026-06-25 19:13:54]  delete mode 100644 "Life/Temp/2037/\320\220\320\277\321\200\320\265\320\273\321\214/17-04-37.md"
[2026-06-25 19:13:54]  delete mode 100644 "Life/Temp/2037/\320\220\320\277\321\200\320\265\320\273\321\214/18-04-37.md"
[2026-06-25 19:13:54]  delete mode 100644 "Life/Temp/2037/\320\220\320\277\321\200\320\265\320\273\321\214/19-04-37.md"
[2026-06-25 19:13:54]  delete mode 100644 "Life/Temp/2037/\320\220\320\277\321\200\320\265\320\273\321\214/20-04-37.md"
[2026-06-25 19:13:54]  delete mode 100644 "Life/Temp/2037/\320\220\320\277\321\200\320\265\320\273\321\214/21-04-37.md"
[2026-06-25 19:13:54]  delete mode 100644 "Life/Temp/2037/\320\220\320\277\321\200\320\265\320\273\321\214/22-04-37.md"
[2026-06-25 19:13:54]  delete mode 100644 "Life/Temp/2037/\320\220\320\277\321\200\320\265\320\273\321\214/23-04-37.md"
[2026-06-25 19:13:54]  delete mode 100644 "Life/Temp/2037/\320\220\320\277\321\200\320\265\320\273\321\214/24-04-37.md"
[2026-06-25 19:13:54]  delete mode 100644 "Life/Temp/2037/\320\220\320\277\321\200\320\265\320\273\321\214/25-04-37.md"
[2026-06-25 19:13:54]  delete mode 100644 "Life/Temp/2037/\320\220\320\277\321\200\320\265\320\273\321\214/26-04-37.md"
[2026-06-25 19:13:54]  delete mode 100644 "Life/Temp/2037/\320\220\320\277\321\200\320\265\320\273\321\214/27-04-37.md"
[2026-06-25 19:13:54]  delete mode 100644 "Life/Temp/2037/\320\220\320\277\321\200\320\265\320\273\321\214/28-04-37.md"
[2026-06-25 19:13:54]  delete mode 100644 "Life/Temp/2037/\320\220\320\277\321\200\320\265\320\273\321\214/29-04-37.md"
[2026-06-25 19:13:54]  delete mode 100644 "Life/Temp/2037/\320\220\320\277\321\200\320\265\320\273\321\214/30-04-37.md"
[2026-06-25 19:13:54]  delete mode 100644 "Life/Temp/2037/\320\224\320\265\320\272\320\260\320\261\321\200\321\214/01-12-37.md"
[2026-06-25 19:13:54]  delete mode 100644 "Life/Temp/2037/\320\224\320\265\320\272\320\260\320\261\321\200\321\214/02-12-37.md"
[2026-06-25 19:13:54]  delete mode 100644 "Life/Temp/2037/\320\224\320\265\320\272\320\260\320\261\321\200\321\214/03-12-37.md"
[2026-06-25 19:13:54]  delete mode 100644 "Life/Temp/2037/\320\224\320\265\320\272\320\260\320\261\321\200\321\214/04-12-37.md"
[2026-06-25 19:13:54]  delete mode 100644 "Life/Temp/2037/\320\224\320\265\320\272\320\260\320\261\321\200\321\214/05-12-37.md"
[2026-06-25 19:13:54]  delete mode 100644 "Life/Temp/2037/\320\224\320\265\320\272\320\260\320\261\321\200\321\214/06-12-37.md"
[2026-06-25 19:13:54]  delete mode 100644 "Life/Temp/2037/\320\224\320\265\320\272\320\260\320\261\321\200\321\214/07-12-37.md"
[2026-06-25 19:13:54]  delete mode 100644 "Life/Temp/2037/\320\224\320\265\320\272\320\260\320\261\321\200\321\214/08-12-37.md"
[2026-06-25 19:13:54]  delete mode 100644 "Life/Temp/2037/\320\224\320\265\320\272\320\260\320\261\321\200\321\214/09-12-37.md"
[2026-06-25 19:13:54]  delete mode 100644 "Life/Temp/2037/\320\224\320\265\320\272\320\260\320\261\321\200\321\214/10-12-37.md"
[2026-06-25 19:13:54]  delete mode 100644 "Life/Temp/2037/\320\224\320\265\320\272\320\260\320\261\321\200\321\214/11-12-37.md"
[2026-06-25 19:13:54]  delete mode 100644 "Life/Temp/2037/\320\224\320\265\320\272\320\260\320\261\321\200\321\214/12-12-37.md"
[2026-06-25 19:13:54]  delete mode 100644 "Life/Temp/2037/\320\224\320\265\320\272\320\260\320\261\321\200\321\214/13-12-37.md"
[2026-06-25 19:13:54]  delete mode 100644 "Life/Temp/2037/\320\224\320\265\320\272\320\260\320\261\321\200\321\214/14-12-37.md"
[2026-06-25 19:13:54]  delete mode 100644 "Life/Temp/2037/\320\224\320\265\320\272\320\260\320\261\321\200\321\214/15-12-37.md"
[2026-06-25 19:13:54]  delete mode 100644 "Life/Temp/2037/\320\224\320\265\320\272\320\260\320\261\321\200\321\214/16-12-37.md"
[2026-06-25 19:13:54]  delete mode 100644 "Life/Temp/2037/\320\224\320\265\320\272\320\260\320\261\321\200\321\214/17-12-37.md"
[2026-06-25 19:13:54]  delete mode 100644 "Life/Temp/2037/\320\224\320\265\320\272\320\260\320\261\321\200\321\214/18-12-37.md"
[2026-06-25 19:13:54]  delete mode 100644 "Life/Temp/2037/\320\224\320\265\320\272\320\260\320\261\321\200\321\214/19-12-37.md"
[2026-06-25 19:13:54]  delete mode 100644 "Life/Temp/2037/\320\224\320\265\320\272\320\260\320\261\321\200\321\214/20-12-37.md"
[2026-06-25 19:13:54]  delete mode 100644 "Life/Temp/2037/\320\224\320\265\320\272\320\260\320\261\321\200\321\214/21-12-37.md"
[2026-06-25 19:13:54]  delete mode 100644 "Life/Temp/2037/\320\224\320\265\320\272\320\260\320\261\321\200\321\214/22-12-37.md"
[2026-06-25 19:13:54]  delete mode 100644 "Life/Temp/2037/\320\224\320\265\320\272\320\260\320\261\321\200\321\214/23-12-37.md"
[2026-06-25 19:13:54]  delete mode 100644 "Life/Temp/2037/\320\224\320\265\320\272\320\260\320\261\321\200\321\214/24-12-37.md"
[2026-06-25 19:13:54]  delete mode 100644 "Life/Temp/2037/\320\224\320\265\320\272\320\260\320\261\321\200\321\214/25-12-37.md"
[2026-06-25 19:13:54]  delete mode 100644 "Life/Temp/2037/\320\224\320\265\320\272\320\260\320\261\321\200\321\214/26-12-37.md"
[2026-06-25 19:13:54]  delete mode 100644 "Life/Temp/2037/\320\224\320\265\320\272\320\260\320\261\321\200\321\214/27-12-37.md"
[2026-06-25 19:13:54]  delete mode 100644 "Life/Temp/2037/\320\224\320\265\320\272\320\260\320\261\321\200\321\214/28-12-37.md"
[2026-06-25 19:13:54]  delete mode 100644 "Life/Temp/2037/\320\224\320\265\320\272\320\260\320\261\321\200\321\214/29-12-37.md"
[2026-06-25 19:13:54]  delete mode 100644 "Life/Temp/2037/\320\224\320\265\320\272\320\260\320\261\321\200\321\214/30-12-37.md"
[2026-06-25 19:13:54]  delete mode 100644 "Life/Temp/2037/\320\224\320\265\320\272\320\260\320\261\321\200\321\214/31-12-37.md"
[2026-06-25 19:13:54]  delete mode 100644 "Life/Temp/2037/\320\230\321\216\320\273\321\214/01-07-37.md"
[2026-06-25 19:13:54]  delete mode 100644 "Life/Temp/2037/\320\230\321\216\320\273\321\214/02-07-37.md"
[2026-06-25 19:13:54]  delete mode 100644 "Life/Temp/2037/\320\230\321\216\320\273\321\214/03-07-37.md"
[2026-06-25 19:13:54]  delete mode 100644 "Life/Temp/2037/\320\230\321\216\320\273\321\214/04-07-37.md"
[2026-06-25 19:13:54]  delete mode 100644 "Life/Temp/2037/\320\230\321\216\320\273\321\214/05-07-37.md"
[2026-06-25 19:13:54]  delete mode 100644 "Life/Temp/2037/\320\230\321\216\320\273\321\214/06-07-37.md"
[2026-06-25 19:13:54]  delete mode 100644 "Life/Temp/2037/\320\230\321\216\320\273\321\214/07-07-37.md"
[2026-06-25 19:13:54]  delete mode 100644 "Life/Temp/2037/\320\230\321\216\320\273\321\214/08-07-37.md"
[2026-06-25 19:13:54]  delete mode 100644 "Life/Temp/2037/\320\230\321\216\320\273\321\214/09-07-37.md"
[2026-06-25 19:13:54]  delete mode 100644 "Life/Temp/2037/\320\230\321\216\320\273\321\214/10-07-37.md"
[2026-06-25 19:13:54]  delete mode 100644 "Life/Temp/2037/\320\230\321\216\320\273\321\214/11-07-37.md"
[2026-06-25 19:13:54]  delete mode 100644 "Life/Temp/2037/\320\230\321\216\320\273\321\214/12-07-37.md"
[2026-06-25 19:13:54]  delete mode 100644 "Life/Temp/2037/\320\230\321\216\320\273\321\214/13-07-37.md"
[2026-06-25 19:13:54]  delete mode 100644 "Life/Temp/2037/\320\230\321\216\320\273\321\214/14-07-37.md"
[2026-06-25 19:13:54]  delete mode 100644 "Life/Temp/2037/\320\230\321\216\320\273\321\214/15-07-37.md"
[2026-06-25 19:13:54]  delete mode 100644 "Life/Temp/2037/\320\230\321\216\320\273\321\214/16-07-37.md"
[2026-06-25 19:13:54]  delete mode 100644 "Life/Temp/2037/\320\230\321\216\320\273\321\214/17-07-37.md"
[2026-06-25 19:13:54]  delete mode 100644 "Life/Temp/2037/\320\230\321\216\320\273\321\214/18-07-37.md"
[2026-06-25 19:13:54]  delete mode 100644 "Life/Temp/2037/\320\230\321\216\320\273\321\214/19-07-37.md"
[2026-06-25 19:13:54]  delete mode 100644 "Life/Temp/2037/\320\230\321\216\320\273\321\214/20-07-37.md"
[2026-06-25 19:13:54]  delete mode 100644 "Life/Temp/2037/\320\230\321\216\320\273\321\214/21-07-37.md"
[2026-06-25 19:13:54]  delete mode 100644 "Life/Temp/2037/\320\230\321\216\320\273\321\214/22-07-37.md"
[2026-06-25 19:13:54]  delete mode 100644 "Life/Temp/2037/\320\230\321\216\320\273\321\214/23-07-37.md"
[2026-06-25 19:13:54]  delete mode 100644 "Life/Temp/2037/\320\230\321\216\320\273\321\214/24-07-37.md"
[2026-06-25 19:13:54]  delete mode 100644 "Life/Temp/2037/\320\230\321\216\320\273\321\214/25-07-37.md"
[2026-06-25 19:13:54]  delete mode 100644 "Life/Temp/2037/\320\230\321\216\320\273\321\214/26-07-37.md"
[2026-06-25 19:13:54]  delete mode 100644 "Life/Temp/2037/\320\230\321\216\320\273\321\214/27-07-37.md"
[2026-06-25 19:13:54]  delete mode 100644 "Life/Temp/2037/\320\230\321\216\320\273\321\214/28-07-37.md"
[2026-06-25 19:13:54]  delete mode 100644 "Life/Temp/2037/\320\230\321\216\320\273\321\214/29-07-37.md"
[2026-06-25 19:13:54]  delete mode 100644 "Life/Temp/2037/\320\230\321\216\320\273\321\214/30-07-37.md"
[2026-06-25 19:13:54]  delete mode 100644 "Life/Temp/2037/\320\230\321\216\320\273\321\214/31-07-37.md"
[2026-06-25 19:13:54]  delete mode 100644 "Life/Temp/2037/\320\230\321\216\320\275\321\214/01-06-37.md"
[2026-06-25 19:13:54]  delete mode 100644 "Life/Temp/2037/\320\230\321\216\320\275\321\214/02-06-37.md"
[2026-06-25 19:13:54]  delete mode 100644 "Life/Temp/2037/\320\230\321\216\320\275\321\214/03-06-37.md"
[2026-06-25 19:13:54]  delete mode 100644 "Life/Temp/2037/\320\230\321\216\320\275\321\214/04-06-37.md"
[2026-06-25 19:13:54]  delete mode 100644 "Life/Temp/2037/\320\230\321\216\320\275\321\214/05-06-37.md"
[2026-06-25 19:13:54]  delete mode 100644 "Life/Temp/2037/\320\230\321\216\320\275\321\214/06-06-37.md"
[2026-06-25 19:13:54]  delete mode 100644 "Life/Temp/2037/\320\230\321\216\320\275\321\214/07-06-37.md"
[2026-06-25 19:13:54]  delete mode 100644 "Life/Temp/2037/\320\230\321\216\320\275\321\214/08-06-37.md"
[2026-06-25 19:13:54]  delete mode 100644 "Life/Temp/2037/\320\230\321\216\320\275\321\214/09-06-37.md"
[2026-06-25 19:13:54]  delete mode 100644 "Life/Temp/2037/\320\230\321\216\320\275\321\214/10-06-37.md"
[2026-06-25 19:13:54]  delete mode 100644 "Life/Temp/2037/\320\230\321\216\320\275\321\214/11-06-37.md"
[2026-06-25 19:13:54]  delete mode 100644 "Life/Temp/2037/\320\230\321\216\320\275\321\214/12-06-37.md"
[2026-06-25 19:13:54]  delete mode 100644 "Life/Temp/2037/\320\230\321\216\320\275\321\214/13-06-37.md"
[2026-06-25 19:13:54]  delete mode 100644 "Life/Temp/2037/\320\230\321\216\320\275\321\214/14-06-37.md"
[2026-06-25 19:13:54]  delete mode 100644 "Life/Temp/2037/\320\230\321\216\320\275\321\214/15-06-37.md"
[2026-06-25 19:13:54]  delete mode 100644 "Life/Temp/2037/\320\230\321\216\320\275\321\214/16-06-37.md"
[2026-06-25 19:13:54]  delete mode 100644 "Life/Temp/2037/\320\230\321\216\320\275\321\214/17-06-37.md"
[2026-06-25 19:13:54]  delete mode 100644 "Life/Temp/2037/\320\230\321\216\320\275\321\214/18-06-37.md"
[2026-06-25 19:13:54]  delete mode 100644 "Life/Temp/2037/\320\230\321\216\320\275\321\214/19-06-37.md"
[2026-06-25 19:13:54]  delete mode 100644 "Life/Temp/2037/\320\230\321\216\320\275\321\214/20-06-37.md"
[2026-06-25 19:13:54]  delete mode 100644 "Life/Temp/2037/\320\230\321\216\320\275\321\214/21-06-37.md"
[2026-06-25 19:13:54]  delete mode 100644 "Life/Temp/2037/\320\230\321\216\320\275\321\214/22-06-37.md"
[2026-06-25 19:13:54]  delete mode 100644 "Life/Temp/2037/\320\230\321\216\320\275\321\214/23-06-37.md"
[2026-06-25 19:13:54]  delete mode 100644 "Life/Temp/2037/\320\230\321\216\320\275\321\214/24-06-37.md"
[2026-06-25 19:13:54]  delete mode 100644 "Life/Temp/2037/\320\230\321\216\320\275\321\214/25-06-37.md"
[2026-06-25 19:13:54]  delete mode 100644 "Life/Temp/2037/\320\230\321\216\320\275\321\214/26-06-37.md"
[2026-06-25 19:13:54]  delete mode 100644 "Life/Temp/2037/\320\230\321\216\320\275\321\214/27-06-37.md"
[2026-06-25 19:13:54]  delete mode 100644 "Life/Temp/2037/\320\230\321\216\320\275\321\214/28-06-37.md"
[2026-06-25 19:13:54]  delete mode 100644 "Life/Temp/2037/\320\230\321\216\320\275\321\214/29-06-37.md"
[2026-06-25 19:13:54]  delete mode 100644 "Life/Temp/2037/\320\230\321\216\320\275\321\214/30-06-37.md"
[2026-06-25 19:13:54]  delete mode 100644 "Life/Temp/2037/\320\234\320\260\320\271/01-05-37.md"
[2026-06-25 19:13:54]  delete mode 100644 "Life/Temp/2037/\320\234\320\260\320\271/02-05-37.md"
[2026-06-25 19:13:54]  delete mode 100644 "Life/Temp/2037/\320\234\320\260\320\271/03-05-37.md"
[2026-06-25 19:13:54]  delete mode 100644 "Life/Temp/2037/\320\234\320\260\320\271/04-05-37.md"
[2026-06-25 19:13:54]  delete mode 100644 "Life/Temp/2037/\320\234\320\260\320\271/05-05-37.md"
[2026-06-25 19:13:54]  delete mode 100644 "Life/Temp/2037/\320\234\320\260\320\271/06-05-37.md"
[2026-06-25 19:13:54]  delete mode 100644 "Life/Temp/2037/\320\234\320\260\320\271/07-05-37.md"
[2026-06-25 19:13:54]  delete mode 100644 "Life/Temp/2037/\320\234\320\260\320\271/08-05-37.md"
[2026-06-25 19:13:54]  delete mode 100644 "Life/Temp/2037/\320\234\320\260\320\271/09-05-37.md"
[2026-06-25 19:13:54]  delete mode 100644 "Life/Temp/2037/\320\234\320\260\320\271/10-05-37.md"
[2026-06-25 19:13:54]  delete mode 100644 "Life/Temp/2037/\320\234\320\260\320\271/11-05-37.md"
[2026-06-25 19:13:54]  delete mode 100644 "Life/Temp/2037/\320\234\320\260\320\271/12-05-37.md"
[2026-06-25 19:13:54]  delete mode 100644 "Life/Temp/2037/\320\234\320\260\320\271/13-05-37.md"
[2026-06-25 19:13:54]  delete mode 100644 "Life/Temp/2037/\320\234\320\260\320\271/14-05-37.md"
[2026-06-25 19:13:54]  delete mode 100644 "Life/Temp/2037/\320\234\320\260\320\271/15-05-37.md"
[2026-06-25 19:13:54]  delete mode 100644 "Life/Temp/2037/\320\234\320\260\320\271/16-05-37.md"
[2026-06-25 19:13:54]  delete mode 100644 "Life/Temp/2037/\320\234\320\260\320\271/17-05-37.md"
[2026-06-25 19:13:54]  delete mode 100644 "Life/Temp/2037/\320\234\320\260\320\271/18-05-37.md"
[2026-06-25 19:13:54]  delete mode 100644 "Life/Temp/2037/\320\234\320\260\320\271/19-05-37.md"
[2026-06-25 19:13:54]  delete mode 100644 "Life/Temp/2037/\320\234\320\260\320\271/20-05-37.md"
[2026-06-25 19:13:54]  delete mode 100644 "Life/Temp/2037/\320\234\320\260\320\271/21-05-37.md"
[2026-06-25 19:13:54]  delete mode 100644 "Life/Temp/2037/\320\234\320\260\320\271/22-05-37.md"
[2026-06-25 19:13:54]  delete mode 100644 "Life/Temp/2037/\320\234\320\260\320\271/23-05-37.md"
[2026-06-25 19:13:54]  delete mode 100644 "Life/Temp/2037/\320\234\320\260\320\271/24-05-37.md"
[2026-06-25 19:13:54]  delete mode 100644 "Life/Temp/2037/\320\234\320\260\320\271/25-05-37.md"
[2026-06-25 19:13:54]  delete mode 100644 "Life/Temp/2037/\320\234\320\260\320\271/26-05-37.md"
[2026-06-25 19:13:54]  delete mode 100644 "Life/Temp/2037/\320\234\320\260\320\271/27-05-37.md"
[2026-06-25 19:13:54]  delete mode 100644 "Life/Temp/2037/\320\234\320\260\320\271/28-05-37.md"
[2026-06-25 19:13:54]  delete mode 100644 "Life/Temp/2037/\320\234\320\260\320\271/29-05-37.md"
[2026-06-25 19:13:54]  delete mode 100644 "Life/Temp/2037/\320\234\320\260\320\271/30-05-37.md"
[2026-06-25 19:13:54]  delete mode 100644 "Life/Temp/2037/\320\234\320\260\320\271/31-05-37.md"
[2026-06-25 19:13:54]  delete mode 100644 "Life/Temp/2037/\320\234\320\260\321\200\321\202/01-03-37.md"
[2026-06-25 19:13:54]  delete mode 100644 "Life/Temp/2037/\320\234\320\260\321\200\321\202/02-03-37.md"
[2026-06-25 19:13:54]  delete mode 100644 "Life/Temp/2037/\320\234\320\260\321\200\321\202/03-03-37.md"
[2026-06-25 19:13:54]  delete mode 100644 "Life/Temp/2037/\320\234\320\260\321\200\321\202/04-03-37.md"
[2026-06-25 19:13:54]  delete mode 100644 "Life/Temp/2037/\320\234\320\260\321\200\321\202/05-03-37.md"
[2026-06-25 19:13:54]  delete mode 100644 "Life/Temp/2037/\320\234\320\260\321\200\321\202/06-03-37.md"
[2026-06-25 19:13:54]  delete mode 100644 "Life/Temp/2037/\320\234\320\260\321\200\321\202/07-03-37.md"
[2026-06-25 19:13:54]  delete mode 100644 "Life/Temp/2037/\320\234\320\260\321\200\321\202/08-03-37.md"
[2026-06-25 19:13:54]  delete mode 100644 "Life/Temp/2037/\320\234\320\260\321\200\321\202/09-03-37.md"
[2026-06-25 19:13:54]  delete mode 100644 "Life/Temp/2037/\320\234\320\260\321\200\321\202/10-03-37.md"
[2026-06-25 19:13:54]  delete mode 100644 "Life/Temp/2037/\320\234\320\260\321\200\321\202/11-03-37.md"
[2026-06-25 19:13:54]  delete mode 100644 "Life/Temp/2037/\320\234\320\260\321\200\321\202/12-03-37.md"
[2026-06-25 19:13:54]  delete mode 100644 "Life/Temp/2037/\320\234\320\260\321\200\321\202/13-03-37.md"
[2026-06-25 19:13:54]  delete mode 100644 "Life/Temp/2037/\320\234\320\260\321\200\321\202/14-03-37.md"
[2026-06-25 19:13:54]  delete mode 100644 "Life/Temp/2037/\320\234\320\260\321\200\321\202/15-03-37.md"
[2026-06-25 19:13:54]  delete mode 100644 "Life/Temp/2037/\320\234\320\260\321\200\321\202/16-03-37.md"
[2026-06-25 19:13:54]  delete mode 100644 "Life/Temp/2037/\320\234\320\260\321\200\321\202/17-03-37.md"
[2026-06-25 19:13:54]  delete mode 100644 "Life/Temp/2037/\320\234\320\260\321\200\321\202/18-03-37.md"
[2026-06-25 19:13:54]  delete mode 100644 "Life/Temp/2037/\320\234\320\260\321\200\321\202/19-03-37.md"
[2026-06-25 19:13:54]  delete mode 100644 "Life/Temp/2037/\320\234\320\260\321\200\321\202/20-03-37.md"
[2026-06-25 19:13:54]  delete mode 100644 "Life/Temp/2037/\320\234\320\260\321\200\321\202/21-03-37.md"
[2026-06-25 19:13:54]  delete mode 100644 "Life/Temp/2037/\320\234\320\260\321\200\321\202/22-03-37.md"
[2026-06-25 19:13:54]  delete mode 100644 "Life/Temp/2037/\320\234\320\260\321\200\321\202/23-03-37.md"
[2026-06-25 19:13:54]  delete mode 100644 "Life/Temp/2037/\320\234\320\260\321\200\321\202/24-03-37.md"
[2026-06-25 19:13:54]  delete mode 100644 "Life/Temp/2037/\320\234\320\260\321\200\321\202/25-03-37.md"
[2026-06-25 19:13:54]  delete mode 100644 "Life/Temp/2037/\320\234\320\260\321\200\321\202/26-03-37.md"
[2026-06-25 19:13:54]  delete mode 100644 "Life/Temp/2037/\320\234\320\260\321\200\321\202/27-03-37.md"
[2026-06-25 19:13:54]  delete mode 100644 "Life/Temp/2037/\320\234\320\260\321\200\321\202/28-03-37.md"
[2026-06-25 19:13:54]  delete mode 100644 "Life/Temp/2037/\320\234\320\260\321\200\321\202/29-03-37.md"
[2026-06-25 19:13:54]  delete mode 100644 "Life/Temp/2037/\320\234\320\260\321\200\321\202/30-03-37.md"
[2026-06-25 19:13:54]  delete mode 100644 "Life/Temp/2037/\320\234\320\260\321\200\321\202/31-03-37.md"
[2026-06-25 19:13:54]  delete mode 100644 "Life/Temp/2037/\320\235\320\276\321\217\320\261\321\200\321\214/01-11-37.md"
[2026-06-25 19:13:54]  delete mode 100644 "Life/Temp/2037/\320\235\320\276\321\217\320\261\321\200\321\214/02-11-37.md"
[2026-06-25 19:13:54]  delete mode 100644 "Life/Temp/2037/\320\235\320\276\321\217\320\261\321\200\321\214/03-11-37.md"
[2026-06-25 19:13:54]  delete mode 100644 "Life/Temp/2037/\320\235\320\276\321\217\320\261\321\200\321\214/04-11-37.md"
[2026-06-25 19:13:54]  delete mode 100644 "Life/Temp/2037/\320\235\320\276\321\217\320\261\321\200\321\214/05-11-37.md"
[2026-06-25 19:13:54]  delete mode 100644 "Life/Temp/2037/\320\235\320\276\321\217\320\261\321\200\321\214/06-11-37.md"
[2026-06-25 19:13:54]  delete mode 100644 "Life/Temp/2037/\320\235\320\276\321\217\320\261\321\200\321\214/07-11-37.md"
[2026-06-25 19:13:54]  delete mode 100644 "Life/Temp/2037/\320\235\320\276\321\217\320\261\321\200\321\214/08-11-37.md"
[2026-06-25 19:13:54]  delete mode 100644 "Life/Temp/2037/\320\235\320\276\321\217\320\261\321\200\321\214/09-11-37.md"
[2026-06-25 19:13:54]  delete mode 100644 "Life/Temp/2037/\320\235\320\276\321\217\320\261\321\200\321\214/10-11-37.md"
[2026-06-25 19:13:54]  delete mode 100644 "Life/Temp/2037/\320\235\320\276\321\217\320\261\321\200\321\214/11-11-37.md"
[2026-06-25 19:13:54]  delete mode 100644 "Life/Temp/2037/\320\235\320\276\321\217\320\261\321\200\321\214/12-11-37.md"
[2026-06-25 19:13:54]  delete mode 100644 "Life/Temp/2037/\320\235\320\276\321\217\320\261\321\200\321\214/13-11-37.md"
[2026-06-25 19:13:54]  delete mode 100644 "Life/Temp/2037/\320\235\320\276\321\217\320\261\321\200\321\214/14-11-37.md"
[2026-06-25 19:13:54]  delete mode 100644 "Life/Temp/2037/\320\235\320\276\321\217\320\261\321\200\321\214/15-11-37.md"
[2026-06-25 19:13:54]  delete mode 100644 "Life/Temp/2037/\320\235\320\276\321\217\320\261\321\200\321\214/16-11-37.md"
[2026-06-25 19:13:54]  delete mode 100644 "Life/Temp/2037/\320\235\320\276\321\217\320\261\321\200\321\214/17-11-37.md"
[2026-06-25 19:13:54]  delete mode 100644 "Life/Temp/2037/\320\235\320\276\321\217\320\261\321\200\321\214/18-11-37.md"
[2026-06-25 19:13:54]  delete mode 100644 "Life/Temp/2037/\320\235\320\276\321\217\320\261\321\200\321\214/19-11-37.md"
[2026-06-25 19:13:54]  delete mode 100644 "Life/Temp/2037/\320\235\320\276\321\217\320\261\321\200\321\214/20-11-37.md"
[2026-06-25 19:13:54]  delete mode 100644 "Life/Temp/2037/\320\235\320\276\321\217\320\261\321\200\321\214/21-11-37.md"
[2026-06-25 19:13:54]  delete mode 100644 "Life/Temp/2037/\320\235\320\276\321\217\320\261\321\200\321\214/22-11-37.md"
[2026-06-25 19:13:54]  delete mode 100644 "Life/Temp/2037/\320\235\320\276\321\217\320\261\321\200\321\214/23-11-37.md"
[2026-06-25 19:13:54]  delete mode 100644 "Life/Temp/2037/\320\235\320\276\321\217\320\261\321\200\321\214/24-11-37.md"
[2026-06-25 19:13:54]  delete mode 100644 "Life/Temp/2037/\320\235\320\276\321\217\320\261\321\200\321\214/25-11-37.md"
[2026-06-25 19:13:54]  delete mode 100644 "Life/Temp/2037/\320\235\320\276\321\217\320\261\321\200\321\214/26-11-37.md"
[2026-06-25 19:13:54]  delete mode 100644 "Life/Temp/2037/\320\235\320\276\321\217\320\261\321\200\321\214/27-11-37.md"
[2026-06-25 19:13:54]  delete mode 100644 "Life/Temp/2037/\320\235\320\276\321\217\320\261\321\200\321\214/28-11-37.md"
[2026-06-25 19:13:54]  delete mode 100644 "Life/Temp/2037/\320\235\320\276\321\217\320\261\321\200\321\214/29-11-37.md"
[2026-06-25 19:13:54]  delete mode 100644 "Life/Temp/2037/\320\235\320\276\321\217\320\261\321\200\321\214/30-11-37.md"
[2026-06-25 19:13:54]  delete mode 100644 "Life/Temp/2037/\320\236\320\272\321\202\321\217\320\261\321\200\321\214/01-10-37.md"
[2026-06-25 19:13:54]  delete mode 100644 "Life/Temp/2037/\320\236\320\272\321\202\321\217\320\261\321\200\321\214/02-10-37.md"
[2026-06-25 19:13:54]  delete mode 100644 "Life/Temp/2037/\320\236\320\272\321\202\321\217\320\261\321\200\321\214/03-10-37.md"
[2026-06-25 19:13:54]  delete mode 100644 "Life/Temp/2037/\320\236\320\272\321\202\321\217\320\261\321\200\321\214/04-10-37.md"
[2026-06-25 19:13:54]  delete mode 100644 "Life/Temp/2037/\320\236\320\272\321\202\321\217\320\261\321\200\321\214/05-10-37.md"
[2026-06-25 19:13:54]  delete mode 100644 "Life/Temp/2037/\320\236\320\272\321\202\321\217\320\261\321\200\321\214/06-10-37.md"
[2026-06-25 19:13:54]  delete mode 100644 "Life/Temp/2037/\320\236\320\272\321\202\321\217\320\261\321\200\321\214/07-10-37.md"
[2026-06-25 19:13:54]  delete mode 100644 "Life/Temp/2037/\320\236\320\272\321\202\321\217\320\261\321\200\321\214/08-10-37.md"
[2026-06-25 19:13:54]  delete mode 100644 "Life/Temp/2037/\320\236\320\272\321\202\321\217\320\261\321\200\321\214/09-10-37.md"
[2026-06-25 19:13:54]  delete mode 100644 "Life/Temp/2037/\320\236\320\272\321\202\321\217\320\261\321\200\321\214/10-10-37.md"
[2026-06-25 19:13:54]  delete mode 100644 "Life/Temp/2037/\320\236\320\272\321\202\321\217\320\261\321\200\321\214/11-10-37.md"
[2026-06-25 19:13:54]  delete mode 100644 "Life/Temp/2037/\320\236\320\272\321\202\321\217\320\261\321\200\321\214/12-10-37.md"
[2026-06-25 19:13:54]  delete mode 100644 "Life/Temp/2037/\320\236\320\272\321\202\321\217\320\261\321\200\321\214/13-10-37.md"
[2026-06-25 19:13:54]  delete mode 100644 "Life/Temp/2037/\320\236\320\272\321\202\321\217\320\261\321\200\321\214/14-10-37.md"
[2026-06-25 19:13:54]  delete mode 100644 "Life/Temp/2037/\320\236\320\272\321\202\321\217\320\261\321\200\321\214/15-10-37.md"
[2026-06-25 19:13:54]  delete mode 100644 "Life/Temp/2037/\320\236\320\272\321\202\321\217\320\261\321\200\321\214/16-10-37.md"
[2026-06-25 19:13:54]  delete mode 100644 "Life/Temp/2037/\320\236\320\272\321\202\321\217\320\261\321\200\321\214/17-10-37.md"
[2026-06-25 19:13:54]  delete mode 100644 "Life/Temp/2037/\320\236\320\272\321\202\321\217\320\261\321\200\321\214/18-10-37.md"
[2026-06-25 19:13:54]  delete mode 100644 "Life/Temp/2037/\320\236\320\272\321\202\321\217\320\261\321\200\321\214/19-10-37.md"
[2026-06-25 19:13:54]  delete mode 100644 "Life/Temp/2037/\320\236\320\272\321\202\321\217\320\261\321\200\321\214/20-10-37.md"
[2026-06-25 19:13:54]  delete mode 100644 "Life/Temp/2037/\320\236\320\272\321\202\321\217\320\261\321\200\321\214/21-10-37.md"
[2026-06-25 19:13:54]  delete mode 100644 "Life/Temp/2037/\320\236\320\272\321\202\321\217\320\261\321\200\321\214/22-10-37.md"
[2026-06-25 19:13:54]  delete mode 100644 "Life/Temp/2037/\320\236\320\272\321\202\321\217\320\261\321\200\321\214/23-10-37.md"
[2026-06-25 19:13:54]  delete mode 100644 "Life/Temp/2037/\320\236\320\272\321\202\321\217\320\261\321\200\321\214/24-10-37.md"
[2026-06-25 19:13:54]  delete mode 100644 "Life/Temp/2037/\320\236\320\272\321\202\321\217\320\261\321\200\321\214/25-10-37.md"
[2026-06-25 19:13:54]  delete mode 100644 "Life/Temp/2037/\320\236\320\272\321\202\321\217\320\261\321\200\321\214/26-10-37.md"
[2026-06-25 19:13:54]  delete mode 100644 "Life/Temp/2037/\320\236\320\272\321\202\321\217\320\261\321\200\321\214/27-10-37.md"
[2026-06-25 19:13:54]  delete mode 100644 "Life/Temp/2037/\320\236\320\272\321\202\321\217\320\261\321\200\321\214/28-10-37.md"
[2026-06-25 19:13:54]  delete mode 100644 "Life/Temp/2037/\320\236\320\272\321\202\321\217\320\261\321\200\321\214/29-10-37.md"
[2026-06-25 19:13:54]  delete mode 100644 "Life/Temp/2037/\320\236\320\272\321\202\321\217\320\261\321\200\321\214/30-10-37.md"
[2026-06-25 19:13:54]  delete mode 100644 "Life/Temp/2037/\320\236\320\272\321\202\321\217\320\261\321\200\321\214/31-10-37.md"
[2026-06-25 19:13:54]  delete mode 100644 "Life/Temp/2037/\320\241\320\265\320\275\321\202\321\217\320\261\321\200\321\214/01-09-37.md"
[2026-06-25 19:13:54]  delete mode 100644 "Life/Temp/2037/\320\241\320\265\320\275\321\202\321\217\320\261\321\200\321\214/02-09-37.md"
[2026-06-25 19:13:54]  delete mode 100644 "Life/Temp/2037/\320\241\320\265\320\275\321\202\321\217\320\261\321\200\321\214/03-09-37.md"
[2026-06-25 19:13:54]  delete mode 100644 "Life/Temp/2037/\320\241\320\265\320\275\321\202\321\217\320\261\321\200\321\214/04-09-37.md"
[2026-06-25 19:13:54]  delete mode 100644 "Life/Temp/2037/\320\241\320\265\320\275\321\202\321\217\320\261\321\200\321\214/05-09-37.md"
[2026-06-25 19:13:54]  delete mode 100644 "Life/Temp/2037/\320\241\320\265\320\275\321\202\321\217\320\261\321\200\321\214/06-09-37.md"
[2026-06-25 19:13:54]  delete mode 100644 "Life/Temp/2037/\320\241\320\265\320\275\321\202\321\217\320\261\321\200\321\214/07-09-37.md"
[2026-06-25 19:13:54]  delete mode 100644 "Life/Temp/2037/\320\241\320\265\320\275\321\202\321\217\320\261\321\200\321\214/08-09-37.md"
[2026-06-25 19:13:54]  delete mode 100644 "Life/Temp/2037/\320\241\320\265\320\275\321\202\321\217\320\261\321\200\321\214/09-09-37.md"
[2026-06-25 19:13:54]  delete mode 100644 "Life/Temp/2037/\320\241\320\265\320\275\321\202\321\217\320\261\321\200\321\214/10-09-37.md"
[2026-06-25 19:13:54]  delete mode 100644 "Life/Temp/2037/\320\241\320\265\320\275\321\202\321\217\320\261\321\200\321\214/11-09-37.md"
[2026-06-25 19:13:54]  delete mode 100644 "Life/Temp/2037/\320\241\320\265\320\275\321\202\321\217\320\261\321\200\321\214/12-09-37.md"
[2026-06-25 19:13:54]  delete mode 100644 "Life/Temp/2037/\320\241\320\265\320\275\321\202\321\217\320\261\321\200\321\214/13-09-37.md"
[2026-06-25 19:13:54]  delete mode 100644 "Life/Temp/2037/\320\241\320\265\320\275\321\202\321\217\320\261\321\200\321\214/14-09-37.md"
[2026-06-25 19:13:54]  delete mode 100644 "Life/Temp/2037/\320\241\320\265\320\275\321\202\321\217\320\261\321\200\321\214/15-09-37.md"
[2026-06-25 19:13:54]  delete mode 100644 "Life/Temp/2037/\320\241\320\265\320\275\321\202\321\217\320\261\321\200\321\214/16-09-37.md"
[2026-06-25 19:13:54]  delete mode 100644 "Life/Temp/2037/\320\241\320\265\320\275\321\202\321\217\320\261\321\200\321\214/17-09-37.md"
[2026-06-25 19:13:54]  delete mode 100644 "Life/Temp/2037/\320\241\320\265\320\275\321\202\321\217\320\261\321\200\321\214/18-09-37.md"
[2026-06-25 19:13:54]  delete mode 100644 "Life/Temp/2037/\320\241\320\265\320\275\321\202\321\217\320\261\321\200\321\214/19-09-37.md"
[2026-06-25 19:13:54]  delete mode 100644 "Life/Temp/2037/\320\241\320\265\320\275\321\202\321\217\320\261\321\200\321\214/20-09-37.md"
[2026-06-25 19:13:54]  delete mode 100644 "Life/Temp/2037/\320\241\320\265\320\275\321\202\321\217\320\261\321\200\321\214/21-09-37.md"
[2026-06-25 19:13:54]  delete mode 100644 "Life/Temp/2037/\320\241\320\265\320\275\321\202\321\217\320\261\321\200\321\214/22-09-37.md"
[2026-06-25 19:13:54]  delete mode 100644 "Life/Temp/2037/\320\241\320\265\320\275\321\202\321\217\320\261\321\200\321\214/23-09-37.md"
[2026-06-25 19:13:54]  delete mode 100644 "Life/Temp/2037/\320\241\320\265\320\275\321\202\321\217\320\261\321\200\321\214/24-09-37.md"
[2026-06-25 19:13:54]  delete mode 100644 "Life/Temp/2037/\320\241\320\265\320\275\321\202\321\217\320\261\321\200\321\214/25-09-37.md"
[2026-06-25 19:13:54]  delete mode 100644 "Life/Temp/2037/\320\241\320\265\320\275\321\202\321\217\320\261\321\200\321\214/26-09-37.md"
[2026-06-25 19:13:54]  delete mode 100644 "Life/Temp/2037/\320\241\320\265\320\275\321\202\321\217\320\261\321\200\321\214/27-09-37.md"
[2026-06-25 19:13:54]  delete mode 100644 "Life/Temp/2037/\320\241\320\265\320\275\321\202\321\217\320\261\321\200\321\214/28-09-37.md"
[2026-06-25 19:13:54]  delete mode 100644 "Life/Temp/2037/\320\241\320\265\320\275\321\202\321\217\320\261\321\200\321\214/29-09-37.md"
[2026-06-25 19:13:54]  delete mode 100644 "Life/Temp/2037/\320\241\320\265\320\275\321\202\321\217\320\261\321\200\321\214/30-09-37.md"
[2026-06-25 19:13:54]  delete mode 100644 "Life/Temp/2037/\320\244\320\265\320\262\321\200\320\260\320\273\321\214/01-02-37.md"
[2026-06-25 19:13:54]  delete mode 100644 "Life/Temp/2037/\320\244\320\265\320\262\321\200\320\260\320\273\321\214/02-02-37.md"
[2026-06-25 19:13:54]  delete mode 100644 "Life/Temp/2037/\320\244\320\265\320\262\321\200\320\260\320\273\321\214/03-02-37.md"
[2026-06-25 19:13:54]  delete mode 100644 "Life/Temp/2037/\320\244\320\265\320\262\321\200\320\260\320\273\321\214/04-02-37.md"
[2026-06-25 19:13:54]  delete mode 100644 "Life/Temp/2037/\320\244\320\265\320\262\321\200\320\260\320\273\321\214/05-02-37.md"
[2026-06-25 19:13:54]  delete mode 100644 "Life/Temp/2037/\320\244\320\265\320\262\321\200\320\260\320\273\321\214/06-02-37.md"
[2026-06-25 19:13:54]  delete mode 100644 "Life/Temp/2037/\320\244\320\265\320\262\321\200\320\260\320\273\321\214/07-02-37.md"
[2026-06-25 19:13:54]  delete mode 100644 "Life/Temp/2037/\320\244\320\265\320\262\321\200\320\260\320\273\321\214/08-02-37.md"
[2026-06-25 19:13:54]  delete mode 100644 "Life/Temp/2037/\320\244\320\265\320\262\321\200\320\260\320\273\321\214/09-02-37.md"
[2026-06-25 19:13:54]  delete mode 100644 "Life/Temp/2037/\320\244\320\265\320\262\321\200\320\260\320\273\321\214/10-02-37.md"
[2026-06-25 19:13:54]  delete mode 100644 "Life/Temp/2037/\320\244\320\265\320\262\321\200\320\260\320\273\321\214/11-02-37.md"
[2026-06-25 19:13:54]  delete mode 100644 "Life/Temp/2037/\320\244\320\265\320\262\321\200\320\260\320\273\321\214/12-02-37.md"
[2026-06-25 19:13:54]  delete mode 100644 "Life/Temp/2037/\320\244\320\265\320\262\321\200\320\260\320\273\321\214/13-02-37.md"
[2026-06-25 19:13:54]  delete mode 100644 "Life/Temp/2037/\320\244\320\265\320\262\321\200\320\260\320\273\321\214/14-02-37.md"
[2026-06-25 19:13:54]  delete mode 100644 "Life/Temp/2037/\320\244\320\265\320\262\321\200\320\260\320\273\321\214/15-02-37.md"
[2026-06-25 19:13:54]  delete mode 100644 "Life/Temp/2037/\320\244\320\265\320\262\321\200\320\260\320\273\321\214/16-02-37.md"
[2026-06-25 19:13:54]  delete mode 100644 "Life/Temp/2037/\320\244\320\265\320\262\321\200\320\260\320\273\321\214/17-02-37.md"
[2026-06-25 19:13:54]  delete mode 100644 "Life/Temp/2037/\320\244\320\265\320\262\321\200\320\260\320\273\321\214/18-02-37.md"
[2026-06-25 19:13:54]  delete mode 100644 "Life/Temp/2037/\320\244\320\265\320\262\321\200\320\260\320\273\321\214/19-02-37.md"
[2026-06-25 19:13:54]  delete mode 100644 "Life/Temp/2037/\320\244\320\265\320\262\321\200\320\260\320\273\321\214/20-02-37.md"
[2026-06-25 19:13:54]  delete mode 100644 "Life/Temp/2037/\320\244\320\265\320\262\321\200\320\260\320\273\321\214/21-02-37.md"
[2026-06-25 19:13:54]  delete mode 100644 "Life/Temp/2037/\320\244\320\265\320\262\321\200\320\260\320\273\321\214/22-02-37.md"
[2026-06-25 19:13:54]  delete mode 100644 "Life/Temp/2037/\320\244\320\265\320\262\321\200\320\260\320\273\321\214/23-02-37.md"
[2026-06-25 19:13:54]  delete mode 100644 "Life/Temp/2037/\320\244\320\265\320\262\321\200\320\260\320\273\321\214/24-02-37.md"
[2026-06-25 19:13:54]  delete mode 100644 "Life/Temp/2037/\320\244\320\265\320\262\321\200\320\260\320\273\321\214/25-02-37.md"
[2026-06-25 19:13:54]  delete mode 100644 "Life/Temp/2037/\320\244\320\265\320\262\321\200\320\260\320\273\321\214/26-02-37.md"
[2026-06-25 19:13:54]  delete mode 100644 "Life/Temp/2037/\320\244\320\265\320\262\321\200\320\260\320\273\321\214/27-02-37.md"
[2026-06-25 19:13:54]  delete mode 100644 "Life/Temp/2037/\320\244\320\265\320\262\321\200\320\260\320\273\321\214/28-02-37.md"
[2026-06-25 19:13:54]  delete mode 100644 "Life/Temp/2037/\320\257\320\275\320\262\320\260\321\200\321\214/01-01-37.md"
[2026-06-25 19:13:54]  delete mode 100644 "Life/Temp/2037/\320\257\320\275\320\262\320\260\321\200\321\214/02-01-37.md"
[2026-06-25 19:13:54]  delete mode 100644 "Life/Temp/2037/\320\257\320\275\320\262\320\260\321\200\321\214/03-01-37.md"
[2026-06-25 19:13:54]  delete mode 100644 "Life/Temp/2037/\320\257\320\275\320\262\320\260\321\200\321\214/04-01-37.md"
[2026-06-25 19:13:54]  delete mode 100644 "Life/Temp/2037/\320\257\320\275\320\262\320\260\321\200\321\214/05-01-37.md"
[2026-06-25 19:13:54]  delete mode 100644 "Life/Temp/2037/\320\257\320\275\320\262\320\260\321\200\321\214/06-01-37.md"
[2026-06-25 19:13:54]  delete mode 100644 "Life/Temp/2037/\320\257\320\275\320\262\320\260\321\200\321\214/07-01-37.md"
[2026-06-25 19:13:54]  delete mode 100644 "Life/Temp/2037/\320\257\320\275\320\262\320\260\321\200\321\214/08-01-37.md"
[2026-06-25 19:13:54]  delete mode 100644 "Life/Temp/2037/\320\257\320\275\320\262\320\260\321\200\321\214/09-01-37.md"
[2026-06-25 19:13:54]  delete mode 100644 "Life/Temp/2037/\320\257\320\275\320\262\320\260\321\200\321\214/10-01-37.md"
[2026-06-25 19:13:54]  delete mode 100644 "Life/Temp/2037/\320\257\320\275\320\262\320\260\321\200\321\214/11-01-37.md"
[2026-06-25 19:13:54]  delete mode 100644 "Life/Temp/2037/\320\257\320\275\320\262\320\260\321\200\321\214/12-01-37.md"
[2026-06-25 19:13:54]  delete mode 100644 "Life/Temp/2037/\320\257\320\275\320\262\320\260\321\200\321\214/13-01-37.md"
[2026-06-25 19:13:54]  delete mode 100644 "Life/Temp/2037/\320\257\320\275\320\262\320\260\321\200\321\214/14-01-37.md"
[2026-06-25 19:13:54]  delete mode 100644 "Life/Temp/2037/\320\257\320\275\320\262\320\260\321\200\321\214/15-01-37.md"
[2026-06-25 19:13:54]  delete mode 100644 "Life/Temp/2037/\320\257\320\275\320\262\320\260\321\200\321\214/16-01-37.md"
[2026-06-25 19:13:54]  delete mode 100644 "Life/Temp/2037/\320\257\320\275\320\262\320\260\321\200\321\214/17-01-37.md"
[2026-06-25 19:13:54]  delete mode 100644 "Life/Temp/2037/\320\257\320\275\320\262\320\260\321\200\321\214/18-01-37.md"
[2026-06-25 19:13:54]  delete mode 100644 "Life/Temp/2037/\320\257\320\275\320\262\320\260\321\200\321\214/19-01-37.md"
[2026-06-25 19:13:54]  delete mode 100644 "Life/Temp/2037/\320\257\320\275\320\262\320\260\321\200\321\214/20-01-37.md"
[2026-06-25 19:13:54]  delete mode 100644 "Life/Temp/2037/\320\257\320\275\320\262\320\260\321\200\321\214/21-01-37.md"
[2026-06-25 19:13:54]  delete mode 100644 "Life/Temp/2037/\320\257\320\275\320\262\320\260\321\200\321\214/22-01-37.md"
[2026-06-25 19:13:54]  delete mode 100644 "Life/Temp/2037/\320\257\320\275\320\262\320\260\321\200\321\214/23-01-37.md"
[2026-06-25 19:13:54]  delete mode 100644 "Life/Temp/2037/\320\257\320\275\320\262\320\260\321\200\321\214/24-01-37.md"
[2026-06-25 19:13:54]  delete mode 100644 "Life/Temp/2037/\320\257\320\275\320\262\320\260\321\200\321\214/25-01-37.md"
[2026-06-25 19:13:54]  delete mode 100644 "Life/Temp/2037/\320\257\320\275\320\262\320\260\321\200\321\214/26-01-37.md"
[2026-06-25 19:13:54]  delete mode 100644 "Life/Temp/2037/\320\257\320\275\320\262\320\260\321\200\321\214/27-01-37.md"
[2026-06-25 19:13:54]  delete mode 100644 "Life/Temp/2037/\320\257\320\275\320\262\320\260\321\200\321\214/28-01-37.md"
[2026-06-25 19:13:54]  delete mode 100644 "Life/Temp/2037/\320\257\320\275\320\262\320\260\321\200\321\214/29-01-37.md"
[2026-06-25 19:13:54]  delete mode 100644 "Life/Temp/2037/\320\257\320\275\320\262\320\260\321\200\321\214/30-01-37.md"
[2026-06-25 19:13:54]  delete mode 100644 "Life/Temp/2037/\320\257\320\275\320\262\320\260\321\200\321\214/31-01-37.md"
[2026-06-25 19:13:54]  delete mode 100644 "Life/\320\222\320\265\321\207\320\275\320\276 \320\227\320\265\320\273\320\265\320\275\320\275\321\213\320\265 \320\264\320\265\321\201\321\202\320\262\320\270\321\217/.obsidian/app.json"
[2026-06-25 19:13:54]  delete mode 100644 "Life/\320\222\320\265\321\207\320\275\320\276 \320\227\320\265\320\273\320\265\320\275\320\275\321\213\320\265 \320\264\320\265\321\201\321\202\320\262\320\270\321\217/.obsidian/appearance.json"
[2026-06-25 19:13:54]  delete mode 100644 "Life/\320\222\320\265\321\207\320\275\320\276 \320\227\320\265\320\273\320\265\320\275\320\275\321\213\320\265 \320\264\320\265\321\201\321\202\320\262\320\270\321\217/.obsidian/core-plugins.json"
[2026-06-25 19:13:54]  delete mode 100644 "Life/\320\222\320\265\321\207\320\275\320\276 \320\227\320\265\320\273\320\265\320\275\320\275\321\213\320\265 \320\264\320\265\321\201\321\202\320\262\320\270\321\217/.obsidian/graph.json"
[2026-06-25 19:13:54]  delete mode 100644 "Life/\320\222\320\265\321\207\320\275\320\276 \320\227\320\265\320\273\320\265\320\275\320\275\321\213\320\265 \320\264\320\265\321\201\321\202\320\262\320\270\321\217/.obsidian/workspace.json"
[2026-06-25 19:13:54]  delete mode 100644 "Life/\320\234\320\260\321\201\320\273\320\270\320\275\321\213/.obsidian/app.json"
[2026-06-25 19:13:54]  delete mode 100644 "Life/\320\234\320\260\321\201\320\273\320\270\320\275\321\213/.obsidian/appearance.json"
[2026-06-25 19:13:54]  delete mode 100644 "Life/\320\234\320\260\321\201\320\273\320\270\320\275\321\213/.obsidian/community-plugins.json"
[2026-06-25 19:13:54]  delete mode 100644 "Life/\320\234\320\260\321\201\320\273\320\270\320\275\321\213/.obsidian/core-plugins.json"
[2026-06-25 19:13:54]  delete mode 100644 "Life/\320\234\320\260\321\201\320\273\320\270\320\275\321\213/.obsidian/graph.json"
[2026-06-25 19:13:54]  delete mode 100644 "Life/\320\234\320\260\321\201\320\273\320\270\320\275\321\213/.obsidian/plugins/obsidian-excalidraw-plugin/data.json"
[2026-06-25 19:13:54]  delete mode 100644 "Life/\320\234\320\260\321\201\320\273\320\270\320\275\321\213/.obsidian/plugins/obsidian-excalidraw-plugin/main.js"
[2026-06-25 19:13:54]  delete mode 100644 "Life/\320\234\320\260\321\201\320\273\320\270\320\275\321\213/.obsidian/plugins/obsidian-excalidraw-plugin/manifest.json"
[2026-06-25 19:13:54]  delete mode 100644 "Life/\320\234\320\260\321\201\320\273\320\270\320\275\321\213/.obsidian/plugins/obsidian-excalidraw-plugin/styles.css"
[2026-06-25 19:13:54]  delete mode 100644 "Life/\320\234\320\260\321\201\320\273\320\270\320\275\321\213/.obsidian/plugins/obsidian-kanban/main.js"
[2026-06-25 19:13:54]  delete mode 100644 "Life/\320\234\320\260\321\201\320\273\320\270\320\275\321\213/.obsidian/plugins/obsidian-kanban/manifest.json"
[2026-06-25 19:13:54]  delete mode 100644 "Life/\320\234\320\260\321\201\320\273\320\270\320\275\321\213/.obsidian/plugins/obsidian-kanban/styles.css"
[2026-06-25 19:13:54]  delete mode 100644 "Life/\320\234\320\260\321\201\320\273\320\270\320\275\321\213/.obsidian/plugins/obsidian-timeline/main.js"
[2026-06-25 19:13:54]  delete mode 100644 "Life/\320\234\320\260\321\201\320\273\320\270\320\275\321\213/.obsidian/plugins/obsidian-timeline/manifest.json"
[2026-06-25 19:13:54]  delete mode 100644 "Life/\320\234\320\260\321\201\320\273\320\270\320\275\321\213/.obsidian/plugins/obsidian-timeline/styles.css"
[2026-06-25 19:13:54]  delete mode 100644 "Life/\320\234\320\260\321\201\320\273\320\270\320\275\321\213/.obsidian/plugins/obsidianella-delink/main.js"
[2026-06-25 19:13:54]  delete mode 100644 "Life/\320\234\320\260\321\201\320\273\320\270\320\275\321\213/.obsidian/plugins/obsidianella-delink/manifest.json"
[2026-06-25 19:13:54]  delete mode 100644 "Life/\320\234\320\260\321\201\320\273\320\270\320\275\321\213/.obsidian/workspace.json"
[2026-06-25 19:13:54]  delete mode 100644 Technical/Docs/AutomationRoadmap.md
[2026-06-25 19:13:54]  delete mode 100644 Technical/Docs/DevOpsArchitecture.md
[2026-06-25 19:13:54]  delete mode 100644 Technical/Docs/GitAutomationMigration.md
[2026-06-25 19:13:54]  delete mode 100644 Technical/Docs/GovernanceRules.md
[2026-06-25 19:13:54]  delete mode 100644 Technical/Docs/GraphPlatform/SKill
[2026-06-25 19:13:54]  delete mode 100644 Technical/Docs/GraphPlatform/Technical/README.md
[2026-06-25 19:13:54]  delete mode 100644 Technical/Docs/GraphPlatform/Technical/v10-people-linking-data-pipeline.md
[2026-06-25 19:13:54] [main 4dc674dbae] Auto-commit: 2026-06-25 19:13:53
[2026-06-25 19:13:54]  delete mode 100644 Technical/Docs/GraphPlatform/Technical/v11-sustainable-people-engine.md
[2026-06-25 19:13:54]  15 files changed, 6208 insertions(+), 988 deletions(-)
[2026-06-25 19:13:54]  delete mode 100644 Technical/Docs/GraphPlatform/Technical/v12-personal-knowledge-graph-engine.md
[2026-06-25 19:13:54]  delete mode 100644 .gitattributes
[2026-06-25 19:13:54]  delete mode 100644 Technical/Docs/GraphPlatform/Technical/v13-trust-aware-storage-indexer.md
[2026-06-25 19:13:54]  delete mode 100644 .gitignore
[2026-06-25 19:13:54]  delete mode 100644 Technical/Docs/GraphPlatform/Technical/v14-incremental-graph-compiler.md
[2026-06-25 19:13:54]  delete mode 100644 .opencodeignore.txt
[2026-06-25 19:13:54]  delete mode 100644 Technical/Docs/GraphPlatform/Technical/v15-adaptive-parallel-index-compiler.md
[2026-06-25 19:13:54]  delete mode 100644 SECURITY.md
[2026-06-25 19:13:54]  delete mode 100644 Technical/Docs/GraphPlatform/Technical/v16-autonomous-graph-build-runtime.md
[2026-06-25 19:13:54]  create mode 100644 Technical/Scripts/Logs/daily-push.log
[2026-06-25 19:13:54]  delete mode 100644 Technical/Docs/GraphPlatform/Technical/v17-throughput-governor.md
[2026-06-25 19:13:54]  delete mode 100644 cycle-test-2-1455854710.txt
[2026-06-25 19:13:54]  delete mode 100644 Technical/Docs/GraphPlatform/Technical/v19-sla-aware-graph-execution-runtime.md
[2026-06-25 19:13:54]  delete mode 100644 full-cycle-test-838246683.txt
[2026-06-25 19:13:54]  delete mode 100644 Technical/Docs/GraphPlatform/Technical/v21-capacity-lease-runtime.md
[2026-06-25 19:13:54]  delete mode 100644 opencode.json.txt
[2026-06-25 19:13:54]  delete mode 100644 Technical/Docs/GraphPlatform/Technical/v6-backlog.md
[2026-06-25 19:13:54]  delete mode 100644 rebuild_mocs.py
[2026-06-25 19:13:54]  delete mode 100644 Technical/Docs/GraphPlatform/Technical/v7-visual-storage-plan.md
[2026-06-25 19:13:54]  delete mode 100644 temp_issue_body.md
[2026-06-25 19:13:54]  delete mode 100644 Technical/Docs/GraphPlatform/Technical/v8-complex-graph-systems-plan.md
[2026-06-25 19:13:54]  delete mode 100644 test-cycle-1863673367.txt
[2026-06-25 19:13:54]  delete mode 100644 Technical/Docs/GraphPlatform/Technical/v9-critical-path-graph-platform.md
[2026-06-25 19:13:54]  delete mode 100644 test-cycle2-384914584.txt
[2026-06-25 19:13:54]  delete mode 100644 Technical/Docs/GraphPlatform/bugs.md
[2026-06-25 19:13:54]  delete mode 100644 update_developer_issue_plans.ps1
[2026-06-25 19:13:54]  delete mode 100644 Technical/Docs/GraphPlatform/execution-log.md
[2026-06-25 19:13:54]  delete mode 100644 "\320\223\321\200\320\260\321\204\321\213.md"
